wave,Es
351,0.43348
361,0.43439
385,0.47793
413,0.92794
425,0.93371
442,1.0603
460,1.1661
475,1.1853
490,1.1524
510,1.1682
532,1.1506
555,1.1472
583,1.1366
618,1.0676
640,1.0623
655,0.96797
665,1.0384
678,1.0291
711,0.96479
