Original_Index,STATIONID,CRUISEID,Loc_date,DECSLAT,DECELAT,DECSLON,DECELON,Latitude,Longitude,DEPTH_SSTA,WIND_SPD,WIND_DIR,MIN_FISH,TOT_LIVE,FIN_CATCH,CRUS_CATCH,OTHR_CATCH,CLD_COVER,SECCHI_DSK,WECOLOR,DEPTH_EMID,DEPTH_EMAX,DEPTH_EWTR,TEMPSURF,TEMPMID,TEMPMAX,SALSURF,SALMID,SALMAX,CHLORSURF,CHLORMID,CHLORMAX,OXYSURF,OXYMID,OXYMAX,TURBSURF,TURBMID,TURBMAX,AVW,Rrs_346,Rrs_348,Rrs_351,Rrs_353,Rrs_356,Rrs_358,Rrs_361,Rrs_363,Rrs_366,Rrs_368,Rrs_371,Rrs_373,Rrs_375,Rrs_378,Rrs_380,Rrs_383,Rrs_385,Rrs_388,Rrs_390,Rrs_393,Rrs_395,Rrs_398,Rrs_400,Rrs_403,Rrs_405,Rrs_408,Rrs_410,Rrs_413,Rrs_415,Rrs_418,Rrs_420,Rrs_422,Rrs_425,Rrs_427,Rrs_430,Rrs_432,Rrs_435,Rrs_437,Rrs_440,Rrs_442,Rrs_445,Rrs_447,Rrs_450,Rrs_452,Rrs_455,Rrs_457,Rrs_460,Rrs_462,Rrs_465,Rrs_467,Rrs_470,Rrs_472,Rrs_475,Rrs_477,Rrs_480,Rrs_482,Rrs_485,Rrs_487,Rrs_490,Rrs_492,Rrs_495,Rrs_497,Rrs_500,Rrs_502,Rrs_505,Rrs_507,Rrs_510,Rrs_512,Rrs_515,Rrs_517,Rrs_520,Rrs_522,Rrs_525,Rrs_527,Rrs_530,Rrs_532,Rrs_535,Rrs_537,Rrs_540,Rrs_542,Rrs_545,Rrs_547,Rrs_550,Rrs_553,Rrs_555,Rrs_558,Rrs_560,Rrs_563,Rrs_565,Rrs_568,Rrs_570,Rrs_573,Rrs_575,Rrs_578,Rrs_580,Rrs_583,Rrs_586,Rrs_588,Rrs_613,Rrs_615,Rrs_618,Rrs_620,Rrs_623,Rrs_625,Rrs_627,Rrs_630,Rrs_632,Rrs_635,Rrs_637,Rrs_640,Rrs_641,Rrs_642,Rrs_643,Rrs_645,Rrs_646,Rrs_647,Rrs_648,Rrs_650,Rrs_651,Rrs_652,Rrs_653,Rrs_655,Rrs_656,Rrs_657,Rrs_658,Rrs_660,Rrs_661,Rrs_662,Rrs_663,Rrs_665,Rrs_666,Rrs_667,Rrs_668,Rrs_670,Rrs_671,Rrs_672,Rrs_673,Rrs_675,Rrs_676,Rrs_677,Rrs_678,Rrs_679,Rrs_681,Rrs_682,Rrs_683,Rrs_684,Rrs_686,Rrs_687,Rrs_688,Rrs_689,Rrs_691,Rrs_692,Rrs_693,Rrs_694,Rrs_696,Rrs_697,Rrs_698,Rrs_699,Rrs_701,Rrs_702,Rrs_703,Rrs_704,Rrs_706,Rrs_707,Rrs_708,Rrs_709,Rrs_711,Rrs_712,Rrs_713,Rrs_714,Rrs_717,Rrs_719
0,235611,1139,2024-06-13,27.378,27.389,-82.725,-82.75,27.3835,-82.7375,11.0,6.0,217.0,30.0,173.1,,,,75.0,,,4.0,7.0,,30.15,30.15,30.18,35.7,35.7,35.72,,,,5.5,5.6,5.5,,,,,,,,,,,,,,,,,,,,,,,,,,,,,,,,,,,,,,,,,,,,,,,,,,,,,,,,,,,,,,,,,,,,,,,,,,,,,,,,,,,,,,,,,,,,,,,,,,,,,,,,,,,,,,,,,,,,,,,,,,,,,,,,,,,,,,,,,,,,,,,,,,,,,,,,,,,,,,,,,,,,,,,,,,,,,,,,
1,235612,1139,2024-06-14,27.115,27.123,-82.725,-82.7,27.119,-82.7125,20.1,8.3,213.0,30.0,142.0,,,,50.0,,,8.5,16.0,,30.04,30.04,30.05,36.31,36.31,36.31,,,,5.7,5.8,5.7,,,,,,,,,,,,,,,,,,,,,,,,,,,,,,,,,,,,,,,,,,,,,,,,,,,,,,,,,,,,,,,,,,,,,,,,,,,,,,,,,,,,,,,,,,,,,,,,,,,,,,,,,,,,,,,,,,,,,,,,,,,,,,,,,,,,,,,,,,,,,,,,,,,,,,,,,,,,,,,,,,,,,,,,,,,,,,,,
2,235613,1139,2024-06-14,26.931,26.956,-82.819,-82.815,26.9435,-82.817,28.9,3.9,227.0,30.0,44.6,,,,,,,15.0,28.0,,29.3,29.3,29.31,36.45,36.45,36.46,,,,5.9,5.9,5.9,,,,,,,,,,,,,,,,,,,,,,,,,,,,,,,,,,,,,,,,,,,,,,,,,,,,,,,,,,,,,,,,,,,,,,,,,,,,,,,,,,,,,,,,,,,,,,,,,,,,,,,,,,,,,,,,,,,,,,,,,,,,,,,,,,,,,,,,,,,,,,,,,,,,,,,,,,,,,,,,,,,,,,,,,,,,,,,,
3,235614,1139,2024-06-14,26.7,26.675,-82.806,-82.807,26.6875,-82.8065,30.9,6.8,226.0,30.0,56.5,,,,,,,,,,,,,,,,,,,,,,,,,,,,,,,,,,,,,,,,,,,,,,,,,,,,,,,,,,,,,,,,,,,,,,,,,,,,,,,,,,,,,,,,,,,,,,,,,,,,,,,,,,,,,,,,,,,,,,,,,,,,,,,,,,,,,,,,,,,,,,,,,,,,,,,,,,,,,,,,,,,,,,,,,,,,,,,,,,,,,,,,,,,,,,,,,,,,,
4,235615,1139,2024-06-14,26.678,26.657,-82.637,-82.654,26.6675,-82.6455,25.2,6.8,226.0,30.0,193.7,,,,,,,13.0,25.0,,29.74,29.74,29.73,36.48,36.48,36.48,,,,5.8,5.8,5.7,,,,,,,,,,,,,,,,,,,,,,,,,,,,,,,,,,,,,,,,,,,,,,,,,,,,,,,,,,,,,,,,,,,,,,,,,,,,,,,,,,,,,,,,,,,,,,,,,,,,,,,,,,,,,,,,,,,,,,,,,,,,,,,,,,,,,,,,,,,,,,,,,,,,,,,,,,,,,,,,,,,,,,,,,,,,,,,,
5,235616,1139,2024-06-14,26.911,26.886,-82.671,-82.671,26.8985,-82.671,24.1,6.0,185.0,30.0,53.4,,,,50.0,7.0,,11.5,22.0,,29.87,29.76,29.75,36.39,36.41,36.42,,,,5.9,5.8,5.8,,,,,,,,,,,,,,,,,,,,,,,,,,,,,,,,,,,,,,,,,,,,,,,,,,,,,,,,,,,,,,,,,,,,,,,,,,,,,,,,,,,,,,,,,,,,,,,,,,,,,,,,,,,,,,,,,,,,,,,,,,,,,,,,,,,,,,,,,,,,,,,,,,,,,,,,,,,,,,,,,,,,,,,,,,,,,,,,
6,235617,1139,2024-06-14,26.908,26.885,-82.572,-82.56,26.8965,-82.566,19.9,3.6,143.0,30.0,239.0,,,,75.0,,,8.5,15.0,,30.43,29.9,29.87,36.12,36.12,36.13,,,,5.9,5.9,5.7,,,,,,,,,,,,,,,,,,,,,,,,,,,,,,,,,,,,,,,,,,,,,,,,,,,,,,,,,,,,,,,,,,,,,,,,,,,,,,,,,,,,,,,,,,,,,,,,,,,,,,,,,,,,,,,,,,,,,,,,,,,,,,,,,,,,,,,,,,,,,,,,,,,,,,,,,,,,,,,,,,,,,,,,,,,,,,,,
7,235618,1139,2024-06-14,26.886,26.899,-82.41,-82.434,26.8925,-82.422,10.8,8.1,197.0,30.0,58.1,,,,75.0,5.0,,4.5,7.0,,29.95,29.88,29.68,35.34,35.38,35.55,,,,6.1,6.1,6.1,,,,,,,,,,,,,,,,,,,,,,,,,,,,,,,,,,,,,,,,,,,,,,,,,,,,,,,,,,,,,,,,,,,,,,,,,,,,,,,,,,,,,,,,,,,,,,,,,,,,,,,,,,,,,,,,,,,,,,,,,,,,,,,,,,,,,,,,,,,,,,,,,,,,,,,,,,,,,,,,,,,,,,,,,,,,,,,,
8,235619,1139,2024-06-14,26.702,26.725,-82.459,-82.448,26.7135,-82.4535,18.7,12.7,207.0,30.0,39.5,,,,75.0,8.0,,7.5,14.0,,29.85,29.81,29.66,35.74,35.74,35.8,,,,6.0,5.9,5.6,,,,,,,,,,,,,,,,,,,,,,,,,,,,,,,,,,,,,,,,,,,,,,,,,,,,,,,,,,,,,,,,,,,,,,,,,,,,,,,,,,,,,,,,,,,,,,,,,,,,,,,,,,,,,,,,,,,,,,,,,,,,,,,,,,,,,,,,,,,,,,,,,,,,,,,,,,,,,,,,,,,,,,,,,,,,,,,,
9,235620,1139,2024-06-14,26.495,26.509,-82.289,-82.313,26.502,-82.301,11.5,12.9,196.0,30.0,72.8,,,,100.0,,,6.0,10.0,,29.62,29.63,29.63,35.48,35.48,35.48,,,,5.9,5.9,5.9,,,,,,,,,,,,,,,,,,,,,,,,,,,,,,,,,,,,,,,,,,,,,,,,,,,,,,,,,,,,,,,,,,,,,,,,,,,,,,,,,,,,,,,,,,,,,,,,,,,,,,,,,,,,,,,,,,,,,,,,,,,,,,,,,,,,,,,,,,,,,,,,,,,,,,,,,,,,,,,,,,,,,,,,,,,,,,,,
10,235621,1139,2024-06-15,26.367,26.382,-82.151,-82.173,26.3745,-82.162,9.9,6.0,195.0,30.0,79.1,,,,100.0,,,5.5,9.0,,29.41,29.41,29.41,35.05,35.05,35.05,,,,5.9,5.9,5.8,,,,,,,,,,,,,,,,,,,,,,,,,,,,,,,,,,,,,,,,,,,,,,,,,,,,,,,,,,,,,,,,,,,,,,,,,,,,,,,,,,,,,,,,,,,,,,,,,,,,,,,,,,,,,,,,,,,,,,,,,,,,,,,,,,,,,,,,,,,,,,,,,,,,,,,,,,,,,,,,,,,,,,,,,,,,,,,,
11,235622,1139,2024-06-15,26.083,26.084,-82.014,-82.042,26.0835,-82.028,14.1,7.4,275.0,30.0,54.5,,,,,,,7.0,13.0,,29.29,29.29,29.34,35.7,35.71,35.77,,,,5.6,5.6,5.5,,,,,,,,,,,,,,,,,,,,,,,,,,,,,,,,,,,,,,,,,,,,,,,,,,,,,,,,,,,,,,,,,,,,,,,,,,,,,,,,,,,,,,,,,,,,,,,,,,,,,,,,,,,,,,,,,,,,,,,,,,,,,,,,,,,,,,,,,,,,,,,,,,,,,,,,,,,,,,,,,,,,,,,,,,,,,,,,
12,235623,1139,2024-06-15,25.969,25.994,-82.031,-82.034,25.9815,-82.0325,17.2,4.1,179.0,30.0,41.1,,,,,,,8.0,15.0,,29.01,29.04,29.5,35.66,35.68,36.0,,,,5.9,5.5,5.2,,,,,,,,,,,,,,,,,,,,,,,,,,,,,,,,,,,,,,,,,,,,,,,,,,,,,,,,,,,,,,,,,,,,,,,,,,,,,,,,,,,,,,,,,,,,,,,,,,,,,,,,,,,,,,,,,,,,,,,,,,,,,,,,,,,,,,,,,,,,,,,,,,,,,,,,,,,,,,,,,,,,,,,,,,,,,,,,
13,235624,1139,2024-06-15,25.839,25.864,-82.129,-82.128,25.8515,-82.1285,20.8,8.2,107.0,30.0,49.3,,,,,,,10.5,19.0,,29.2,29.22,29.22,36.2,36.2,36.2,,,,5.7,5.7,5.7,,,,,,,,,,,,,,,,,,,,,,,,,,,,,,,,,,,,,,,,,,,,,,,,,,,,,,,,,,,,,,,,,,,,,,,,,,,,,,,,,,,,,,,,,,,,,,,,,,,,,,,,,,,,,,,,,,,,,,,,,,,,,,,,,,,,,,,,,,,,,,,,,,,,,,,,,,,,,,,,,,,,,,,,,,,,,,,,
14,235625,1139,2024-06-15,25.974,25.994,-82.424,-82.44,25.984,-82.432,28.7,11.5,143.0,30.0,393.3,,,,100.0,11.0,,13.0,24.0,,29.1,29.12,29.11,36.34,36.34,36.34,,,,5.8,5.9,5.9,,,,,,,,,,,,,,,,,,,,,,,,,,,,,,,,,,,,,,,,,,,,,,,,,,,,,,,,,,,,,,,,,,,,,,,,,,,,,,,,,,,,,,,,,,,,,,,,,,,,,,,,,,,,,,,,,,,,,,,,,,,,,,,,,,,,,,,,,,,,,,,,,,,,,,,,,,,,,,,,,,,,,,,,,,,,,,,,
15,235626,1139,2024-06-15,26.275,26.3,-82.546,-82.552,26.2875,-82.549,25.4,6.1,187.0,30.0,133.1,,,,100.0,19.0,,13.0,23.0,,29.44,29.38,29.38,36.34,36.35,36.35,,,,5.9,5.9,5.8,,,,,,,,,,,,,,,,,,,,,,,,,,,,,,,,,,,,,,,,,,,,,,,,,,,,,,,,,,,,,,,,,,,,,,,,,,,,,,,,,,,,,,,,,,,,,,,,,,,,,,,,,,,,,,,,,,,,,,,,,,,,,,,,,,,,,,,,,,,,,,,,,,,,,,,,,,,,,,,,,,,,,,,,,,,,,,,,
16,235627,1139,2024-06-15,26.313,26.337,-82.807,-82.8,26.325,-82.8035,33.3,13.2,225.0,30.0,,,,,,,,,,,,,,,,,,,,,,,,,,,,,,,,,,,,,,,,,,,,,,,,,,,,,,,,,,,,,,,,,,,,,,,,,,,,,,,,,,,,,,,,,,,,,,,,,,,,,,,,,,,,,,,,,,,,,,,,,,,,,,,,,,,,,,,,,,,,,,,,,,,,,,,,,,,,,,,,,,,,,,,,,,,,,,,,,,,,,,,,,,,,,,,,,,,,,,
17,235628,1139,2024-06-15,26.244,26.268,-82.97,-82.967,26.256,-82.9685,41.0,9.4,143.0,30.0,72.5,,,,100.0,22.0,,21.0,39.0,,28.82,28.66,26.28,36.33,36.4,36.47,,,,6.0,6.1,6.2,,,,,,,,,,,,,,,,,,,,,,,,,,,,,,,,,,,,,,,,,,,,,,,,,,,,,,,,,,,,,,,,,,,,,,,,,,,,,,,,,,,,,,,,,,,,,,,,,,,,,,,,,,,,,,,,,,,,,,,,,,,,,,,,,,,,,,,,,,,,,,,,,,,,,,,,,,,,,,,,,,,,,,,,,,,,,,,,
18,235629,1139,2024-06-16,26.294,26.299,-83.085,-83.112,26.2965,-83.0985,46.6,7.3,152.0,30.0,380.2,,,,100.0,,,22.5,43.0,,28.71,27.02,25.8,36.3,36.55,36.48,,,,6.0,6.5,6.3,,,,,,,,,,,,,,,,,,,,,,,,,,,,,,,,,,,,,,,,,,,,,,,,,,,,,,,,,,,,,,,,,,,,,,,,,,,,,,,,,,,,,,,,,,,,,,,,,,,,,,,,,,,,,,,,,,,,,,,,,,,,,,,,,,,,,,,,,,,,,,,,,,,,,,,,,,,,,,,,,,,,,,,,,,,,,,,,
19,235630,1139,2024-06-16,26.023,26.044,-83.216,-83.231,26.0335,-83.2235,53.0,14.8,130.0,30.0,25.1,,,,100.0,,,26.5,51.0,,28.89,25.68,24.82,36.44,36.5,36.46,,,,5.9,6.7,6.9,,,,,,,,,,,,,,,,,,,,,,,,,,,,,,,,,,,,,,,,,,,,,,,,,,,,,,,,,,,,,,,,,,,,,,,,,,,,,,,,,,,,,,,,,,,,,,,,,,,,,,,,,,,,,,,,,,,,,,,,,,,,,,,,,,,,,,,,,,,,,,,,,,,,,,,,,,,,,,,,,,,,,,,,,,,,,,,,
20,235631,1139,2024-06-16,25.661,25.684,-83.083,-83.093,25.6725,-83.088,55.4,12.2,102.0,30.0,134.5,,,,,,,28.0,55.0,,28.49,28.29,24.95,36.45,36.46,36.46,,,,5.9,6.1,6.6,,,,,,,,,,,,,,,,,,,,,,,,,,,,,,,,,,,,,,,,,,,,,,,,,,,,,,,,,,,,,,,,,,,,,,,,,,,,,,,,,,,,,,,,,,,,,,,,,,,,,,,,,,,,,,,,,,,,,,,,,,,,,,,,,,,,,,,,,,,,,,,,,,,,,,,,,,,,,,,,,,,,,,,,,,,,,,,,
21,235632,1139,2024-06-16,25.295,25.302,-83.034,-83.06,25.2985,-83.047,56.1,9.9,409.0,30.0,90.1,,,,100.0,24.0,,29.5,57.0,,28.51,27.31,24.63,36.19,36.49,36.46,,,,5.9,6.3,6.1,,,,,,,,,,,,,,,,,,,,,,,,,,,,,,,,,,,,,,,,,,,,,,,,,,,,,,,,,,,,,,,,,,,,,,,,,,,,,,,,,,,,,,,,,,,,,,,,,,,,,,,,,,,,,,,,,,,,,,,,,,,,,,,,,,,,,,,,,,,,,,,,,,,,,,,,,,,,,,,,,,,,,,,,,,,,,,,,
22,235633,1139,2024-06-16,25.178,25.183,-83.0,-83.027,25.1805,-83.0135,54.3,13.0,87.0,30.0,60.2,,,,100.0,22.0,,29.0,55.0,,28.38,27.66,24.89,36.02,36.46,36.46,,,,5.9,6.2,6.4,,,,,,,,,,,,,,,,,,,,,,,,,,,,,,,,,,,,,,,,,,,,,,,,,,,,,,,,,,,,,,,,,,,,,,,,,,,,,,,,,,,,,,,,,,,,,,,,,,,,,,,,,,,,,,,,,,,,,,,,,,,,,,,,,,,,,,,,,,,,,,,,,,,,,,,,,,,,,,,,,,,,,,,,,,,,,,,,
23,235634,1139,2024-06-16,25.168,25.154,-82.792,-82.814,25.161,-82.803,45.0,13.4,96.0,30.0,84.8,,,,100.0,27.0,,19.5,36.0,,28.3,28.29,26.5,36.0,36.33,36.51,,,,6.0,6.1,6.1,,,,,,,,,,,,,,,,,,,,,,,,,,,,,,,,,,,,,,,,,,,,,,,,,,,,,,,,,,,,,,,,,,,,,,,,,,,,,,,,,,,,,,,,,,,,,,,,,,,,,,,,,,,,,,,,,,,,,,,,,,,,,,,,,,,,,,,,,,,,,,,,,,,,,,,,,,,,,,,,,,,,,,,,,,,,,,,,
24,235635,1139,2024-06-16,25.228,25.233,-82.696,-82.723,25.2305,-82.7095,41.3,13.1,102.0,30.0,60.4,,,,75.0,25.0,,19.5,35.0,,28.29,28.26,27.16,36.01,36.13,36.53,,,,6.0,6.0,6.0,,,,,,,,,,,,,,,,,,,,,,,,,,,,,,,,,,,,,,,,,,,,,,,,,,,,,,,,,,,,,,,,,,,,,,,,,,,,,,,,,,,,,,,,,,,,,,,,,,,,,,,,,,,,,,,,,,,,,,,,,,,,,,,,,,,,,,,,,,,,,,,,,,,,,,,,,,,,,,,,,,,,,,,,,,,,,,,,
25,235636,1139,2024-06-16,25.302,25.316,-82.511,-82.534,25.309,-82.5225,33.5,14.4,122.0,30.0,87.5,,,,50.0,21.0,,16.5,30.0,,28.75,28.69,28.4,36.25,36.25,36.58,,,,5.9,6.0,5.8,,,,,,,,,,,,,,,,,,,,,,,,,,,,,,,,,,,,,,,,,,,,,,,,,,,,,,,,,,,,,,,,,,,,,,,,,,,,,,,,,,,,,,,,,,,,,,,,,,,,,,,,,,,,,,,,,,,,,,,,,,,,,,,,,,,,,,,,,,,,,,,,,,,,,,,,,,,,,,,,,,,,,,,,,,,,,,,,
26,235637,1139,2024-06-17,25.386,25.407,-82.281,-82.267,25.3965,-82.274,25.6,15.0,130.0,30.0,88.9,,,,75.0,,,13.5,24.0,,29.05,29.06,29.06,36.31,36.31,36.33,,,,5.9,6.0,5.9,,,,,,,,,,,,,,,,,,,,,,,,,,,,,,,,,,,,,,,,,,,,,,,,,,,,,,,,,,,,,,,,,,,,,,,,,,,,,,,,,,,,,,,,,,,,,,,,,,,,,,,,,,,,,,,,,,,,,,,,,,,,,,,,,,,,,,,,,,,,,,,,,,,,,,,,,,,,,,,,,,,,,,,,,,,,,,,,
27,235638,1139,2024-06-17,25.341,25.329,-82.104,-82.128,25.335,-82.116,21.9,11.7,104.0,30.0,77.8,,,,50.0,,,11.5,20.0,,29.08,29.08,29.09,36.45,36.45,36.45,,,,5.9,5.9,6.0,,,,,,,,,,,,,,,,,,,,,,,,,,,,,,,,,,,,,,,,,,,,,,,,,,,,,,,,,,,,,,,,,,,,,,,,,,,,,,,,,,,,,,,,,,,,,,,,,,,,,,,,,,,,,,,,,,,,,,,,,,,,,,,,,,,,,,,,,,,,,,,,,,,,,,,,,,,,,,,,,,,,,,,,,,,,,,,,
28,235639,1139,2024-06-17,25.259,25.261,-81.967,-81.995,25.26,-81.981,20.1,14.9,285.0,30.0,179.1,,,,,,,9.5,18.0,,29.1,29.11,29.11,36.34,36.34,36.34,,,,5.9,5.9,6.0,,,,,,,,,,,,,,,,,,,,,,,,,,,,,,,,,,,,,,,,,,,,,,,,,,,,,,,,,,,,,,,,,,,,,,,,,,,,,,,,,,,,,,,,,,,,,,,,,,,,,,,,,,,,,,,,,,,,,,,,,,,,,,,,,,,,,,,,,,,,,,,,,,,,,,,,,,,,,,,,,,,,,,,,,,,,,,,,
29,235640,1139,2024-06-17,25.214,25.214,-81.883,-81.91,25.214,-81.8965,17.9,9.7,83.0,30.0,213.0,,,,,,,10.0,17.0,,29.27,29.28,29.28,36.53,36.53,36.53,,,,5.6,5.6,5.6,,,,,,,,,,,,,,,,,,,,,,,,,,,,,,,,,,,,,,,,,,,,,,,,,,,,,,,,,,,,,,,,,,,,,,,,,,,,,,,,,,,,,,,,,,,,,,,,,,,,,,,,,,,,,,,,,,,,,,,,,,,,,,,,,,,,,,,,,,,,,,,,,,,,,,,,,,,,,,,,,,,,,,,,,,,,,,,,
30,235641,1139,2024-06-17,25.344,25.319,-81.903,-81.903,25.3315,-81.903,18.5,10.9,76.0,30.0,264.2,,,,,,,9.5,17.0,,29.17,29.18,29.18,36.4,36.4,36.4,,,,5.8,5.7,5.7,,,,,,,,,,,,,,,,,,,,,,,,,,,,,,,,,,,,,,,,,,,,,,,,,,,,,,,,,,,,,,,,,,,,,,,,,,,,,,,,,,,,,,,,,,,,,,,,,,,,,,,,,,,,,,,,,,,,,,,,,,,,,,,,,,,,,,,,,,,,,,,,,,,,,,,,,,,,,,,,,,,,,,,,,,,,,,,,
31,235642,1139,2024-06-17,25.482,25.48,-81.939,-81.966,25.481,-81.9525,18.5,15.8,270.0,30.0,48.9,,,,100.0,7.0,,9.5,17.0,,29.13,29.14,29.14,36.35,36.35,36.35,,,,5.9,5.9,5.9,,,,,,,,,,,,,,,,,,,,,,,,,,,,,,,,,,,,,,,,,,,,,,,,,,,,,,,,,,,,,,,,,,,,,,,,,,,,,,,,,,,,,,,,,,,,,,,,,,,,,,,,,,,,,,,,,,,,,,,,,,,,,,,,,,,,,,,,,,,,,,,,,,,,,,,,,,,,,,,,,,,,,,,,,,,,,,,,
32,235643,1139,2024-06-17,25.482,25.46,-81.646,-81.66,25.471,-81.653,12.4,12.0,88.0,30.0,187.4,,,,75.0,9.0,,6.5,11.0,,29.29,29.25,29.24,36.46,36.46,36.46,,,,5.8,5.7,5.7,,,,,,,,,,,,,,,,,,,,,,,,,,,,,,,,,,,,,,,,,,,,,,,,,,,,,,,,,,,,,,,,,,,,,,,,,,,,,,,,,,,,,,,,,,,,,,,,,,,,,,,,,,,,,,,,,,,,,,,,,,,,,,,,,,,,,,,,,,,,,,,,,,,,,,,,,,,,,,,,,,,,,,,,,,,,,,,,
33,235644,1139,2024-06-17,25.241,25.234,-81.611,-81.638,25.2375,-81.6245,12.1,10.0,76.0,30.0,234.9,,,,75.0,9.0,,6.5,11.0,,29.46,29.44,29.45,36.7,36.7,36.7,,,,5.8,5.8,5.8,,,,,,,,,,,,,,,,,,,,,,,,,,,,,,,,,,,,,,,,,,,,,,,,,,,,,,,,,,,,,,,,,,,,,,,,,,,,,,,,,,,,,,,,,,,,,,,,,,,,,,,,,,,,,,,,,,,,,,,,,,,,,,,,,,,,,,,,,,,,,,,,,,,,,,,,,,,,,,,,,,,,,,,,,,,,,,,,
34,235645,1139,2024-06-17,25.021,25.021,-81.754,-81.782,25.021,-81.768,14.4,11.7,88.0,30.0,11.1,,,,100.0,6.0,,8.5,14.0,,29.54,29.53,29.53,36.7,36.7,36.7,,,,5.8,5.8,5.8,,,,,,,,,,,,,,,,,,,,,,,,,,,,,,,,,,,,,,,,,,,,,,,,,,,,,,,,,,,,,,,,,,,,,,,,,,,,,,,,,,,,,,,,,,,,,,,,,,,,,,,,,,,,,,,,,,,,,,,,,,,,,,,,,,,,,,,,,,,,,,,,,,,,,,,,,,,,,,,,,,,,,,,,,,,,,,,,
35,235646,1139,2024-06-17,25.003,25.005,-81.948,-81.976,25.004,-81.962,19.0,,,30.0,,,,,,,,,,,,,,,,,,,,,,,,,,,,,,,,,,,,,,,,,,,,,,,,,,,,,,,,,,,,,,,,,,,,,,,,,,,,,,,,,,,,,,,,,,,,,,,,,,,,,,,,,,,,,,,,,,,,,,,,,,,,,,,,,,,,,,,,,,,,,,,,,,,,,,,,,,,,,,,,,,,,,,,,,,,,,,,,,,,,,,,,,,,,,,,,,,,,,,
36,235647,1140,2024-07-26,29.845,29.87,-87.479,-87.479,29.8575,-87.479,33.1,8.7,115.0,30.0,1.9,,,,50.0,18.0,,16.5,31.0,,30.9,29.4,26.4,30.65,35.03,36.51,,,,6.7,6.4,5.7,,,,,,,,,,,,,,,,,,,,,,,,,,,,,,,,,,,,,,,,,,,,,,,,,,,,,,,,,,,,,,,,,,,,,,,,,,,,,,,,,,,,,,,,,,,,,,,,,,,,,,,,,,,,,,,,,,,,,,,,,,,,,,,,,,,,,,,,,,,,,,,,,,,,,,,,,,,,,,,,,,,,,,,,,,,,,,,,
37,235648,1140,2024-07-27,26.476,26.455,-83.771,-83.757,26.4655,-83.764,78.8,0.6,347.0,30.0,48.8,,,,25.0,29.0,,39.0,77.0,,31.2,28.0,21.0,37.2,37.2,37.3,,,,6.5,6.8,6.6,,,,457.48886184930234,0.013255666941404343,0.013617667369544506,0.013808335177600384,0.013937332667410374,0.014199666678905487,0.014552667737007141,0.014671668410301208,0.014873333275318146,0.01502766739577055,0.015026666224002838,0.015044000931084156,0.015278332866728306,0.015447334386408329,0.015219668857753277,0.015177001245319843,0.015646332874894142,0.0158903356641531,0.01568666845560074,0.01551200170069933,0.01562666706740856,0.015857333317399025,0.01564766652882099,0.015138003043830395,0.014761999249458313,0.014631666243076324,0.014449000358581543,0.01423166785389185,0.014081668108701706,0.013911668211221695,0.013751334510743618,0.013541999273002148,0.0133010009303689,0.013043333776295185,0.012903000228106976,0.012812669388949871,0.012529999949038029,0.01213733572512865,0.01181066781282425,0.011491000652313232,0.011128667742013931,0.010751001536846161,0.010340334847569466,0.009931334294378757,0.009663000702857971,0.009513000957667828,0.009425334632396698,0.009358000941574574,0.009269666858017445,0.00917066726833582,0.00904033426195383,0.008882667869329453,0.008694667369127274,0.008462334051728249,0.008262666873633862,0.008081001229584217,0.007912333123385906,0.007764333859086037,0.007549667730927467,0.007213333155959845,0.006877000909298658,0.00652666762471199,0.006142667029052973,0.00573866767808795,0.005326332990080118,0.004910666961222887,0.004478333983570337,0.004008000250905752,0.003584001213312149,0.003326668171212077,0.0032303340267390013,0.003138335421681404,0.003045000834390521,0.002980333985760808,0.0029173337388783693,0.0028210014570504427,0.0027206677477806807,0.002625334309414029,0.0025253344792872667,0.0024496677797287703,0.002353000221773982,0.002232000231742859,0.002124001504853368,0.002005667192861438,0.0018943343311548233,0.001834666938520968,0.0018043337622657418,0.001745001063682139,0.0016783345490694046,0.0016116667538881302,0.0015523340553045273,0.001478667021729052,0.0013843333581462502,0.0013013345887884498,0.0012083338806405663,0.0010946672409772873,0.000989666790701449,0.0009203336085192859,0.0009096681023947895,0.00038966783904470503,0.0003790011105593294,0.00037933452404104173,0.0003636671754065901,0.00035233423113822937,0.000350000336766243,0.0003706682473421097,0.0003770018520299345,0.00035233297967351973,0.00032433433807455003,0.0003106681106146425,0.00031400160514749587,0.00031366696930490434,0.00030533410608768463,0.00029566758894361556,0.00029733404517173767,0.00029966732836328447,0.0003160002233926207,0.000323334097629413,0.00031633427715860307,0.00030466789030469954,0.00028633387410081923,0.0002736678870860487,0.000262000277871266,0.000251000135904178,0.00024133299302775413,0.00023733451962471008,0.00023666706692893058,0.00023366759705822915,0.0002323351800441742,0.00023233394313137978,0.00022866700601298362,0.00022966787219047546,0.00023366759705822915,0.00023700110614299774,0.00022766801703255624,0.0002240017056465149,0.00022600094962399453,0.0002150001673726365,0.00021633443247992545,0.00021533481776714325,0.0002100002020597458,0.00021033424127381295,0.00021133448171894997,0.0002083337603835389,0.00020366783428471535,0.0002016667276620865,0.00020433466124814004,0.00022233401250559837,0.00025366805493831635,0.00027366666472516954,0.0002756671456154436,0.0002510007470846176,0.0002176668494939804,0.00021800026297569275,0.00021300029766280204,0.0002066673041554168,0.00019100122153759003,0.00017300061881542206,0.00016133363533299416,0.00016066680836956948,0.00016500118363182992,0.00015566807996947318,0.0001473339943913743,0.00013700127601623535,0.00012033370876451954,0.00010866733646253124,9.866803884506226e-05,8.933432400226593e-05,8.366691326955333e-05,7.500065112253651e-05,7.300140714505687e-05,0.00010300055146217346,0.00017033517360687256
38,235649,1140,2024-07-28,26.412,26.388,-83.864,-83.856,26.4,-83.86,106.6,4.7,62.0,30.0,22.2,,,,25.0,,,54.0,107.0,,31.3,24.0,18.4,37.3,37.2,37.3,,,,6.4,7.1,6.6,,,,,,,,,,,,,,,,,,,,,,,,,,,,,,,,,,,,,,,,,,,,,,,,,,,,,,,,,,,,,,,,,,,,,,,,,,,,,,,,,,,,,,,,,,,,,,,,,,,,,,,,,,,,,,,,,,,,,,,,,,,,,,,,,,,,,,,,,,,,,,,,,,,,,,,,,,,,,,,,,,,,,,,,,,,,,,,,
39,235650,1140,2024-07-28,26.099,26.124,-83.654,-83.653,26.1115,-83.6535,66.8,3.0,88.0,30.0,39.9,,,,,,,34.5,68.0,,30.5,27.6,22.4,37.23,37.14,37.12,,,,6.5,6.8,6.9,,,,,,,,,,,,,,,,,,,,,,,,,,,,,,,,,,,,,,,,,,,,,,,,,,,,,,,,,,,,,,,,,,,,,,,,,,,,,,,,,,,,,,,,,,,,,,,,,,,,,,,,,,,,,,,,,,,,,,,,,,,,,,,,,,,,,,,,,,,,,,,,,,,,,,,,,,,,,,,,,,,,,,,,,,,,,,,,
40,235651,1140,2024-07-28,26.015,25.99,-83.785,-83.782,26.0025,-83.7835,96.2,6.1,104.0,30.0,30.9,,,,,,,49.5,98.0,,30.7,24.5,18.9,37.25,37.17,37.28,,,,6.4,7.0,6.2,,,,,,,,,,,,,,,,,,,,,,,,,,,,,,,,,,,,,,,,,,,,,,,,,,,,,,,,,,,,,,,,,,,,,,,,,,,,,,,,,,,,,,,,,,,,,,,,,,,,,,,,,,,,,,,,,,,,,,,,,,,,,,,,,,,,,,,,,,,,,,,,,,,,,,,,,,,,,,,,,,,,,,,,,,,,,,,,
41,235652,1140,2024-07-28,25.945,25.92,-83.654,-83.654,25.9325,-83.654,72.2,4.2,143.0,30.0,53.1,,,,75.0,,,36.5,72.0,,30.6,27.9,21.6,37.13,37.16,37.2,,,,6.4,6.7,6.9,,,,,,,,,,,,,,,,,,,,,,,,,,,,,,,,,,,,,,,,,,,,,,,,,,,,,,,,,,,,,,,,,,,,,,,,,,,,,,,,,,,,,,,,,,,,,,,,,,,,,,,,,,,,,,,,,,,,,,,,,,,,,,,,,,,,,,,,,,,,,,,,,,,,,,,,,,,,,,,,,,,,,,,,,,,,,,,,
42,235653,1140,2024-07-28,25.821,25.798,-83.702,-83.69,25.8095,-83.696,86.0,3.7,91.0,30.0,13.5,,,,75.0,38.0,,44.5,88.0,,30.6,26.4,20.3,37.08,37.19,37.2,,,,6.5,6.9,6.4,,,,,,,,,,,,,,,,,,,,,,,,,,,,,,,,,,,,,,,,,,,,,,,,,,,,,,,,,,,,,,,,,,,,,,,,,,,,,,,,,,,,,,,,,,,,,,,,,,,,,,,,,,,,,,,,,,,,,,,,,,,,,,,,,,,,,,,,,,,,,,,,,,,,,,,,,,,,,,,,,,,,,,,,,,,,,,,,
43,235654,1140,2024-07-28,25.7,25.724,-83.635,-83.638,25.712,-83.6365,76.1,7.5,111.0,30.0,17.6,,,,75.0,37.0,,39.0,77.0,,31.0,29.3,21.8,37.1,37.2,37.3,,,,6.4,6.6,6.6,,,,,,,,,,,,,,,,,,,,,,,,,,,,,,,,,,,,,,,,,,,,,,,,,,,,,,,,,,,,,,,,,,,,,,,,,,,,,,,,,,,,,,,,,,,,,,,,,,,,,,,,,,,,,,,,,,,,,,,,,,,,,,,,,,,,,,,,,,,,,,,,,,,,,,,,,,,,,,,,,,,,,,,,,,,,,,,,
44,235655,1140,2024-07-28,25.554,25.567,-83.695,-83.719,25.5605,-83.707,87.8,7.0,112.0,30.0,123.3,,,,50.0,48.0,,43.0,85.0,,30.5,29.3,21.1,37.0,37.0,37.3,,,,6.4,6.5,6.7,,,,,,,,,,,,,,,,,,,,,,,,,,,,,,,,,,,,,,,,,,,,,,,,,,,,,,,,,,,,,,,,,,,,,,,,,,,,,,,,,,,,,,,,,,,,,,,,,,,,,,,,,,,,,,,,,,,,,,,,,,,,,,,,,,,,,,,,,,,,,,,,,,,,,,,,,,,,,,,,,,,,,,,,,,,,,,,,
45,235656,1140,2024-07-28,25.416,25.391,-83.621,-83.621,25.4035,-83.621,75.7,3.9,138.0,30.0,9.8,,,,50.0,50.0,,39.0,77.0,,31.5,29.8,22.3,37.1,37.0,37.4,,,,6.5,6.5,6.8,,,,,,,,,,,,,,,,,,,,,,,,,,,,,,,,,,,,,,,,,,,,,,,,,,,,,,,,,,,,,,,,,,,,,,,,,,,,,,,,,,,,,,,,,,,,,,,,,,,,,,,,,,,,,,,,,,,,,,,,,,,,,,,,,,,,,,,,,,,,,,,,,,,,,,,,,,,,,,,,,,,,,,,,,,,,,,,,
46,235657,1140,2024-07-28,25.325,25.351,-83.698,-83.694,25.338,-83.696,85.8,1.9,65.0,30.0,16.9,,,,25.0,45.0,,43.5,86.0,,30.9,29.4,20.6,37.0,36.9,37.4,,,,6.4,6.5,6.7,,,,,,,,,,,,,,,,,,,,,,,,,,,,,,,,,,,,,,,,,,,,,,,,,,,,,,,,,,,,,,,,,,,,,,,,,,,,,,,,,,,,,,,,,,,,,,,,,,,,,,,,,,,,,,,,,,,,,,,,,,,,,,,,,,,,,,,,,,,,,,,,,,,,,,,,,,,,,,,,,,,,,,,,,,,,,,,,
47,235658,1140,2024-07-29,25.3,25.287,-83.504,-83.481,25.2935,-83.4925,72.1,2.0,42.0,30.0,27.7,,,,25.0,,,36.5,72.0,,31.2,29.9,22.6,37.0,37.0,37.3,,,,6.4,6.4,6.9,,,,,,,,,,,,,,,,,,,,,,,,,,,,,,,,,,,,,,,,,,,,,,,,,,,,,,,,,,,,,,,,,,,,,,,,,,,,,,,,,,,,,,,,,,,,,,,,,,,,,,,,,,,,,,,,,,,,,,,,,,,,,,,,,,,,,,,,,,,,,,,,,,,,,,,,,,,,,,,,,,,,,,,,,,,,,,,,
48,235659,1140,2024-07-29,25.14,25.118,-83.428,-83.441,25.129,-83.4345,68.9,1.9,99.0,30.0,68.1,,,,25.0,,,35.0,69.0,,30.8,29.5,21.8,37.0,36.9,37.3,,,,6.5,6.5,6.7,,,,,,,,,,,,,,,,,,,,,,,,,,,,,,,,,,,,,,,,,,,,,,,,,,,,,,,,,,,,,,,,,,,,,,,,,,,,,,,,,,,,,,,,,,,,,,,,,,,,,,,,,,,,,,,,,,,,,,,,,,,,,,,,,,,,,,,,,,,,,,,,,,,,,,,,,,,,,,,,,,,,,,,,,,,,,,,,
49,235660,1140,2024-07-29,24.986,24.993,-83.558,-83.531,24.9895,-83.5445,73.7,3.0,157.0,30.0,62.1,,,,,,,37.5,74.0,,30.9,29.0,21.5,36.75,36.97,37.41,,,,6.4,6.5,6.5,,,,,,,,,,,,,,,,,,,,,,,,,,,,,,,,,,,,,,,,,,,,,,,,,,,,,,,,,,,,,,,,,,,,,,,,,,,,,,,,,,,,,,,,,,,,,,,,,,,,,,,,,,,,,,,,,,,,,,,,,,,,,,,,,,,,,,,,,,,,,,,,,,,,,,,,,,,,,,,,,,,,,,,,,,,,,,,,
50,235661,1140,2024-07-29,24.868,24.866,-83.444,-83.472,24.867,-83.458,68.6,2.9,37.0,30.0,70.3,,,,50.0,,,34.5,68.0,,30.7,28.6,22.2,37.04,37.07,37.26,,,,6.4,6.7,6.6,,,,,,,,,,,,,,,,,,,,,,,,,,,,,,,,,,,,,,,,,,,,,,,,,,,,,,,,,,,,,,,,,,,,,,,,,,,,,,,,,,,,,,,,,,,,,,,,,,,,,,,,,,,,,,,,,,,,,,,,,,,,,,,,,,,,,,,,,,,,,,,,,,,,,,,,,,,,,,,,,,,,,,,,,,,,,,,,
51,235662,1140,2024-07-29,24.742,24.717,-83.131,-83.133,24.7295,-83.132,56.3,4.4,41.0,30.0,13.6,,,,25.0,35.0,,28.0,55.0,,31.0,30.0,23.7,37.1,37.07,37.26,,,,6.3,6.5,6.7,,,,,,,,,,,,,,,,,,,,,,,,,,,,,,,,,,,,,,,,,,,,,,,,,,,,,,,,,,,,,,,,,,,,,,,,,,,,,,,,,,,,,,,,,,,,,,,,,,,,,,,,,,,,,,,,,,,,,,,,,,,,,,,,,,,,,,,,,,,,,,,,,,,,,,,,,,,,,,,,,,,,,,,,,,,,,,,,
52,235663,1140,2024-07-29,24.834,24.833,-82.882,-82.909,24.8335,-82.8955,43.3,4.4,74.0,30.0,15.1,,,,50.0,30.0,,21.5,42.0,,31.0,30.9,27.6,37.04,37.06,37.11,,,,6.4,6.3,6.6,,,,,,,,,,,,,,,,,,,,,,,,,,,,,,,,,,,,,,,,,,,,,,,,,,,,,,,,,,,,,,,,,,,,,,,,,,,,,,,,,,,,,,,,,,,,,,,,,,,,,,,,,,,,,,,,,,,,,,,,,,,,,,,,,,,,,,,,,,,,,,,,,,,,,,,,,,,,,,,,,,,,,,,,,,,,,,,,
53,235664,1140,2024-07-29,24.861,24.878,-82.658,-82.678,24.8695,-82.668,33.8,0.9,120.0,30.0,10.1,,,,75.0,32.0,,18.0,35.0,,31.4,30.9,29.5,37.03,36.89,36.77,,,,6.4,6.3,6.5,,,,,,,,,,,,,,,,,,,,,,,,,,,,,,,,,,,,,,,,,,,,,,,,,,,,,,,,,,,,,,,,,,,,,,,,,,,,,,,,,,,,,,,,,,,,,,,,,,,,,,,,,,,,,,,,,,,,,,,,,,,,,,,,,,,,,,,,,,,,,,,,,,,,,,,,,,,,,,,,,,,,,,,,,,,,,,,,
54,235665,1140,2024-07-29,24.934,24.909,-82.088,-82.083,24.9215,-82.0855,22.9,4.8,256.0,30.0,81.5,,,,100.0,,,11.5,22.0,,31.3,31.1,30.7,37.2,36.95,37.01,,,,6.7,6.5,6.4,,,,,,,,,,,,,,,,,,,,,,,,,,,,,,,,,,,,,,,,,,,,,,,,,,,,,,,,,,,,,,,,,,,,,,,,,,,,,,,,,,,,,,,,,,,,,,,,,,,,,,,,,,,,,,,,,,,,,,,,,,,,,,,,,,,,,,,,,,,,,,,,,,,,,,,,,,,,,,,,,,,,,,,,,,,,,,,,
55,235666,1140,2024-07-30,24.975,24.98,-82.496,-82.522,24.9775,-82.509,33.6,2.9,37.0,30.0,37.7,,,,100.0,,,16.5,32.0,,30.9,30.3,29.4,37.1,36.9,36.8,,,,6.4,6.4,6.6,,,,,,,,,,,,,,,,,,,,,,,,,,,,,,,,,,,,,,,,,,,,,,,,,,,,,,,,,,,,,,,,,,,,,,,,,,,,,,,,,,,,,,,,,,,,,,,,,,,,,,,,,,,,,,,,,,,,,,,,,,,,,,,,,,,,,,,,,,,,,,,,,,,,,,,,,,,,,,,,,,,,,,,,,,,,,,,,
56,235667,1140,2024-07-30,24.967,24.95,-82.643,-82.623,24.9585,-82.633,38.4,3.0,80.0,30.0,41.3,,,,100.0,,,19.0,37.0,,30.8,30.4,29.1,37.0,37.0,36.94,,,,6.5,6.4,6.9,,,,,,,,,,,,,,,,,,,,,,,,,,,,,,,,,,,,,,,,,,,,,,,,,,,,,,,,,,,,,,,,,,,,,,,,,,,,,,,,,,,,,,,,,,,,,,,,,,,,,,,,,,,,,,,,,,,,,,,,,,,,,,,,,,,,,,,,,,,,,,,,,,,,,,,,,,,,,,,,,,,,,,,,,,,,,,,,
57,235668,1140,2024-07-30,24.933,24.915,-82.847,-82.867,24.924,-82.857,45.2,2.4,99.0,30.0,41.4,,,,100.0,,,23.0,45.0,,30.8,30.5,27.3,37.02,37.02,37.09,,,,6.4,6.3,6.5,,,,,,,,,,,,,,,,,,,,,,,,,,,,,,,,,,,,,,,,,,,,,,,,,,,,,,,,,,,,,,,,,,,,,,,,,,,,,,,,,,,,,,,,,,,,,,,,,,,,,,,,,,,,,,,,,,,,,,,,,,,,,,,,,,,,,,,,,,,,,,,,,,,,,,,,,,,,,,,,,,,,,,,,,,,,,,,,
58,235669,1140,2024-07-30,25.047,25.022,-83.114,-83.12,25.0345,-83.117,58.7,6.4,44.0,30.0,178.2,,,,75.0,,,29.5,58.0,,30.1,29.8,25.3,36.97,36.93,37.15,,,,6.4,6.4,6.8,,,,,,,,,,,,,,,,,,,,,,,,,,,,,,,,,,,,,,,,,,,,,,,,,,,,,,,,,,,,,,,,,,,,,,,,,,,,,,,,,,,,,,,,,,,,,,,,,,,,,,,,,,,,,,,,,,,,,,,,,,,,,,,,,,,,,,,,,,,,,,,,,,,,,,,,,,,,,,,,,,,,,,,,,,,,,,,,
59,235670,1140,2024-07-30,25.096,25.071,-83.27,-83.271,25.0835,-83.2705,63.1,2.2,122.0,30.0,71.9,,,,75.0,36.0,,32.5,64.0,,30.8,29.8,23.5,37.08,37.11,37.11,,,,6.4,6.5,6.6,,,,,,,,,,,,,,,,,,,,,,,,,,,,,,,,,,,,,,,,,,,,,,,,,,,,,,,,,,,,,,,,,,,,,,,,,,,,,,,,,,,,,,,,,,,,,,,,,,,,,,,,,,,,,,,,,,,,,,,,,,,,,,,,,,,,,,,,,,,,,,,,,,,,,,,,,,,,,,,,,,,,,,,,,,,,,,,,
60,235671,1140,2024-07-30,25.31,25.307,-83.303,-83.331,25.3085,-83.317,63.5,3.6,66.0,30.0,51.2,,,,75.0,37.0,,32.0,63.0,,30.9,30.9,24.3,37.03,37.1,37.11,,,,6.4,6.4,6.9,,,,,,,,,,,,,,,,,,,,,,,,,,,,,,,,,,,,,,,,,,,,,,,,,,,,,,,,,,,,,,,,,,,,,,,,,,,,,,,,,,,,,,,,,,,,,,,,,,,,,,,,,,,,,,,,,,,,,,,,,,,,,,,,,,,,,,,,,,,,,,,,,,,,,,,,,,,,,,,,,,,,,,,,,,,,,,,,
61,235672,1140,2024-07-30,25.414,25.391,-83.49,-83.481,25.4025,-83.4855,70.8,7.8,351.0,30.0,9.2,,,,75.0,33.0,,36.0,71.0,,31.3,29.4,22.6,36.9,36.82,36.96,,,,6.4,6.5,6.8,,,,,,,,,,,,,,,,,,,,,,,,,,,,,,,,,,,,,,,,,,,,,,,,,,,,,,,,,,,,,,,,,,,,,,,,,,,,,,,,,,,,,,,,,,,,,,,,,,,,,,,,,,,,,,,,,,,,,,,,,,,,,,,,,,,,,,,,,,,,,,,,,,,,,,,,,,,,,,,,,,,,,,,,,,,,,,,,
62,235673,1140,2024-07-30,25.534,25.52,-83.389,-83.366,25.527,-83.3775,65.5,3.0,350.0,30.0,121.6,,,,75.0,39.0,,33.5,66.0,,31.3,30.3,23.7,36.96,36.74,37.15,,,,6.4,6.4,6.8,,,,,,,,,,,,,,,,,,,,,,,,,,,,,,,,,,,,,,,,,,,,,,,,,,,,,,,,,,,,,,,,,,,,,,,,,,,,,,,,,,,,,,,,,,,,,,,,,,,,,,,,,,,,,,,,,,,,,,,,,,,,,,,,,,,,,,,,,,,,,,,,,,,,,,,,,,,,,,,,,,,,,,,,,,,,,,,,
63,235674,1140,2024-07-31,25.786,25.811,-83.562,-83.56,25.7985,-83.561,73.2,4.5,105.0,30.0,15.9,,,,50.0,,,37.5,74.0,,30.6,29.4,21.8,37.04,36.95,37.26,,,,6.5,6.5,6.7,,,,457.97804977753407,0.005887556355446577,0.0063562230207026005,0.006668667774647474,0.0068917786702513695,0.007305333856493235,0.007880445569753647,0.008278001099824905,0.008608000352978706,0.008843556046485901,0.009027334861457348,0.009246445260941982,0.009674889966845512,0.009912445209920406,0.009730666875839233,0.009911779314279556,0.010526667349040508,0.0108335567638278,0.010816001333296299,0.010790889151394367,0.011040667071938515,0.011469779536128044,0.011373777873814106,0.010972222313284874,0.01071244478225708,0.01063178014010191,0.010528001934289932,0.010425778105854988,0.010334223508834839,0.010216668248176575,0.010132222436368465,0.010002221912145615,0.009835555218160152,0.009698223322629929,0.009654667228460312,0.009635556489229202,0.009428445249795914,0.009128223173320293,0.008912445977330208,0.008655556477606297,0.008373333141207695,0.008124444633722305,0.007869113236665726,0.007617778144776821,0.007480667904019356,0.007395334541797638,0.007346445694565773,0.00733533501625061,0.007292000576853752,0.007242223247885704,0.0071500008925795555,0.00701644504442811,0.006881333887577057,0.006725779268890619,0.006591556128114462,0.0064693340100348,0.006339556537568569,0.0062377783469855785,0.006076890043914318,0.005796888843178749,0.005546001251786947,0.005254445131868124,0.0049226670525968075,0.00459377933293581,0.0042288899421691895,0.003840445540845394,0.003475112607702613,0.003088223049417138,0.0027751114685088396,0.002599111758172512,0.002516223816201091,0.0024346671998500824,0.002361333929002285,0.0023242230527102947,0.0022842229809612036,0.0022173342294991016,0.002145112492144108,0.002080444246530533,0.0020048890728503466,0.0019191118190065026,0.0018242229707539082,0.001741778920404613,0.0016475559677928686,0.001569778542034328,0.0015162224881350994,0.001454222947359085,0.0014260014286264777,0.0013982222881168127,0.0013377791037783027,0.0012775564100593328,0.0012160009937360883,0.001146445283666253,0.0010697783436626196,0.0009757780935615301,0.0009046677150763571,0.0008446673746220767,0.0007615565555170178,0.0006791125633753836,0.0006217791233211756,0.0002588898641988635,0.00025444518541917205,0.00024888955522328615,0.00023488949227612466,0.00022288950276561081,0.00021222316718194634,0.00021555647253990173,0.00021622329950332642,0.00020777806639671326,0.0001964449038496241,0.00019777855777647346,0.00019711173081304878,0.00018800009274855256,0.00018266754341311753,0.0001671115605859086,0.00015911253285594285,0.00014911219477653503,0.00015200136112980545,0.0001562229444971308,0.0001673342485446483,0.0001700011343928054,0.0001664451410761103,0.00016133446479216218,0.00015244550013449043,0.00014844536781311035,0.00013755634427070618,0.00013844502973370254,0.00014200102305039763,0.00014444564294535667,0.00015422370051965117,0.00015733431791886687,0.0001595558424014598,0.00016400052118115127,0.0001660001726122573,0.00017466768622398376,0.00017800099158193916,0.00018466719484422356,0.00018800132966134697,0.0001866668462753296,0.00019088925910182297,0.00018444533634465188,0.00018600084877107292,0.00018644581723492593,0.0001833339483710006,0.00018066664051730186,0.0001791111280908808,0.00017200120782945305,0.00016266728925984353,0.00017400126671418548,0.0001806678919820115,0.00018177885795012116,0.00016822293400764465,0.0001404459326295182,0.0001166673973784782,0.0001166673973784782,0.00012022256851196289,0.00011533374345162883,0.0001000004485831596,8.000102388905361e-05,6.777876114938408e-05,6.222310912562534e-05,5.866752690053545e-05,5.06680880789645e-05,3.4445274650352076e-05,1.6667363524902612e-05,-2.218617396465561e-07,-1.1776056453527417e-05,-1.5110605090740137e-05,-1.0888195902225561e-05,-9.77681702352129e-06,-1.3555089935834985e-05,-4.000547960458789e-06,9.200101339956746e-05,0.0001862227072706446
64,235675,1140,2024-07-31,25.983,25.958,-83.478,-83.473,25.9705,-83.4755,64.9,8.0,128.0,30.0,73.5,,,,50.0,,,33.0,65.0,,30.8,29.9,23.6,37.02,36.81,37.0,,,,6.5,6.4,6.9,,,,457.46455510439154,0.006352889351546764,0.006800889037549496,0.007173778489232063,0.0075568887405097485,0.008030222728848457,0.008610889315605164,0.008978889323771,0.009299556724727154,0.009513778612017632,0.009707333520054817,0.00999377854168415,0.010474888607859612,0.010730001144111156,0.010539333336055279,0.010692445561289787,0.011330891400575638,0.011687111109495163,0.011638222262263298,0.0115897785872221,0.011853556148707867,0.012285556644201279,0.012163556180894375,0.011724668554961681,0.0114335548132658,0.011342889629304409,0.011249111965298653,0.011130000464618206,0.011014889925718307,0.010920667089521885,0.0108557790517807,0.010718888603150845,0.010547999292612076,0.010382445529103279,0.01029977761209011,0.010293111205101013,0.010116000659763813,0.009777556173503399,0.009533556178212166,0.009264667518436909,0.008944890461862087,0.008672000840306282,0.008398888632655144,0.008125554770231247,0.00796311255544424,0.007879778742790222,0.007850667461752892,0.007845555432140827,0.007822445593774319,0.007789333816617727,0.007685557007789612,0.0075475554913282394,0.007426222786307335,0.007272000890225172,0.007131556514650583,0.007012001238763332,0.006882889661937952,0.006781334523111582,0.006610667333006859,0.006308889482170343,0.006039556581526995,0.0057171122170984745,0.005355334375053644,0.004980223253369331,0.004552890080958605,0.004108001012355089,0.003712667850777507,0.0032944451086223125,0.0029435562901198864,0.0027533334214240313,0.002666445216163993,0.002595556201413274,0.0025197789072990417,0.0024720008950680494,0.002422223100438714,0.0023455561604350805,0.0022722233552485704,0.002215334912762046,0.0021420009434223175,0.0020415564067661762,0.0019333341624587774,0.001835778821259737,0.0017428898718208075,0.0016544453101232648,0.0015948903746902943,0.0015375568764284253,0.0014928898308426142,0.0014664448099210858,0.0014184457249939442,0.001349778613075614,0.0012591121485456824,0.0011724457144737244,0.0010926678078249097,0.0010080006904900074,0.0009402227005921304,0.0008742229547351599,0.0007895566523075104,0.0006942231557331979,0.0006006670300848782,0.0002622235915623605,0.0002588898641988635,0.00025555616593919694,0.0002462230622768402,0.00023600086569786072,0.0002131114451913163,0.00020089000463485718,0.00019800083828158677,0.0001906674006022513,0.00018844587611965835,0.00019600118685048074,0.00020000131917186081,0.0001924451789818704,0.0001833343703765422,0.0001566670835018158,0.0001373344857711345,0.00011844601976918057,0.00011133444058941677,0.00012089022493455559,0.00013088973355479538,0.00013622351980302483,0.00013711137580685318,0.00013311166549101472,0.00012555677676573396,0.00012111166870454326,0.00012089022493455559,0.00012466724729165435,0.0001297783455811441,0.00014266744256019592,0.00015533466648776084,0.00016177818179130554,0.00017244575428776443,0.00017511306214146316,0.0001757782301865518,0.00018422264838591218,0.00018800173711497337,0.000190000981092453,0.0001931120059452951,0.00019066821550950408,0.0001900013885460794,0.0001866676757344976,0.00018444574379827827,0.0001833343703765422,0.00018155698489863425,0.0001833343703765422,0.00018111203098669648,0.00017600093269720674,0.00016222355770878494,0.00016200086975004524,0.00016111176228150725,0.0001540014345664531,0.00013555586338043213,0.00010200092947343364,8.000102388905361e-05,8.511212217854336e-05,8.866729331202805e-05,8.711177360964939e-05,6.888972711749375e-05,4.089002686669119e-05,2.3334390789386816e-05,1.4445434317167383e-05,1.2444539606804028e-05,1.0223024219158106e-05,-8.882747692950943e-07,-1.6444259017589502e-05,-3.2888518035179004e-05,-4.777684807777405e-05,-5.3554773330688477e-05,-4.755457121063955e-05,-4.399898898554966e-05,-4.822181290364824e-05,-4.222161078359932e-05,5.06680880789645e-05,0.00014777894830331206
65,235676,1140,2024-07-31,26.159,26.134,-83.476,-83.474,26.1465,-83.475,63.1,5.8,152.0,30.0,94.3,,,,25.0,,,32.0,63.0,,31.0,29.5,23.7,37.04,36.92,37.0,,,,6.4,6.6,6.9,,,,456.64197292337866,0.0057313344441354275,0.006138222757726908,0.006560445763170719,0.006866445764899254,0.007383111398667097,0.00811555702239275,0.008510223589837551,0.008769778534770012,0.009062444791197777,0.00930000003427267,0.009558890014886856,0.010058445855975151,0.010310445912182331,0.010097112506628036,0.01025422289967537,0.010894889943301678,0.011258001439273357,0.011272445321083069,0.01123422384262085,0.011496667750179768,0.01197377871721983,0.011892222799360752,0.011442889459431171,0.011145112104713917,0.011062666773796082,0.01095422450453043,0.010854889638721943,0.010766667313873768,0.010670221410691738,0.010603556409478188,0.010449778288602829,0.010291112586855888,0.010160444304347038,0.010092445649206638,0.010089111514389515,0.009916666895151138,0.009595111943781376,0.009346889331936836,0.009070000611245632,0.008742223493754864,0.008474666625261307,0.008222000673413277,0.00793466717004776,0.007769778370857239,0.007704445160925388,0.007674445863813162,0.007687333505600691,0.00767377857118845,0.007624000310897827,0.007518889848142862,0.007393111940473318,0.007272667251527309,0.007116000633686781,0.006977556273341179,0.006853777915239334,0.00671622296795249,0.006612889468669891,0.006452222820371389,0.006152445450425148,0.005878889933228493,0.005556000862270594,0.00519244559109211,0.004811556078493595,0.004374444950371981,0.003930667880922556,0.00352600053884089,0.003115111729130149,0.002774222753942013,0.002574000973254442,0.0025044456124305725,0.002435111440718174,0.002358000725507736,0.0023160006385296583,0.0022680009715259075,0.002197334310039878,0.0021297787316143513,0.002074889373034239,0.0019980003125965595,0.0018926672637462616,0.001785334199666977,0.0016964455135166645,0.001611111918464303,0.0015355567447841167,0.001492223353125155,0.001444001216441393,0.0014022229006513953,0.0013697788817808032,0.0013240004191175103,0.0012673346791416407,0.001184445689432323,0.001084667514078319,0.0010035567684099078,0.0009280012454837561,0.0008664450142532587,0.0008068896131590009,0.0007217787206172943,0.0006231123115867376,0.0005124447052367032,0.00024733401369303465,0.00024577893782407045,0.00024400072288699448,0.00022822328901384026,0.00020911172032356262,0.00018955684208776802,0.00017066755390260369,0.00015888984489720315,0.00016177858924493194,0.0001597785303601995,0.00016155632329173386,0.00017400126671418548,0.00016733382653910667,0.0001533337781438604,0.00012844552111346275,0.000103334168670699,7.644543802598491e-05,6.777917587896809e-05,6.68892462272197e-05,7.955605542520061e-05,9.955672430805862e-05,0.00010555651533650234,0.00010555610060691833,0.00010111182928085327,9.666755795478821e-05,9.377879905514419e-05,0.00010489010310266167,0.00011755650484701619,0.00012822325516026467,0.0001411127595929429,0.00014822267985437065,0.00015222281217575073,0.00015866797184571624,0.00016466694069094956,0.000170889834407717,0.00017777913308236748,0.0001804456114768982,0.00018177843594457954,0.00018466719484422356,0.00018733408069238067,0.00018711222219280899,0.00018755636119749397,0.00018822318816091865,0.00018755636119749397,0.0001826671214075759,0.00017888967704493552,0.00017133395886048675,0.00015933398390188813,0.0001533341855974868,0.00014755626034457237,0.00013422261690720916,0.0001131114040617831,7.37789596314542e-05,4.5778437197441235e-05,4.37787821283564e-05,4.644526416086592e-05,4.7778503358131275e-05,3.222293162252754e-05,7.333854682656238e-06,-1.4665226444776636e-05,-2.5776111215236597e-05,-2.822155693138484e-05,-3.222086525056511e-05,-4.355443888925947e-05,-5.177698039915413e-05,-6.999944889685139e-05,-7.91098500485532e-05,-7.666564488317817e-05,-7.466599345207214e-05,-7.311088847927749e-05,-8.355536556337029e-05,-8.97774298209697e-05,-8.888542652130127e-06,0.00010289003694197163
66,235677,1140,2024-07-31,26.284,26.301,-83.477,-83.497,26.2925,-83.487,61.1,3.7,160.0,30.0,59.1,,,,25.0,,,31.0,61.0,,31.1,29.1,24.1,37.07,36.79,37.16,,,,6.4,6.7,7.0,,,,457.21290497625506,0.0059722233563661575,0.00648644519969821,0.006894001271575689,0.007188668008893728,0.00767466751858592,0.008354444988071918,0.00877244584262371,0.009090443141758442,0.009359334595501423,0.009587334468960762,0.009874444454908371,0.010363778099417686,0.010595778934657574,0.01043688878417015,0.010638445615768433,0.011275112628936768,0.011638443917036057,0.01161266677081585,0.01157311163842678,0.011862890794873238,0.01231066882610321,0.012190445326268673,0.01174889039248228,0.011485557071864605,0.01141311228275299,0.011318445205688477,0.011207778006792068,0.011132223531603813,0.011065557599067688,0.010994445532560349,0.010861779563128948,0.010704446583986282,0.010556668043136597,0.010506446473300457,0.010512222535908222,0.010327556170523167,0.010013777762651443,0.009782668203115463,0.009518889710307121,0.009193557314574718,0.00890133436769247,0.00861955713480711,0.008323111571371555,0.008153555914759636,0.008086000569164753,0.008058001287281513,0.008050000295042992,0.008029556833207607,0.007994667626917362,0.007897334173321724,0.007759778760373592,0.007627112325280905,0.0074646673165261745,0.007326001301407814,0.007202890235930681,0.007069112733006477,0.006964000407606363,0.006784445606172085,0.006467556580901146,0.00617577787488699,0.005834445357322693,0.005450444761663675,0.005056222900748253,0.0046142227947711945,0.004150667693465948,0.0037204453255981207,0.0032740002498030663,0.0029120014514774084,0.002709333784878254,0.0026295557618141174,0.0025562229566276073,0.002476445399224758,0.002432667650282383,0.0023831117432564497,0.0023022231180220842,0.0022293340880423784,0.0021677783224731684,0.0020893344189971685,0.0019900007173419,0.0018844455480575562,0.0017904448322951794,0.0017037785146385431,0.001622445066459477,0.0015588899841532111,0.0015095563139766455,0.001474445452913642,0.0014335558516904712,0.0013844450004398823,0.0013220012187957764,0.0012426669709384441,0.0011526676826179028,0.0010657786624506116,0.0009771125623956323,0.0009066677885130048,0.000850223412271589,0.0007771120872348547,0.0006895561818964779,0.0006120010511949658,0.0002631118695717305,0.0002631118695717305,0.0002642236649990082,0.00024822354316711426,0.00022911197447683662,0.00020600151037797332,0.000190000981092453,0.00018511216330807656,0.00017511182522866875,0.00017466727877035737,0.00018511216330807656,0.00019111152505502105,0.00018955643463414162,0.00017666775966063142,0.0001562229444971308,0.00013533400488086045,0.00011066719889640808,0.00010911209392361343,0.00011488878226373345,0.00012711186718661338,0.00013844502973370254,0.00014066736912354827,0.0001404451031703502,0.00013222296547610313,0.00012844511365983635,0.00012422393774613738,0.00012800056720152497,0.00013577814388554543,0.00014555660891346633,0.00015777887892909348,0.00016600059461779892,0.00017200120782945305,0.0001768900256138295,0.0001826671214075759,0.00019044552755076438,0.0001966671843547374,0.00020133414363954216,0.00020244551706127822,0.00020155683159828186,0.00020355690503492951,0.00020044503617100418,0.00020066731667611748,0.00019911180424969643,0.0001962234528036788,0.0001924451789818704,0.00018488988280296326,0.00017933423805516213,0.00017200078582391143,0.00016488920664414763,0.00016177858924493194,0.00015222281217575073,0.000127112289192155,8.977908146334812e-05,6.644510722253472e-05,6.977841258049011e-05,7.889047265052795e-05,8.133426308631897e-05,6.155669689178467e-05,3.4445274650352076e-05,1.644591429794673e-05,9.55661107582273e-06,6.889717496960657e-06,-8.882747692950943e-07,-1.8221637219539843e-05,-3.4666310966713354e-05,-5.422201502369717e-05,-6.555517757078633e-05,-6.555476284120232e-05,-6.555476284120232e-05,-6.511020910693333e-05,-7.311006629606709e-05,-6.977716839173809e-05,4.444560909178108e-05,0.00016955618048086762
67,235678,1140,2024-07-31,26.403,26.378,-83.558,-83.559,26.3905,-83.5585,63.6,4.3,134.0,30.0,95.9,,,,75.0,33.0,,32.5,64.0,,30.8,29.5,23.2,36.96,37.11,37.08,,,,6.5,6.6,6.9,,,,457.39920623673163,0.006040222942829132,0.006498000584542751,0.006896445527672768,0.007240224163979292,0.007716445252299309,0.008351779542863369,0.008703112602233887,0.009000668302178383,0.009280223399400711,0.009488444775342941,0.009735113009810448,0.010252445936203003,0.010488667525351048,0.010306000709533691,0.010511555708944798,0.011130223050713539,0.011485112830996513,0.01146644540131092,0.011394668370485306,0.011680889874696732,0.012163334526121616,0.012028221972286701,0.011590668000280857,0.011341778561472893,0.011266223154962063,0.01116111222654581,0.011045779101550579,0.01095933374017477,0.010890222154557705,0.010836443863809109,0.010696000419557095,0.0105257797986269,0.010384667664766312,0.010334225371479988,0.010339556261897087,0.010145777836441994,0.009822223335504532,0.009600223042070866,0.009348445571959019,0.009019333869218826,0.008732222951948643,0.008469556458294392,0.008182445541024208,0.008028444834053516,0.007956000044941902,0.00791311264038086,0.007899999618530273,0.007860667072236538,0.007806668058037758,0.007705556228756905,0.007572667673230171,0.00743288965895772,0.00728533323854208,0.007142446003854275,0.007007778622210026,0.006890223361551762,0.006787111982703209,0.006609557196497917,0.006298666819930077,0.006021111737936735,0.005705334711819887,0.005336890462785959,0.004951557144522667,0.004517111927270889,0.004067334346473217,0.0036566676571965218,0.003234666772186756,0.0029044458642601967,0.0027020014822483063,0.002615111880004406,0.002552890218794346,0.0024662232026457787,0.002422445686534047,0.0023800013586878777,0.002296667080372572,0.0022191116586327553,0.002156889298930764,0.0020875567570328712,0.0019871119875460863,0.0018726674607023597,0.0017828887794166803,0.0017011123709380627,0.0016193336341530085,0.0015631115529686213,0.001517556607723236,0.0014793334994465113,0.0014420015504583716,0.001395334373228252,0.0013271127827465534,0.0012395568192005157,0.001145777991041541,0.0010624448768794537,0.0009822224965319037,0.0009222229127772152,0.000865778187289834,0.0007891121204011142,0.0006900011794641614,0.0006028898060321808,0.00028088936232961714,0.00027911283541470766,0.00027711191796697676,0.0002600008447188884,0.00024311203742399812,0.00022222308325581253,0.00020155642414465547,0.00019155608606524765,0.00018622312927618623,0.00018622394418343902,0.00018755595374386758,0.0001966675918083638,0.00020111269259359688,0.00018933415412902832,0.00016177941870409995,0.0001366668293485418,0.00010977933561662212,0.0001035560344462283,0.00011600098514463753,0.00012866739416494966,0.00013977910566609353,0.0001440006890334189,0.00014222330355551094,0.00013244524598121643,0.00012888966011814773,0.00012800180411431938,0.00013200110697653145,0.00014222289610188454,0.00015200136112980545,0.0001608903257874772,0.00016688968753442168,0.00017577865219209343,0.00018133429693989456,0.00018511174130253494,0.00019622304535005242,0.00019866766524501145,0.00020400102948769927,0.0002062229614239186,0.00020444516849238425,0.0002104449667967856,0.0002097781398333609,0.00021000040578655899,0.00020622338342946023,0.00020177911210339516,0.00019755627727136016,0.00019133422756567597,0.00018644581723492593,0.00017800182104110718,0.00016800024604890496,0.0001595558424014598,0.0001511122682131827,0.00012222304940223694,8.266750228358433e-05,5.755656457040459e-05,6.022345769451931e-05,7.177847874118015e-05,7.444454240612686e-05,5.555649477173574e-05,2.7111007511848584e-05,7.334682777582202e-06,-4.4330954551696777e-07,-2.2211008854355896e-06,-8.220474228437524e-06,-2.5109698981395923e-05,-4.177623486611992e-05,-6.422110891435295e-05,-7.466599345207214e-05,-7.577695942018181e-05,-7.733288657618687e-05,-7.555467891506851e-05,-8.844336116453633e-05,-8.488777530146763e-05,2.3555838197353296e-05,0.00015200136112980545
68,235679,1140,2024-07-31,26.481,26.506,-83.411,-83.411,26.4935,-83.411,56.0,4.2,157.0,30.0,16.7,,,,75.0,38.0,,28.0,55.0,,31.1,29.6,24.9,37.08,37.05,37.03,,,,6.4,6.5,6.9,,,,457.7777177536095,0.006658889818936586,0.007105555851012468,0.007529112044721842,0.007833112962543964,0.008297777734696865,0.008904223330318928,0.009297112002968788,0.009649778716266155,0.009878668002784252,0.010052000172436237,0.010322000831365585,0.010789332911372185,0.010956000536680222,0.010774001479148865,0.010963999666273594,0.01156489085406065,0.011874668300151825,0.01183400023728609,0.011769999749958515,0.012024445459246635,0.012458667159080505,0.01231400016695261,0.01187288947403431,0.011590000241994858,0.011490887962281704,0.011373556219041348,0.01125200092792511,0.011154890060424805,0.011076223105192184,0.011014444753527641,0.010859557427465916,0.010685778222978115,0.010536666959524155,0.010488000698387623,0.010494000278413296,0.010310890153050423,0.009991113096475601,0.009750223718583584,0.009486444294452667,0.009167333133518696,0.008896667510271072,0.00863666646182537,0.008353556506335735,0.008190888911485672,0.008116889744997025,0.008080889470875263,0.008063112385571003,0.008014889433979988,0.007962889038026333,0.007870667614042759,0.007745556533336639,0.007611555978655815,0.007447557523846626,0.007307779509574175,0.007181556895375252,0.007057778537273407,0.0069624450989067554,0.006791778840124607,0.0064877793192863464,0.0062142228707671165,0.005889778956770897,0.005528445355594158,0.0051600015722215176,0.0047266678884625435,0.00426066666841507,0.0038388902321457863,0.0034039998427033424,0.003037112532183528,0.0028255560901015997,0.0027397784870117903,0.0026682226452976465,0.002594667486846447,0.002549556316807866,0.0024920005816966295,0.002407556166872382,0.002335112076252699,0.0022675564978271723,0.002180223586037755,0.00208089011721313,0.0019740010611712933,0.001868444960564375,0.0017757783643901348,0.0016940004425123334,0.0016333344392478466,0.001582000870257616,0.0015428898623213172,0.0014984450535848737,0.0014448894653469324,0.001377556473016739,0.0012973339762538671,0.0011984453303739429,0.001105111907236278,0.00101733417250216,0.000949778885114938,0.0008868898148648441,0.0008106674649752676,0.0007266671163961291,0.0006582236383110285,0.0002868895826395601,0.0002871118485927582,0.00028733370709232986,0.00026888938737101853,0.00025733435177244246,0.00023333438730333,0.00020622338342946023,0.0001964449038496241,0.00018844587611965835,0.00018711222219280899,0.00020155642414465547,0.0002073343493975699,0.0002068893809337169,0.00018822278070729226,0.00016444548964500427,0.00014488978195004165,0.00012133436393924057,0.00012111125397495925,0.00012755600619129837,0.0001406677911290899,0.00015222321962937713,0.00015488929057028145,0.0001564456324558705,0.00014933405327610672,0.0001431119890185073,0.00013733406376559287,0.00013577897334471345,0.0001400005421601236,0.00014977902173995972,0.0001608903257874772,0.00017000030493363738,0.00018133429693989456,0.0001862222998170182,0.00019133463501930237,0.00020288924861233681,0.0002037787635345012,0.0002068893809337169,0.00021111179376021028,0.00020755620789714158,0.00020911212777718902,0.0002073343493975699,0.00020489013695623726,0.00020466704154387116,0.00020155642414465547,0.00019600118685048074,0.00018777781224343926,0.00018244568491354585,0.00017733416461851448,0.00016888935351744294,0.00016800065350253135,0.00015600108599755913,0.00012822366261389107,9.422293805982918e-05,7.02229663147591e-05,7.244530570460483e-05,8.200109004974365e-05,8.00006091594696e-05,5.577835690928623e-05,2.8445489078876562e-05,1.2223091289342847e-05,5.111512109579053e-06,1.3340678606255096e-06,-7.109923444659216e-06,-2.288818359375e-05,-4.088837158633396e-05,-6.088738518883474e-05,-7.111040758900344e-05,-7.311088847927749e-05,-7.28882005205378e-05,-7.022130739642307e-05,-7.822074985597283e-05,-7.155496132327244e-05,4.9778569518821314e-05,0.00018222298240289092
69,235680,1140,2024-07-25,30.39,30.39,-88.857,-88.857,30.39,-88.857,,,,,,,,,,,,,,,,,,,,,,,,,,,,,,,,,,,,,,,,,,,,,,,,,,,,,,,,,,,,,,,,,,,,,,,,,,,,,,,,,,,,,,,,,,,,,,,,,,,,,,,,,,,,,,,,,,,,,,,,,,,,,,,,,,,,,,,,,,,,,,,,,,,,,,,,,,,,,,,,,,,,,,,,,,,,,,,,,,,,,,,,,,,,,,,,,,,,,,,,,,
70,235681,1140,2024-07-25,30.39,30.39,-88.857,-88.857,30.39,-88.857,,,,,,,,,,,,,,,,,,,,,,,,,,,,,,,,,,,,,,,,,,,,,,,,,,,,,,,,,,,,,,,,,,,,,,,,,,,,,,,,,,,,,,,,,,,,,,,,,,,,,,,,,,,,,,,,,,,,,,,,,,,,,,,,,,,,,,,,,,,,,,,,,,,,,,,,,,,,,,,,,,,,,,,,,,,,,,,,,,,,,,,,,,,,,,,,,,,,,,,,,,
71,235682,1140,2024-06-22,30.184,30.184,-88.692,-88.693,30.184,-88.6925,,,,,,,,,,,,,,,,,,,,,,,,,,,,,,,,,,,,,,,,,,,,,,,,,,,,,,,,,,,,,,,,,,,,,,,,,,,,,,,,,,,,,,,,,,,,,,,,,,,,,,,,,,,,,,,,,,,,,,,,,,,,,,,,,,,,,,,,,,,,,,,,,,,,,,,,,,,,,,,,,,,,,,,,,,,,,,,,,,,,,,,,,,,,,,,,,,,,,,,,,,
72,235683,1141,2024-10-20,27.434,27.412,-83.013,-83.024,27.423,-83.0185,18.7,11.5,353.0,30.0,142.9,,,,75.0,5.0,,11.0,19.4,,25.83,25.69,25.97,36.13,36.49,36.49,,,,7.2,7.1,6.7,,,,,,,,,,,,,,,,,,,,,,,,,,,,,,,,,,,,,,,,,,,,,,,,,,,,,,,,,,,,,,,,,,,,,,,,,,,,,,,,,,,,,,,,,,,,,,,,,,,,,,,,,,,,,,,,,,,,,,,,,,,,,,,,,,,,,,,,,,,,,,,,,,,,,,,,,,,,,,,,,,,,,,,,,,,,,,,,
73,235684,1141,2024-10-20,27.251,27.242,-82.886,-82.911,27.2465,-82.8985,21.8,11.6,347.0,30.0,184.2,,,,75.0,5.0,,9.7,16.5,,26.1,26.07,26.07,36.36,36.44,36.44,,,,6.8,6.7,6.7,,,,,,,,,,,,,,,,,,,,,,,,,,,,,,,,,,,,,,,,,,,,,,,,,,,,,,,,,,,,,,,,,,,,,,,,,,,,,,,,,,,,,,,,,,,,,,,,,,,,,,,,,,,,,,,,,,,,,,,,,,,,,,,,,,,,,,,,,,,,,,,,,,,,,,,,,,,,,,,,,,,,,,,,,,,,,,,,
74,235685,1141,2024-10-20,27.052,27.027,-82.801,-82.796,27.0395,-82.7985,25.2,15.7,1.0,30.0,,,,,75.0,,,,,,,,,,,,,,,,,,,,,,,,,,,,,,,,,,,,,,,,,,,,,,,,,,,,,,,,,,,,,,,,,,,,,,,,,,,,,,,,,,,,,,,,,,,,,,,,,,,,,,,,,,,,,,,,,,,,,,,,,,,,,,,,,,,,,,,,,,,,,,,,,,,,,,,,,,,,,,,,,,,,,,,,,,,,,,,,,,,,,,,,,,,,,,,,,
75,235686,1141,2024-10-21,26.84,26.819,-82.903,-82.92,26.8295,-82.9115,31.8,12.4,24.0,30.0,25.3,,,,75.0,,,15.8,29.3,,26.98,27.01,27.04,37.25,37.3,37.41,,,,6.8,6.7,6.7,,,,525.5680782309867,0.0022006677463650703,0.00220755604095757,0.0022646677680313587,0.0021393345668911934,0.0020484456326812506,0.0022064456716179848,0.002361333929002285,0.002422223100438714,0.0023766676895320415,0.002222890267148614,0.0020917782094329596,0.0021884453017264605,0.0023731125984340906,0.0022088896948844194,0.0020193345844745636,0.002114666858687997,0.002179778181016445,0.002221112372353673,0.002154223620891571,0.0021151117980480194,0.002402667887508869,0.0025462231133133173,0.0023704448249191046,0.00217866781167686,0.0021380011457949877,0.0020722229965031147,0.0020055558998137712,0.00200822320766747,0.002009112387895584,0.002008001087233424,0.00197888957336545,0.001956223975867033,0.0019424445927143097,0.0019504465162754059,0.002028445713222027,0.002071778057143092,0.002014223951846361,0.0019966671243309975,0.001997556071728468,0.0020157780963927507,0.00206333352252841,0.0021266681142151356,0.002153556328266859,0.002173778135329485,0.002199556678533554,0.0022126680705696344,0.0022288900800049305,0.0022428901866078377,0.0022320011630654335,0.002207334153354168,0.0022175561171025038,0.002260889858007431,0.0023035567719489336,0.0023500004317611456,0.0023806679528206587,0.002374668139964342,0.00239622313529253,0.002427778672426939,0.002408444881439209,0.0024033337831497192,0.0024237781763076782,0.002432001056149602,0.002452889224514365,0.002488223137333989,0.0025202231481671333,0.002502444665879011,0.0024713340681046247,0.0024531122762709856,0.002462223172187805,0.002512445440515876,0.002558445790782571,0.0025880010798573494,0.0026320007164031267,0.002694223076105118,0.0027468891348689795,0.0027735563926398754,0.002814001403748989,0.002841778565198183,0.002870000433176756,0.0029044453985989094,0.002924889326095581,0.0029240010771900415,0.0029144452419131994,0.0029193349182605743,0.002936667064204812,0.0029657790437340736,0.0029906672425568104,0.0029926677234470844,0.002957111457362771,0.0029037785716354847,0.002831112127751112,0.002737778704613447,0.002618890255689621,0.0024797788355499506,0.002309778006747365,0.0021317792125046253,0.001958445180207491,0.0018257788615301251,0.001004223246127367,0.0009831120260059834,0.000977111398242414,0.0009591124253347516,0.0009515562560409307,0.0009491120581515133,0.0009557782905176282,0.0009515562560409307,0.0009331119363196194,0.000908222864381969,0.0008897785446606576,0.0008817791240289807,0.0008815560140646994,0.0008768898551352322,0.0008762239012867212,0.000879111816175282,0.0008784458041191101,0.0008786680991761386,0.000878001272212714,0.0008708892855793238,0.0008577787084504962,0.0008431114256381989,0.0008313341531902552,0.0008168895146809518,0.0008053344790823758,0.0007917790208011866,0.0007771120872348547,0.0007642230484634638,0.0007575560011900961,0.0007546672131866217,0.0007595564820803702,0.0007704446907155216,0.0007880007033236325,0.0008113346993923187,0.0008428904111497104,0.0008773340377956629,0.0009188891854137182,0.000968890031799674,0.0010200010146945715,0.0010771118104457855,0.0011351116700097919,0.0011895564384758472,0.0012422236613929272,0.0012880013091489673,0.0013228894677013159,0.0013444452779367566,0.0013515568571165204,0.001348667312413454,0.0013346667401492596,0.0013144458644092083,0.0012828893959522247,0.0012346679577603936,0.0011735563166439533,0.0010997785720974207,0.0010264454176649451,0.0009575564763508737,0.0009055559639818966,0.0008611124358139932,0.0008255562279373407,0.0007924449746496975,0.0007602233090437949,0.0007304449682123959,0.0006982228951528668,0.000672000169288367,0.0006508897640742362,0.0006291121244430542,0.0006060008308850229,0.0005822231178171933,0.0005573344533331692,0.000539557368028909,0.0005204454064369202,0.0004948899149894714,0.00042422281694598496,0.00036844570422545075
76,235687,1141,2024-10-21,26.849,26.83,-82.553,-82.572,26.8395,-82.5625,20.3,13.6,50.0,30.0,191.4,,,,50.0,,,10.8,20.0,,26.44,26.59,26.54,36.18,36.51,36.55,,,,7.2,7.1,7.1,,,,535.597903467475,0.0016700004925951362,0.001683112233877182,0.0017528898315504193,0.001680445740930736,0.0016133346362039447,0.0017944449791684747,0.0019795564003288746,0.0020466679707169533,0.002056667348369956,0.0019742234144359827,0.0018688900163397193,0.0019755561370402575,0.0021837784443050623,0.002030222676694393,0.0018508897628635168,0.0019975556060671806,0.0021166678052395582,0.0021657785400748253,0.002107778796926141,0.002105111489072442,0.0024188896641135216,0.0025942230131477118,0.0024477785918861628,0.0022831116802990437,0.0022644454147666693,0.0022173337638378143,0.0021613342687487602,0.002181111602112651,0.002210222650319338,0.0022246676962822676,0.0022231116890907288,0.002229779027402401,0.0022346675395965576,0.0022711120545864105,0.00238800048828125,0.002453556517139077,0.002410667948424816,0.0024095559492707253,0.0024348897859454155,0.002478889189660549,0.0025553342420607805,0.0026595559902489185,0.002724667312577367,0.0027653342112898827,0.002814667532220483,0.00284866732545197,0.0028853341937065125,0.002921112347394228,0.0029348901007324457,0.0029335564468055964,0.0029702233150601387,0.0030428890604525805,0.003117556683719158,0.0031942229252308607,0.003258001059293747,0.0032917787320911884,0.0033406673464924097,0.0033977788407355547,0.0034017786383628845,0.00342000019736588,0.003458667080849409,0.003494667587801814,0.0035502230748534203,0.0036117781419306993,0.00367844570428133,0.003714001039043069,0.0037388892378658056,0.0037664452102035284,0.0038282228633761406,0.003927556797862053,0.004033778328448534,0.004132000729441643,0.004244000185281038,0.004370223265141249,0.004490445367991924,0.004584668204188347,0.004699555691331625,0.004804668016731739,0.004908445756882429,0.005011333618313074,0.005100223235785961,0.005164890084415674,0.005226001143455505,0.005303556099534035,0.005385112017393112,0.005476000718772411,0.005553112365305424,0.0055873338133096695,0.0055686673149466515,0.00550089031457901,0.005395779386162758,0.005250667687505484,0.005062000826001167,0.004837334156036377,0.004558222368359566,0.004244889598339796,0.003908445592969656,0.0035620008129626513,0.0019200009992346168,0.001885334262624383,0.0018575559370219707,0.0018277788767591119,0.0018033343367278576,0.001781334518454969,0.0017653339309617877,0.0017464454285800457,0.0017202231101691723,0.0016866677906364202,0.0016617783112451434,0.0016446677036583424,0.001643334049731493,0.0016417780425399542,0.0016353341052308679,0.0016326672630384564,0.0016173335025087,0.0016048898687586188,0.001595334499143064,0.001578889787197113,0.0015642228536307812,0.0015404456062242389,0.0015115567948669195,0.0014777787728235126,0.0014426675625145435,0.0014064456336200237,0.0013731126673519611,0.0013426674995571375,0.00132022297475487,0.001302445074543357,0.0012900005094707012,0.0012848898768424988,0.0012895563850179315,0.0012995563447475433,0.0013168896548449993,0.0013402232434600592,0.001371112186461687,0.0014088890748098493,0.0014506673905998468,0.0014975559897720814,0.0015462231822311878,0.0015964454505592585,0.0016460004262626171,0.0016895561711862683,0.0017282238695770502,0.0017553344368934631,0.0017704454949125648,0.0017660015728324652,0.0017668898217380047,0.001757333637215197,0.0017364451196044683,0.0017000006046146154,0.0016386678908020258,0.001561556477099657,0.001484001288190484,0.0014124454464763403,0.0013582230312749743,0.0013113340828567743,0.0012697784695774317,0.0012206671526655555,0.001173778553493321,0.0011313342256471515,0.0010908900294452906,0.0010566674172878265,0.0010253340005874634,0.0009904453763738275,0.0009528890950605273,0.000916666875127703,0.0008820013608783484,0.0008484452264383435,0.0008111115894280374,0.0007640003459528089,0.0006444446044042706,0.000559556414373219
77,235688,1141,2024-10-21,26.734,26.712,-82.634,-82.647,26.723,-82.6405,24.7,15.7,62.0,30.0,92.9,,,,25.0,,,11.6,21.1,,25.85,26.3,26.38,36.97,36.79,36.99,,,,7.0,6.9,6.9,,,,530.9320856843887,0.0020735561847686768,0.002088889479637146,0.002178000984713435,0.00210088980384171,0.002035333774983883,0.002212667604908347,0.002372890245169401,0.0024451117496937513,0.002442445605993271,0.0023420010693371296,0.002235333900898695,0.002350668190047145,0.0025617789942771196,0.002405778504908085,0.002218667883425951,0.0023675565607845783,0.00248888973146677,0.0025262227281928062,0.002466001082211733,0.0024540002923458815,0.0027764455880969763,0.0029526676516979933,0.002801779191941023,0.002640445251017809,0.0026217785198241472,0.0025777779519557953,0.0025257791858166456,0.002538223285228014,0.002556445309892297,0.002572445897385478,0.0025704456493258476,0.002572000492364168,0.002580667147412896,0.0026222234591841698,0.0027357786893844604,0.0027922221925109625,0.0027433340437710285,0.0027397784870117903,0.002771778265014291,0.0028184454422444105,0.002896667690947652,0.0030120015144348145,0.0030857783276587725,0.003132666926831007,0.0031826673075556755,0.003213778603821993,0.003248223103582859,0.0032813341822475195,0.003296889830380678,0.003301556222140789,0.0033395562786608934,0.003410222940146923,0.003490223316475749,0.0035784447100013494,0.003653557039797306,0.0036926674656569958,0.0037464441265910864,0.003803556552156806,0.003813333809375763,0.0038408897817134857,0.0038835564628243446,0.003920222632586956,0.003972445614635944,0.004029556643217802,0.0040886676870286465,0.004116223193705082,0.0041277785785496235,0.004135778173804283,0.004182223230600357,0.004276667721569538,0.004379111807793379,0.004473556764423847,0.004582223016768694,0.004702444653958082,0.004814223386347294,0.004901556298136711,0.005007556639611721,0.005100001115351915,0.0051846676506102085,0.005264667794108391,0.0053324452601373196,0.005375557113438845,0.005403334274888039,0.005443779285997152,0.005501333624124527,0.0055720005184412,0.005623778328299522,0.005633556749671698,0.0055928900837898254,0.0055042230524122715,0.005370444618165493,0.005199779290705919,0.004990667104721069,0.004744668025523424,0.004444222431629896,0.004119112156331539,0.003780889790505171,0.0034417787101119757,0.0018428899347782135,0.0018115565180778503,0.00178844528272748,0.0017640010919421911,0.0017453344771638513,0.0017235556151717901,0.0017068899469450116,0.0016884455690160394,0.0016646678559482098,0.0016351118683815002,0.001610889215953648,0.0015957786235958338,0.0015940011944621801,0.0015900010475888848,0.0015826676972210407,0.0015771115431562066,0.0015597785823047161,0.0015468900091946125,0.0015346676809713244,0.0015208899276331067,0.0015062226448208094,0.0014844457618892193,0.0014624454779550433,0.0014295561704784632,0.001399778644554317,0.0013695561792701483,0.0013402232434600592,0.0013148901052772999,0.0012973344419151545,0.0012833339860662818,0.001275556394830346,0.0012760013341903687,0.0012824448058381677,0.0012955566635355353,0.001318667083978653,0.0013453331775963306,0.0013802229659631848,0.0014220000011846423,0.001465778797864914,0.0015151123516261578,0.00156577886082232,0.001617112080566585,0.0016660006949678063,0.001709779491648078,0.0017448895378038287,0.0017693345434963703,0.001778445322997868,0.001769111375324428,0.0017595564713701606,0.001739333849400282,0.0017084450228139758,0.0016628900775685906,0.0015975567512214184,0.0015162224881350994,0.0014355563325807452,0.001361556351184845,0.0013060010969638824,0.001257778494618833,0.0012171119451522827,0.0011713342973962426,0.0011257781879976392,0.0010864452924579382,0.0010473334696143866,0.0010128894355148077,0.0009822224965319037,0.0009493339457549155,0.0009144453797489405,0.0008815564215183258,0.0008471119799651206,0.0008137788972817361,0.0007793340482749045,0.0007346674101427197,0.0006275561754591763,0.0005457790102809668
78,235689,1141,2024-10-21,26.531,26.516,-82.612,-82.634,26.5235,-82.623,24.1,16.4,20.0,30.0,88.5,,,,25.0,,,10.5,19.4,,26.26,26.38,26.39,36.89,36.82,36.83,,,,6.6,6.6,6.6,,,,523.6752823096955,0.0018988893134519458,0.0019244452705606818,0.001994668273255229,0.0019282227149233222,0.0018633343279361725,0.0020362234208732843,0.002198446076363325,0.002284667454659939,0.0022837789729237556,0.002188000362366438,0.0020913342013955116,0.002205334138125181,0.0024215562734752893,0.0022833338007330894,0.0021188901737332344,0.002267334144562483,0.0024046674370765686,0.0024602236226201057,0.0024157778825610876,0.0024288897402584553,0.002770223654806614,0.0029626674950122833,0.002821778180077672,0.002677334239706397,0.0026786678936332464,0.0026584449224174023,0.0026313343551009893,0.002666445216163993,0.0027097787242382765,0.002746890066191554,0.0027688895352184772,0.0027953339740633965,0.00282933353446424,0.0028951121494174004,0.0030362228862941265,0.003118222812190652,0.0030980007722973824,0.003126889932900667,0.003184889443218708,0.003253778675571084,0.0033504462335258722,0.003477112390100956,0.0035651123616844416,0.0036413343623280525,0.003730223746970296,0.0037948903627693653,0.003862889250740409,0.003929556347429752,0.0039795562624931335,0.004013556521385908,0.004074667580425739,0.0041668894700706005,0.00426466716453433,0.004369111731648445,0.004460001364350319,0.004518445581197739,0.004595112521201372,0.00467511173337698,0.004692445043474436,0.0047260005958378315,0.00477911252528429,0.004816445056349039,0.004858445841819048,0.004896667320281267,0.00492800073698163,0.004917334299534559,0.004878000821918249,0.004830000922083855,0.004834889899939299,0.004900000989437103,0.004978223238140345,0.005056222900748253,0.005135334096848965,0.005222667474299669,0.005299334414303303,0.005344001110643148,0.00540066696703434,0.00544311199337244,0.00547044537961483,0.005487112328410149,0.005494445562362671,0.005473779048770666,0.005441778805106878,0.005433334037661552,0.005441778805106878,0.005469556897878647,0.00548955611884594,0.005473112687468529,0.005411555990576744,0.005312889348715544,0.005183111410588026,0.005015334114432335,0.004814000800251961,0.004576667677611113,0.0042835562489926815,0.003957334440201521,0.003617333946749568,0.0032724449411034584,0.001691556186415255,0.0016628897283226252,0.0016468896064907312,0.0016295561799779534,0.0016093344893306494,0.001590445637702942,0.0015793339116498828,0.0015613341238349676,0.0015391119522973895,0.0015140005853027105,0.001493333955295384,0.00147733383346349,0.0014713344862684608,0.0014646673807874322,0.0014544451842084527,0.0014455566415563226,0.0014280006289482117,0.0014137782854959369,0.0013980004005134106,0.0013811112148687243,0.0013648892054334283,0.0013453339925035834,0.0013228899333626032,0.0012966676149517298,0.0012722230749204755,0.0012440006248652935,0.0012211124412715435,0.001197556615807116,0.0011811120202764869,0.0011688896920531988,0.0011588893830776215,0.0011568893678486347,0.001160444924607873,0.0011675560381263494,0.0011817783815786242,0.0011984453303739429,0.0012191119603812695,0.0012431120267137885,0.0012662229128181934,0.0012937788851559162,0.001320667564868927,0.0013511114520952106,0.0013782237656414509,0.001400223234668374,0.0014175561955198646,0.001424445421434939,0.0014233349356800318,0.0014068902237340808,0.0013964453246444464,0.0013817788567394018,0.001361556351184845,0.0013304459862411022,0.0012824456207454205,0.0012195565504953265,0.001158223021775484,0.0011013341136276722,0.0010626675793901086,0.0010291122598573565,0.0009988902602344751,0.0009646676480770111,0.000929111847653985,0.0008997789118438959,0.0008706673979759216,0.0008437786600552499,0.0008220014278776944,0.0007955559995025396,0.0007671117782592773,0.0007393339183181524,0.000711555709131062,0.0006853342056274414,0.0006542230839841068,0.0006166675593703985,0.0005184457404538989,0.0004488900303840637
79,235690,1141,2024-10-21,26.192,26.171,-82.531,-82.545,26.1815,-82.538,23.8,14.9,17.0,30.0,159.7,,,,50.0,5.0,,11.2,20.3,,26.34,26.46,26.5,36.87,36.93,36.9,,,,6.6,6.6,6.6,,,,520.7957280714161,0.0015242232475429773,0.0015188894467428327,0.0015597785823047161,0.0014373345766216516,0.0013466671807691455,0.0015506678028032184,0.0017311121337115765,0.0018044454045593739,0.0017975560622289777,0.0016893342835828662,0.0015784448478370905,0.0016966672847047448,0.0019431127002462745,0.0017782226204872131,0.0015717786736786366,0.0017286671791225672,0.0018748901784420013,0.0019460006151348352,0.0018808895256370306,0.0018660008208826184,0.002233778825029731,0.0024500014260411263,0.002301556058228016,0.0021428896579891443,0.0021453341469168663,0.0021320011001080275,0.002120000310242176,0.0021691119764000177,0.0022184450644999743,0.0022597787901759148,0.0022848898079246283,0.0023197787813842297,0.00236577820032835,0.002448000945150852,0.0026111118495464325,0.0027157787699252367,0.0027111119125038385,0.002751334337517619,0.0028213346377015114,0.002898222766816616,0.0029991120100021362,0.003128889948129654,0.0032166673336178064,0.0032920001540333033,0.0033826669678092003,0.0034724457655102015,0.0035682229790836573,0.0036557780113071203,0.003722667694091797,0.003766222856938839,0.003840000368654728,0.003943778574466705,0.0040480000898242,0.004155334550887346,0.004251333884894848,0.004321778193116188,0.0044115567579865456,0.004505557008087635,0.004534889943897724,0.004575334023684263,0.0046315561048686504,0.004672000650316477,0.004714000504463911,0.004744222853332758,0.0047540003433823586,0.004714000970125198,0.004634890239685774,0.0045435563661158085,0.004507112316787243,0.004545334726572037,0.004592889919877052,0.004620889201760292,0.004663556348532438,0.004713334143161774,0.0047384449280798435,0.004738223273307085,0.004748890176415443,0.004746889695525169,0.004729555919766426,0.004700889810919762,0.004665778949856758,0.004597334191203117,0.004523112438619137,0.004474223591387272,0.004445334430783987,0.004435333888977766,0.004430889151990414,0.004404889419674873,0.00435066781938076,0.004274667706340551,0.004178444854915142,0.004053556360304356,0.0038975568022578955,0.0037106673698872328,0.003485779045149684,0.0032317787408828735,0.0029693336691707373,0.002714889356866479,0.0013922234065830708,0.0013724453747272491,0.0013586676213890314,0.0013395568821579218,0.0013295565731823444,0.0013195561477914453,0.001316445181146264,0.0013060010969638824,0.0012822230346500874,0.001253334223292768,0.0012304452247917652,0.0012166673550382257,0.0012111121322959661,0.001205111970193684,0.0011953347129747272,0.0011882223188877106,0.0011762226931750774,0.0011680014431476593,0.0011611121008172631,0.0011480003595352173,0.001132445177063346,0.0011146672768518329,0.0010931123979389668,0.0010704451706260443,0.0010502231307327747,0.0010257785907015204,0.0010071115102618933,0.00098977901507169,0.0009755566716194153,0.0009657785994932055,0.0009586678352206945,0.0009537786245346069,0.0009557786979712546,0.000959556142333895,0.0009660013020038605,0.0009731124737299979,0.0009822228457778692,0.0009931123349815607,0.0010033340658992529,0.0010133335599675775,0.0010211127810180187,0.0010273340158164501,0.0010342233581468463,0.001035778084769845,0.0010357784340158105,0.0010317779378965497,0.001021556556224823,0.0010073342127725482,0.0010040017077699304,0.0010060013737529516,0.0010017785243690014,0.000987555831670761,0.000947778404224664,0.0008980002603493631,0.0008566681644879282,0.000820667773950845,0.0007953333551995456,0.0007708900375291705,0.0007477787439711392,0.0007240010891109705,0.0007008902030065656,0.0006828896002843976,0.0006631116266362369,0.0006428898777812719,0.0006277784705162048,0.0006068899529054761,0.0005851119058206677,0.0005642237956635654,0.0005451121833175421,0.0005244447384029627,0.0004984454717487097,0.00047133449697867036,0.0004204453725833446,0.0003931116661988199
80,235691,1141,2024-10-21,26.323,26.299,-82.246,-82.253,26.311,-82.2495,14.8,12.1,43.0,30.0,32.1,,,,25.0,6.0,,7.0,12.6,,25.73,25.74,25.72,36.79,36.75,36.71,,,,6.7,6.7,6.6,,,,538.856076195515,0.001536223222501576,0.001506667584180832,0.0015455563552677631,0.0014464458217844367,0.001362000941298902,0.0015277788043022156,0.0016731122741475701,0.0017613342497497797,0.0017688899533823133,0.001651334692724049,0.0015268897404894233,0.0016180011443793774,0.0018253339221701026,0.0016771120717749,0.0014826671686023474,0.001624890137463808,0.0017615569522604346,0.001819778699427843,0.0017504452262073755,0.0017382228979840875,0.0020913344342261553,0.0022813337855041027,0.002125333994626999,0.0019811121746897697,0.0019888889510184526,0.001961556263267994,0.0019382238388061523,0.0019755566027015448,0.0020126679446548223,0.0020448900759220123,0.002055334160104394,0.00208155601285398,0.002120222896337509,0.002185112563893199,0.0023388899862766266,0.0024400008842349052,0.0024157788138836622,0.0024457788094878197,0.002510445425286889,0.0025742240250110626,0.0026624451857060194,0.0027811117470264435,0.0028617780189961195,0.0029315566644072533,0.0030157784931361675,0.0030926677864044905,0.003179555991664529,0.0032613342627882957,0.0033222229685634375,0.0033571114763617516,0.003428666852414608,0.0035377787426114082,0.0036484459415078163,0.0037588898558169603,0.0038557786028832197,0.003924667369574308,0.004014445934444666,0.004108223132789135,0.004143778700381517,0.004204000346362591,0.004275778774172068,0.00433733407407999,0.004416889976710081,0.004491778556257486,0.00456022284924984,0.004592223092913628,0.004610000178217888,0.004628445953130722,0.004679111763834953,0.004770668223500252,0.004866889212280512,0.004948001354932785,0.005038889590650797,0.00513777881860733,0.005227779038250446,0.005293333902955055,0.005367778707295656,0.005431334022432566,0.005490667186677456,0.0055408901534974575,0.0055862232111394405,0.005606001242995262,0.005623779259622097,0.005664445459842682,0.005719778593629599,0.005791778210550547,0.0058604455552995205,0.005901555996388197,0.005903778597712517,0.005866445135325193,0.005804889835417271,0.005714889615774155,0.005586889572441578,0.005418667569756508,0.00519844563677907,0.004920667503029108,0.004602445289492607,0.004242890514433384,0.002402667887508869,0.0023724453058093786,0.0023453347384929657,0.002318446058779955,0.0022975567262619734,0.00227200030349195,0.0022540013305842876,0.0022322232834994793,0.002200889401137829,0.0021686675027012825,0.0021415564697235823,0.0021160005126148462,0.0021082242019474506,0.0020971116609871387,0.002082444727420807,0.002063111634925008,0.0020337780006229877,0.002010445576161146,0.001987556228414178,0.001969112316146493,0.0019524453673511744,0.0019277785904705524,0.0018997788429260254,0.0018624452641233802,0.001823778380639851,0.0017797789769247174,0.001742444932460785,0.0017106682062149048,0.0016848891973495483,0.001666444819420576,0.0016511124558746815,0.001639778376556933,0.001638889778405428,0.0016402234323322773,0.0016493337461724877,0.0016593345208093524,0.0016742232255637646,0.001691556186415255,0.0017097783274948597,0.0017297789454460144,0.0017466677818447351,0.0017646683845669031,0.0017795558087527752,0.0017906675348058343,0.0017953336937353015,0.001794890034943819,0.0017904452979564667,0.0017742229392752051,0.0017637783894315362,0.0017546680755913258,0.001736889244057238,0.0017088899621739984,0.0016548894345760345,0.0015820004045963287,0.0015133342240005732,0.0014542224816977978,0.0014106676680967212,0.0013740012655034661,0.001337112276814878,0.0012942225439473987,0.0012506680795922875,0.00121355673763901,0.001178445527330041,0.0011468902230262756,0.0011182232992723584,0.0010835565626621246,0.0010493336012586951,0.0010117784840986133,0.0009762230911292136,0.0009362234268337488,0.0008904449641704559,0.0008360010688193142,0.000710667809471488,0.0006206677062436938
81,235692,1141,2024-10-21,26.197,26.172,-81.999,-81.998,26.1845,-81.9985,12.4,8.3,29.0,30.0,84.2,,,,50.0,5.0,,5.9,9.4,,25.77,25.76,25.44,36.49,36.51,36.62,,,,7.0,7.0,6.9,,,,526.7489920966797,0.0026766674127429724,0.0026237783022224903,0.0026146674063056707,0.0024617782328277826,0.0023426669649779797,0.002569334814324975,0.002732223831117153,0.0027591127436608076,0.0027060003485530615,0.002520001260563731,0.002368667395785451,0.0024626674130558968,0.0026655569672584534,0.0024702230002731085,0.002251334022730589,0.002414889633655548,0.0025388896465301514,0.0025740014389157295,0.002479556482285261,0.002477334113791585,0.002839556895196438,0.003021556418389082,0.00284377858042717,0.0026437784545123577,0.0026357790920883417,0.0026157787069678307,0.0025982228107750416,0.0026275564450770617,0.00264755729585886,0.0026728895027190447,0.0026744455099105835,0.0027026673778891563,0.0027297784108668566,0.00279711140319705,0.0029708901420235634,0.003076222725212574,0.0030562228057533503,0.0030771116726100445,0.0031351116485893726,0.003205111948773265,0.003295556176453829,0.0034395563416182995,0.003544223727658391,0.0036082230508327484,0.00369355664588511,0.00378733454272151,0.003889334388077259,0.003977556247264147,0.004046667367219925,0.004086000844836235,0.004169555846601725,0.004295111633837223,0.00440911203622818,0.004522889386862516,0.004633779171854258,0.0047166673466563225,0.004828000906854868,0.0049433340318500996,0.004974667448550463,0.005032889544963837,0.005119333043694496,0.005185556598007679,0.005266000051051378,0.005345778539776802,0.005410000681877136,0.005436001345515251,0.005432667676359415,0.005415334366261959,0.005441335029900074,0.005533778574317694,0.005631778389215469,0.005707999691367149,0.005789556074887514,0.005874223075807095,0.005946001037955284,0.005983778741210699,0.006030000746250153,0.006056889425963163,0.006071333773434162,0.0060744453221559525,0.006062445696443319,0.006014668382704258,0.005968889687210321,0.005949334241449833,0.005955556407570839,0.0059882220812141895,0.006012001074850559,0.006000223103910685,0.005959333851933479,0.005884223151952028,0.005782000254839659,0.005650445353239775,0.005495334044098854,0.0053026676177978516,0.005039556417614222,0.004715556278824806,0.004348889924585819,0.003951333928853273,0.0020295563153922558,0.002008000621572137,0.001977333100512624,0.0019462233176454902,0.0019237784435972571,0.0019017788581550121,0.001891334424726665,0.0018686673138290644,0.0018382237758487463,0.0018095565028488636,0.0017824446549639106,0.0017546676099300385,0.0017444449476897717,0.0017308898968622088,0.001712223282083869,0.0016928898403421044,0.0016666671726852655,0.001644445350393653,0.0016293344087898731,0.001614667009562254,0.0016040003392845392,0.0015824449947103858,0.0015575563302263618,0.0015284456312656403,0.0014946676092222333,0.0014577785041183233,0.0014240009477362037,0.0013962230877950788,0.0013737790286540985,0.0013582234969362617,0.0013475562445819378,0.0013348899083212018,0.001334001193754375,0.0013317788252606988,0.0013382232282310724,0.0013415557332336903,0.0013471117708832026,0.0013540006475523114,0.0013606672873720527,0.0013713344233110547,0.0013788893120363355,0.0013848902890458703,0.0013904455117881298,0.0013922237558290362,0.0013873345451429486,0.0013851121766492724,0.0013735563261434436,0.0013653337955474854,0.001358667155727744,0.0013593347975984216,0.001357333967462182,0.0013344449689611793,0.001281779259443283,0.0012164455838501453,0.0011555560631677508,0.0011095566442236304,0.0010740011930465698,0.0010417787125334144,0.0010115565964952111,0.0009762226836755872,0.0009433341328985989,0.0009186677634716034,0.0008895567152649164,0.0008622233872301877,0.0008397785131819546,0.0008097783429548144,0.0007857783930376172,0.0007597783114761114,0.000733555993065238,0.0007060013012960553,0.0006677781348116696,0.00062577921198681,0.0005400006775744259,0.0004964454565197229
82,235693,1141,2024-10-21,26.055,26.03,-82.261,-82.255,26.0425,-82.258,21.4,13.2,357.0,30.0,130.5,,,,25.0,7.0,,10.3,17.8,,26.47,26.46,26.37,36.58,36.6,36.68,,,,6.9,6.8,6.7,,,,522.8475181025378,0.002083112485706806,0.0020673349499702454,0.002105112187564373,0.0019168899161741138,0.0017473341431468725,0.0019282227149233222,0.002124445280060172,0.002238667570054531,0.002222444862127304,0.002054223557934165,0.0019140007207170129,0.00200822320766747,0.002153112320229411,0.0019962238147854805,0.0018415562808513641,0.00199311226606369,0.002065112115815282,0.002105556894093752,0.0020735561847686768,0.0020375559106469154,0.002384445397183299,0.002582000335678458,0.002403334714472294,0.0022357788402587175,0.002236001193523407,0.0022175563499331474,0.002191778738051653,0.0022168895229697227,0.0022526676766574383,0.0022702233400195837,0.0022697793319821358,0.0023002231027930975,0.002340889535844326,0.002423556288704276,0.0025735560338944197,0.002645556814968586,0.0026133342180401087,0.002653556875884533,0.0027211117558181286,0.002780445385724306,0.0028684448916465044,0.002977112540975213,0.003038889029994607,0.003103778697550297,0.003190667601302266,0.0032664453610777855,0.0033426673617213964,0.0034168900456279516,0.0034751121420413256,0.003498445264995098,0.0035662229638546705,0.003663556883111596,0.003749334253370762,0.003855333896353841,0.00394222280010581,0.003992000594735146,0.004082223400473595,0.004175334237515926,0.00419044541195035,0.0042322236113250256,0.004286000970751047,0.0043306672014296055,0.0043984451331198215,0.004449778702110052,0.004479334224015474,0.004457556642591953,0.004405556246638298,0.0043500009924173355,0.004334667697548866,0.004388222936540842,0.004448222927749157,0.004494223278015852,0.004546001087874174,0.004602667409926653,0.004644446074962616,0.004643334075808525,0.004660445265471935,0.004678444936871529,0.0046844459138810635,0.004666222259402275,0.0046522230841219425,0.004602889996021986,0.004548444412648678,0.004526667296886444,0.004501111805438995,0.004498445428907871,0.004504445940256119,0.004486889578402042,0.004444444552063942,0.004370889160782099,0.0042791119776666164,0.00415400043129921,0.003994446247816086,0.003810000605881214,0.003601111937314272,0.0033455556258559227,0.0030811121687293053,0.002830223413184285,0.0014735567383468151,0.0014462226536124945,0.0014264450874179602,0.0014053346822038293,0.0013948897831141949,0.0013868904206901789,0.0013900010380893946,0.0013720004353672266,0.0013413341948762536,0.0013166674179956317,0.0012895563850179315,0.0012720016529783607,0.0012675561010837555,0.0012613340513780713,0.0012504450278356671,0.001237112213857472,0.0012197784380987287,0.0012075561098754406,0.0011951124761253595,0.001193112344481051,0.0011791118886321783,0.0011622230522334576,0.0011446678545325994,0.0011180001311004162,0.0010968901915475726,0.0010728894267231226,0.0010486675892025232,0.0010293344967067242,0.0010177791118621826,0.0010104456450790167,0.0010102229425683618,0.001009778818115592,0.001009556115604937,0.0010113338939845562,0.0010193338384851813,0.0010271117789670825,0.0010386680951341987,0.001051778206601739,0.0010642223060131073,0.0010717788245528936,0.0010784441838040948,0.0010851116385310888,0.0010877781314775348,0.0010913341538980603,0.0010868898825719953,0.0010811114916577935,0.0010726680047810078,0.0010633344063535333,0.0010620004031807184,0.0010648899478837848,0.001061779330484569,0.0010437783785164356,0.0009982221527025104,0.0009411118226125836,0.000896889716386795,0.0008568896446377039,0.0008297786116600037,0.0008066673181019723,0.000779556343331933,0.000754444976337254,0.0007284448947757483,0.0007102232775650918,0.000688667525537312,0.0006666675908491015,0.0006488892831839621,0.0006235560867935419,0.0005986674223095179,0.0005800012149848044,0.000558223167899996,0.000535778293851763,0.0005095567903481424,0.0004795570275746286,0.00044533362961374223,0.00042244544601999223
83,235694,1141,2024-10-21,26.011,26.016,-82.144,-82.117,26.0135,-82.1305,19.0,7.1,356.0,30.0,36.6,,,,50.0,,,9.6,16.6,,26.28,26.07,26.09,36.87,36.84,36.83,,,,6.9,6.6,6.7,,,,520.9338845565608,0.002642667153850198,0.0025806676130741835,0.002592001110315323,0.002358668018132448,0.002228000434115529,0.0024357785005122423,0.0025579999200999737,0.002634667791426182,0.002608001232147217,0.0024304448161274195,0.002300000749528408,0.0024333340115845203,0.002584000350907445,0.0023695561103522778,0.002175778616219759,0.002302000531926751,0.002397778909653425,0.00243555661290884,0.00235511246137321,0.0023433342576026917,0.002662667306140065,0.002812667516991496,0.0026322235353291035,0.0024713343009352684,0.0024633342400193214,0.0024211120326071978,0.002387778600677848,0.002414000453427434,0.0024435562081635,0.002454223344102502,0.0024397792294621468,0.0024626674130558968,0.002490222454071045,0.0025417788419872522,0.0026806676760315895,0.0027575562708079815,0.0027342236135154963,0.0027504460886120796,0.0027864451985806227,0.0028464454226195812,0.002930223010480404,0.0030408899765461683,0.003109333338215947,0.0031671118922531605,0.00322955590672791,0.0032946665305644274,0.00337666692212224,0.0034404455218464136,0.0034808898344635963,0.0034933339338749647,0.0035482230596244335,0.0036420002579689026,0.0037364449817687273,0.003826222848147154,0.003902667434886098,0.003960000816732645,0.004042667802423239,0.004125555977225304,0.004148000851273537,0.004196223337203264,0.004247333854436874,0.0042877779342234135,0.004356000572443008,0.004413111135363579,0.004443778656423092,0.004431112203747034,0.004380000755190849,0.004323556553572416,0.004324001260101795,0.004373556934297085,0.004417333751916885,0.004455334972590208,0.0045126681216061115,0.004575112368911505,0.004602889530360699,0.004600222688168287,0.004618222825229168,0.0046266671270132065,0.004623333923518658,0.004607110749930143,0.004576890263706446,0.004511334002017975,0.004447778686881065,0.0044184462167322636,0.0044002230279147625,0.004407777916640043,0.004412445239722729,0.004388223867863417,0.004350223112851381,0.004270445089787245,0.004169556312263012,0.0040495567955076694,0.003899555653333664,0.0037242237012833357,0.0035068897996097803,0.003245777916163206,0.0029866674449294806,0.002741778502240777,0.0014208898646757007,0.0014057784574106336,0.0013837781734764576,0.001361556351184845,0.0013460008194670081,0.0013328897766768932,0.001341556548140943,0.0013324456522241235,0.0012995563447475433,0.0012740008533000946,0.001254222821444273,0.0012322230031713843,0.0012228898704051971,0.0012162228813394904,0.0012040013680234551,0.001193334232084453,0.0011773341102525592,0.0011691120453178883,0.0011584456078708172,0.0011493340134620667,0.001137778628617525,0.00111977884080261,0.001107778400182724,0.0010875558946281672,0.001065111835487187,0.0010397785808891058,0.0010184446582570672,0.0009997793240472674,0.000989334424957633,0.0009831120260059834,0.0009748894372023642,0.0009711119928397238,0.0009740007226355374,0.0009751117322593927,0.0009855561656877398,0.0010006672237068415,0.0010106675326824188,0.0010235562222078443,0.0010360007872805,0.001045112032443285,0.0010520009091123939,0.0010600010864436626,0.0010646677110344172,0.00106422312092036,0.0010617785155773163,0.001058001071214676,0.001052000094205141,0.0010508894920349121,0.0010480002965778112,0.0010531122097745538,0.0010513336164876819,0.0010277786059305072,0.0009804447181522846,0.000924000283703208,0.0008788895211182535,0.0008393339812755585,0.0008148898486979306,0.0007853342685848475,0.0007533335592597723,0.0007268898189067841,0.0007002233760431409,0.0006831114296801388,0.0006660007638856769,0.0006453345413319767,0.0006264456314966083,0.0006060008308850229,0.000585333735216409,0.0005644452176056802,0.0005460008978843689,0.0005226681823842227,0.0004951126175001264,0.00047044537495821714,0.00043822370935231447,0.00042066763853654265
84,235695,1141,2024-10-22,25.797,25.773,-82.337,-82.344,25.785,-82.3405,26.3,15.0,17.0,30.0,75.7,,,,50.0,,,13.6,24.4,,26.81,26.84,26.86,37.06,37.08,37.11,,,,6.8,6.7,6.7,,,,,,,,,,,,,,,,,,,,,,,,,,,,,,,,,,,,,,,,,,,,,,,,,,,,,,,,,,,,,,,,,,,,,,,,,,,,,,,,,,,,,,,,,,,,,,,,,,,,,,,,,,,,,,,,,,,,,,,,,,,,,,,,,,,,,,,,,,,,,,,,,,,,,,,,,,,,,,,,,,,,,,,,,,,,,,,,
85,235696,1141,2024-10-22,25.657,25.632,-82.2,-82.2,25.6445,-82.2,24.9,15.0,32.0,30.0,353.0,,,,25.0,,,12.0,20.6,,27.13,27.12,27.1,37.12,37.13,37.15,,,,6.6,6.6,6.6,,,,,,,,,,,,,,,,,,,,,,,,,,,,,,,,,,,,,,,,,,,,,,,,,,,,,,,,,,,,,,,,,,,,,,,,,,,,,,,,,,,,,,,,,,,,,,,,,,,,,,,,,,,,,,,,,,,,,,,,,,,,,,,,,,,,,,,,,,,,,,,,,,,,,,,,,,,,,,,,,,,,,,,,,,,,,,,,
86,235697,1141,2024-10-22,25.512,25.491,-82.154,-82.167,25.5015,-82.1605,25.8,10.5,24.0,30.0,30.8,,,,,,,11.0,21.0,,26.81,26.98,27.0,37.78,37.68,37.68,,,,6.6,6.6,6.6,,,,,,,,,,,,,,,,,,,,,,,,,,,,,,,,,,,,,,,,,,,,,,,,,,,,,,,,,,,,,,,,,,,,,,,,,,,,,,,,,,,,,,,,,,,,,,,,,,,,,,,,,,,,,,,,,,,,,,,,,,,,,,,,,,,,,,,,,,,,,,,,,,,,,,,,,,,,,,,,,,,,,,,,,,,,,,,,
87,235698,1141,2024-10-22,25.543,25.521,-81.846,-81.86,25.532,-81.853,15.4,14.1,40.0,30.0,306.2,,,,,,,7.0,12.3,,26.12,26.22,26.22,37.63,37.58,37.6,,,,6.5,6.5,6.5,,,,,,,,,,,,,,,,,,,,,,,,,,,,,,,,,,,,,,,,,,,,,,,,,,,,,,,,,,,,,,,,,,,,,,,,,,,,,,,,,,,,,,,,,,,,,,,,,,,,,,,,,,,,,,,,,,,,,,,,,,,,,,,,,,,,,,,,,,,,,,,,,,,,,,,,,,,,,,,,,,,,,,,,,,,,,,,,
88,235699,1141,2024-10-22,25.486,25.464,-81.716,-81.728,25.475,-81.722,12.6,10.5,22.0,30.0,,,,,,,,,,,,,,,,,,,,,,,,,,,,,,,,,,,,,,,,,,,,,,,,,,,,,,,,,,,,,,,,,,,,,,,,,,,,,,,,,,,,,,,,,,,,,,,,,,,,,,,,,,,,,,,,,,,,,,,,,,,,,,,,,,,,,,,,,,,,,,,,,,,,,,,,,,,,,,,,,,,,,,,,,,,,,,,,,,,,,,,,,,,,,,,,,,,,,,
89,235700,1141,2024-10-22,25.205,25.182,-81.681,-81.692,25.1935,-81.6865,14.8,10.4,15.0,30.0,64.4,,,,,7.0,,7.3,11.8,,26.24,26.25,26.25,37.75,37.74,37.73,,,,6.6,6.6,6.6,,,,,,,,,,,,,,,,,,,,,,,,,,,,,,,,,,,,,,,,,,,,,,,,,,,,,,,,,,,,,,,,,,,,,,,,,,,,,,,,,,,,,,,,,,,,,,,,,,,,,,,,,,,,,,,,,,,,,,,,,,,,,,,,,,,,,,,,,,,,,,,,,,,,,,,,,,,,,,,,,,,,,,,,,,,,,,,,
90,235701,1141,2024-10-22,25.058,25.036,-81.587,-81.597,25.047,-81.592,12.1,7.0,1.0,30.0,43.0,,,,25.0,5.0,,5.7,9.8,,26.42,26.32,26.25,38.06,38.06,38.1,,,,6.6,6.6,6.5,,,,,,,,,,,,,,,,,,,,,,,,,,,,,,,,,,,,,,,,,,,,,,,,,,,,,,,,,,,,,,,,,,,,,,,,,,,,,,,,,,,,,,,,,,,,,,,,,,,,,,,,,,,,,,,,,,,,,,,,,,,,,,,,,,,,,,,,,,,,,,,,,,,,,,,,,,,,,,,,,,,,,,,,,,,,,,,,
91,235702,1141,2024-10-22,25.038,25.013,-81.87,-81.875,25.0255,-81.8725,18.5,7.1,13.0,30.0,22.4,,,,25.0,6.0,,9.5,15.9,,27.01,26.92,26.85,37.23,37.23,37.25,,,,6.7,6.7,6.6,,,,,,,,,,,,,,,,,,,,,,,,,,,,,,,,,,,,,,,,,,,,,,,,,,,,,,,,,,,,,,,,,,,,,,,,,,,,,,,,,,,,,,,,,,,,,,,,,,,,,,,,,,,,,,,,,,,,,,,,,,,,,,,,,,,,,,,,,,,,,,,,,,,,,,,,,,,,,,,,,,,,,,,,,,,,,,,,
92,235703,1141,2024-10-22,25.063,25.039,-82.064,-82.068,25.051,-82.066,21.8,11.0,34.0,30.0,,,,,25.0,,,,,,,,,,,,,,,,,,,,,,,,,,,,,,,,,,,,,,,,,,,,,,,,,,,,,,,,,,,,,,,,,,,,,,,,,,,,,,,,,,,,,,,,,,,,,,,,,,,,,,,,,,,,,,,,,,,,,,,,,,,,,,,,,,,,,,,,,,,,,,,,,,,,,,,,,,,,,,,,,,,,,,,,,,,,,,,,,,,,,,,,,,,,,,,,,
93,235704,1141,2024-10-23,24.814,24.789,-82.028,-82.034,24.8015,-82.031,20.8,15.4,30.0,30.0,37.0,,,,25.0,,,9.6,16.7,,27.16,27.15,27.14,37.29,37.29,37.41,,,,6.7,6.7,6.6,,,,,,,,,,,,,,,,,,,,,,,,,,,,,,,,,,,,,,,,,,,,,,,,,,,,,,,,,,,,,,,,,,,,,,,,,,,,,,,,,,,,,,,,,,,,,,,,,,,,,,,,,,,,,,,,,,,,,,,,,,,,,,,,,,,,,,,,,,,,,,,,,,,,,,,,,,,,,,,,,,,,,,,,,,,,,,,,
94,235705,1141,2024-10-23,24.897,24.875,-82.311,-82.324,24.886,-82.3175,28.5,12.5,40.0,30.0,19.6,,,,,,,12.2,23.0,,27.11,27.32,27.35,37.86,37.73,37.74,,,,6.6,6.5,6.5,,,,,,,,,,,,,,,,,,,,,,,,,,,,,,,,,,,,,,,,,,,,,,,,,,,,,,,,,,,,,,,,,,,,,,,,,,,,,,,,,,,,,,,,,,,,,,,,,,,,,,,,,,,,,,,,,,,,,,,,,,,,,,,,,,,,,,,,,,,,,,,,,,,,,,,,,,,,,,,,,,,,,,,,,,,,,,,,
95,235706,1141,2024-10-23,25.101,25.079,-82.251,-82.263,25.09,-82.257,26.7,12.6,38.0,30.0,35.2,,,,25.0,9.0,,14.0,25.8,,27.04,27.39,27.39,38.08,37.89,37.89,,,,6.6,6.4,6.4,,,,,,,,,,,,,,,,,,,,,,,,,,,,,,,,,,,,,,,,,,,,,,,,,,,,,,,,,,,,,,,,,,,,,,,,,,,,,,,,,,,,,,,,,,,,,,,,,,,,,,,,,,,,,,,,,,,,,,,,,,,,,,,,,,,,,,,,,,,,,,,,,,,,,,,,,,,,,,,,,,,,,,,,,,,,,,,,
96,235707,1141,2024-10-23,25.157,25.133,-82.409,-82.416,25.145,-82.4125,32.4,13.8,53.0,30.0,44.9,,,,25.0,9.0,,15.9,29.9,,27.41,27.53,27.53,38.08,37.96,37.96,,,,6.6,6.6,6.5,,,,,,,,,,,,,,,,,,,,,,,,,,,,,,,,,,,,,,,,,,,,,,,,,,,,,,,,,,,,,,,,,,,,,,,,,,,,,,,,,,,,,,,,,,,,,,,,,,,,,,,,,,,,,,,,,,,,,,,,,,,,,,,,,,,,,,,,,,,,,,,,,,,,,,,,,,,,,,,,,,,,,,,,,,,,,,,,
97,235708,1141,2024-10-23,25.391,25.369,-82.468,-82.48,25.38,-82.474,31.3,12.1,37.0,30.0,188.2,,,,,9.0,,15.7,28.4,,27.77,27.7,27.58,37.38,37.39,37.4,,,,6.8,6.8,6.5,,,,,,,,,,,,,,,,,,,,,,,,,,,,,,,,,,,,,,,,,,,,,,,,,,,,,,,,,,,,,,,,,,,,,,,,,,,,,,,,,,,,,,,,,,,,,,,,,,,,,,,,,,,,,,,,,,,,,,,,,,,,,,,,,,,,,,,,,,,,,,,,,,,,,,,,,,,,,,,,,,,,,,,,,,,,,,,,
98,235709,1141,2024-10-23,25.417,25.392,-82.59,-82.587,25.4045,-82.5885,34.7,12.0,18.0,30.0,169.3,,,,,10.0,,16.9,30.9,,27.76,27.8,27.73,37.55,37.52,37.58,,,,6.7,6.7,6.6,,,,502.68036111888307,0.001361999660730362,0.0020200014114379883,0.002424001693725586,0.00274600088596344,0.003060001879930496,0.003280002623796463,0.0035740025341510773,0.003750000149011612,0.0038600005209445953,0.0040460005402565,0.004179999232292175,0.004388000816106796,0.004572000354528427,0.004388000816106796,0.004308000206947327,0.004443999379873276,0.004675999283790588,0.004798002541065216,0.004822000861167908,0.004863999783992767,0.005100000649690628,0.0053259991109371185,0.005111999809741974,0.004996001720428467,0.004952002316713333,0.0048500001430511475,0.004812002182006836,0.004782002419233322,0.004764001816511154,0.004796002060174942,0.004884000867605209,0.004893999546766281,0.004946000874042511,0.005132000893354416,0.005144000053405762,0.00514800101518631,0.005216002464294434,0.005279999226331711,0.0053800009191036224,0.005538001656532288,0.005728002637624741,0.0058960020542144775,0.006078001111745834,0.006202001124620438,0.006335999816656113,0.006482001394033432,0.006608001887798309,0.006680000573396683,0.006785999983549118,0.006854001432657242,0.0069160014390945435,0.007010001689195633,0.007138002663850784,0.007226001471281052,0.00740399956703186,0.007635999470949173,0.007805999368429184,0.00789799913764,0.007996000349521637,0.008020002394914627,0.007990002632141113,0.008005999028682709,0.007996000349521637,0.007972002029418945,0.007850002497434616,0.007587999105453491,0.00724400207400322,0.0069180019199848175,0.006788000464439392,0.006737999618053436,0.006751999258995056,0.006824001669883728,0.00687200203537941,0.0068619996309280396,0.006843999028205872,0.006813999265432358,0.006812002509832382,0.006815999746322632,0.006737999618053436,0.006638001650571823,0.006516002118587494,0.006346002221107483,0.006176002323627472,0.006030000746250153,0.005947999656200409,0.0059140026569366455,0.005846001207828522,0.00573199987411499,0.005616001784801483,0.005428001284599304,0.005196001380681992,0.004906002432107925,0.004585999995470047,0.004222001880407333,0.0038480013608932495,0.0035139992833137512,0.0032120011746883392,0.0028540007770061493,0.001212000846862793,0.0011620000004768372,0.0011279992759227753,0.0011360011994838715,0.0011240020394325256,0.0011040009558200836,0.0011119991540908813,0.0010959990322589874,0.0010679997503757477,0.001026000827550888,0.0010120011866092682,0.0010320022702217102,0.0010379999876022339,0.001042000949382782,0.0010359995067119598,0.001042000949382782,0.0010339990258216858,0.001058001071214676,0.001044001430273056,0.0010480023920536041,0.0010300017893314362,0.0010160021483898163,0.0010379999876022339,0.0009540021419525146,0.0009400025010108948,0.0009060017764568329,0.0008220002055168152,0.0008320026099681854,0.0008260011672973633,0.0007879994809627533,0.0008039996027946472,0.0008100010454654694,0.0008039996027946472,0.0008260011672973633,0.0008400008082389832,0.0008499994874000549,0.000872001051902771,0.0008760020136833191,0.0008840002119541168,0.0008940026164054871,0.0009060017764568329,0.0009259991347789764,0.0009300000965595245,0.0009400025010108948,0.0009400025010108948,0.0009360015392303467,0.0009439997375011444,0.0010280013084411621,0.0009719990193843842,0.0010280013084411621,0.0010140016674995422,0.0008860006928443909,0.0009139999747276306,0.0008140020072460175,0.0007719993591308594,0.0007460005581378937,0.0007480010390281677,0.000738002359867096,0.0007140003144741058,0.0006980001926422119,0.0006280019879341125,0.0005960017442703247,0.0005840025842189789,0.0005559995770454407,0.0005340017378330231,0.0005000010132789612,0.0004619993269443512,0.00042999908328056335,0.00042800232768058777,0.0004019998013973236,0.00038200244307518005,0.0004140026867389679,0.00036200135946273804,0.00022600218653678894
99,235710,1141,2024-10-24,25.503,25.479,-82.765,-82.767,25.491,-82.766,42.1,14.6,14.0,30.0,90.0,,,,,,,20.6,38.4,,27.44,27.67,27.36,37.78,37.65,37.67,,,,6.8,6.7,6.0,,,,486.57857069623054,0.006960000842809677,0.007126001175493002,0.007304001599550247,0.007331335451453924,0.007410666439682245,0.007699334528297186,0.007782001048326492,0.007851333357393742,0.007966666482388973,0.007940000854432583,0.007822667248547077,0.00805666670203209,0.008332001976668835,0.008127999491989613,0.007892000488936901,0.008150001056492329,0.00842733308672905,0.008366667665541172,0.008242666721343994,0.00833000149577856,0.008592001162469387,0.008648000657558441,0.008432667702436447,0.008158001117408276,0.008000667206943035,0.007874000817537308,0.00781533494591713,0.007818001322448254,0.007786667440086603,0.007748001720756292,0.007699333131313324,0.007692000363022089,0.0076593332923948765,0.007630667183548212,0.007727334741503,0.007793334778398275,0.007731334771960974,0.007684668060392141,0.007673999760299921,0.007702000439167023,0.007769335061311722,0.007898666895925999,0.007960000075399876,0.007992667146027088,0.008072667755186558,0.008090667426586151,0.0081586679443717,0.008218000642955303,0.008246000856161118,0.008246000856161118,0.00827866792678833,0.008326001465320587,0.008365333080291748,0.008431334979832172,0.008485334925353527,0.00850666780024767,0.008569334633648396,0.00859933439642191,0.008530001156032085,0.008462667465209961,0.008378668688237667,0.008286667056381702,0.008154001086950302,0.007954667322337627,0.007730667944997549,0.00745000084862113,0.007048666477203369,0.006632000207901001,0.006390000227838755,0.006321333348751068,0.0063086687587201595,0.0062700011767446995,0.0062520005740225315,0.0062273344956338406,0.006158000323921442,0.006050000432878733,0.0059393346309661865,0.0058420016430318356,0.00572533393278718,0.005566000938415527,0.005387333687394857,0.00518200034275651,0.004974000155925751,0.004814668092876673,0.004726001527160406,0.004650667309761047,0.004541335161775351,0.004416666924953461,0.004300000611692667,0.004166667815297842,0.003988001495599747,0.0038046662230044603,0.0035893332678824663,0.0033120017033070326,0.003014667658135295,0.0027080003637820482,0.0024153341073542833,0.002144667087122798,0.0009873347589746118,0.0009673337335698307,0.0009360003168694675,0.0009260003571398556,0.0009166660602204502,0.0009120019967667758,0.0008953350479714572,0.0008966674213297665,0.0008960018749348819,0.0008833333849906921,0.0008580014109611511,0.0008333337609656155,0.0008226670324802399,0.0008300021290779114,0.0008273335988633335,0.0008173349197022617,0.0008006679709069431,0.0007926672697067261,0.0007686677272431552,0.0007613338530063629,0.0007539999787695706,0.0007380011375062168,0.0007306672632694244,0.0007146671414375305,0.0006966665387153625,0.0006773347849957645,0.0006620014901272953,0.0006493330001831055,0.0006399999256245792,0.0006293344195000827,0.0006260002846829593,0.0006246678531169891,0.0006226673722267151,0.0006293344195000827,0.0006339997053146362,0.0006426684558391571,0.0006453332607634366,0.0006493330001831055,0.000656668096780777,0.0006553332204930484,0.0006713333423249424,0.0006626683170907199,0.0006646675174124539,0.0006733350455760956,0.0006680016522295773,0.0006553344428539276,0.0006393343210220337,0.0006166684324853122,0.0006000014836899936,0.0005993346567265689,0.0005980010027997196,0.0005906671285629272,0.0005773343145847321,0.0005446672439575195,0.00051800039364025,0.000498668581712991,0.0004720004799310118,0.00045200189924798906,0.00043466812348924577,0.0004159994423389435,0.0004000017943326384,0.00039066746830940247,0.000380001962184906,0.00036000213003717363,0.0003480004670564085,0.000335334480041638,0.00032800063490867615,0.00031200176454149187,0.00030466666794382036,0.0002946679887827486,0.0002833344042301178,0.00026533505297265947,0.00021000206470489502,0.0001526673586340621
100,235711,1141,2024-10-24,25.575,25.55,-82.965,-82.969,25.5625,-82.967,51.2,14.9,35.0,30.0,74.0,,,,,,,24.0,45.8,,27.33,27.33,27.28,37.71,37.66,37.72,,,,6.5,6.5,6.4,,,,478.440865358681,0.007586889900267124,0.007682000752538443,0.007817556150257587,0.007778444327414036,0.007797112222760916,0.0080697787925601,0.008231556043028831,0.00836688932031393,0.008434001356363297,0.008384223096072674,0.008304666727781296,0.008478222414851189,0.008707334287464619,0.00853755697607994,0.008380668237805367,0.008609334006905556,0.008779557421803474,0.008792666718363762,0.008684667758643627,0.008681111969053745,0.00901755690574646,0.00909311231225729,0.008831777609884739,0.00859089009463787,0.008500668220221996,0.008382000960409641,0.008283112198114395,0.00825133454054594,0.00821911171078682,0.008202667348086834,0.008161334320902824,0.008121334947645664,0.00809533428400755,0.008103555999696255,0.008197112008929253,0.008199777454137802,0.008083555847406387,0.008030223660171032,0.00800066813826561,0.007967110723257065,0.007969778031110764,0.008003556169569492,0.008004222996532917,0.007995111867785454,0.008032222278416157,0.008075112476944923,0.008141777478158474,0.008184889331459999,0.008200445212423801,0.008164223283529282,0.008144667372107506,0.008150890469551086,0.008138223551213741,0.008128445595502853,0.008113556541502476,0.008064445108175278,0.00804266706109047,0.00799177773296833,0.007841112092137337,0.007692445535212755,0.007527556736022234,0.007325556594878435,0.007101333700120449,0.006848666816949844,0.006554223131388426,0.006196667905896902,0.005765111185610294,0.005348223261535168,0.005082889460027218,0.004975112155079842,0.004910666961222887,0.0048451111651957035,0.004788445308804512,0.004732001107186079,0.004649778362363577,0.004542666953057051,0.004444666672497988,0.004325556103140116,0.0041984450072050095,0.004067334346473217,0.003922000527381897,0.0037484450731426477,0.003572222776710987,0.003432223340496421,0.0033275559544563293,0.0032564455177634954,0.003184890141710639,0.0030962233431637287,0.0029973341152071953,0.002885111141949892,0.0027597781736403704,0.0026208895724266768,0.0024660006165504456,0.0022948896512389183,0.002097112126648426,0.0018988905940204859,0.0017122224671766162,0.0015444457530975342,0.0007584451232105494,0.0007400012109428644,0.0007295567193068564,0.0007275566458702087,0.0007146667339839041,0.0007140011293813586,0.0007131120655685663,0.0007135561900213361,0.0007020007469691336,0.0006806676392443478,0.0006673344178125262,0.0006548899109475315,0.0006462227902375162,0.0006391124334186316,0.0006342228152789176,0.0006284448900260031,0.0006171121494844556,0.0006164449150674045,0.0006084458436816931,0.0005971122882328928,0.0005853341426700354,0.0005704450304619968,0.0005606673657894135,0.0005504455766640604,0.0005426675779744983,0.0005302230711095035,0.0005188894574530423,0.000507112592458725,0.0004966672859154642,0.0004900007043033838,0.0004831117985304445,0.00047911249566823244,0.00047755613923072815,0.0004720004799310118,0.00047155635547824204,0.00047377869486808777,0.0004722231824416667,0.00046800117706879973,0.00047155635547824204,0.00047044496750459075,0.00047022310900501907,0.00046844533062539995,0.00046711124014109373,0.00046400062274187803,0.0004633342323359102,0.00045466754818335176,0.00044644498848356307,0.00043844597530551255,0.00043155625462532043,0.00043866742635145783,0.0004382228653412312,0.00043844556785188615,0.00042600103188306093,0.0004017787578050047,0.00038444498204626143,0.0003591121931094676,0.0003408893244341016,0.00033022338175214827,0.0003235563635826111,0.0003151119453832507,0.0003091121616307646,0.00030400065588764846,0.00029511170578189194,0.0002862231631297618,0.0002804452378768474,0.00026577876997180283,0.0002588894567452371,0.00024800043320283294,0.00024155651044566184,0.00023244527983479202,0.0002235563297290355,0.0002068897883873433,0.00016377907013520598,0.0001306670455960557
101,235712,1141,2024-10-24,25.32,25.295,-82.971,-82.975,25.3075,-82.973,53.0,13.1,43.0,30.0,42.5,,,,,,,25.0,48.3,,27.04,27.54,27.63,38.55,38.23,38.24,,,,6.6,6.4,6.4,,,,476.74834076202217,0.007977556437253952,0.008031334728002548,0.008160890080034733,0.008068667724728584,0.008002223446965218,0.008235556073486805,0.008411112241446972,0.008512445725500584,0.008534001186490059,0.0084448903799057,0.00835488922894001,0.008516889065504074,0.00868555624037981,0.008468001149594784,0.008286889642477036,0.008496223017573357,0.00863422267138958,0.008593333885073662,0.008457334712147713,0.008431111462414265,0.008732888847589493,0.008800000883638859,0.008502889424562454,0.008227778598666191,0.008137335069477558,0.008001556620001793,0.007874667644500732,0.007817111909389496,0.00775689072906971,0.007705334108322859,0.007636889815330505,0.007569334469735622,0.007516668178141117,0.007493333891034126,0.007564001716673374,0.007538000587373972,0.007398667279630899,0.007325778249651194,0.007268667221069336,0.00720600038766861,0.007182001136243343,0.007189556956291199,0.007161111570894718,0.007123556453734636,0.007143557071685791,0.0071642231196165085,0.0072106667794287205,0.007231556810438633,0.007232667878270149,0.007182444911450148,0.007143556140363216,0.007128000259399414,0.007093335036188364,0.007048444822430611,0.007015777751803398,0.006947779096662998,0.006904667243361473,0.006842223461717367,0.006684000138193369,0.006530889309942722,0.006377112120389938,0.006196667905896902,0.005996889900416136,0.00578977819532156,0.005545778200030327,0.005233334377408028,0.004861111752688885,0.004509778693318367,0.004290223121643066,0.004196444991976023,0.004122001118957996,0.00405933428555727,0.004009777680039406,0.003954222425818443,0.003876667469739914,0.00377288949675858,0.003689112840220332,0.0035820002667605877,0.0034773340448737144,0.003365778597071767,0.003245112719014287,0.003089333651587367,0.00294133392162621,0.002827111165970564,0.002734223147854209,0.002674445044249296,0.0026175566017627716,0.0025388896465301514,0.00247955578379333,0.0023920005187392235,0.0022920009214431047,0.002181334188207984,0.002060889732092619,0.0019253348000347614,0.0017686672508716583,0.0016115568578243256,0.0014677788130939007,0.0013486681273207068,0.0007002233760431409,0.0006846673786640167,0.0006777789094485343,0.000673556060064584,0.0006560004549100995,0.0006593341822735965,0.0006642229855060577,0.0006588899996131659,0.0006426680483855307,0.0006322231492958963,0.0006177789764478803,0.000603778928052634,0.0005960005219094455,0.0005915574729442596,0.000587334216106683,0.0005857787327840924,0.0005777784390375018,0.0005800012149848044,0.0005755561287514865,0.0005664456984959543,0.0005537793040275574,0.000538001477252692,0.0005271115805953741,0.0005171120865270495,0.0005102236173115671,0.000499111891258508,0.0004915565950796008,0.0004753346147481352,0.00046444477629847825,0.00045844539999961853,0.00044755678391084075,0.0004417784512042999,0.0004388896923046559,0.0004324453475419432,0.0004322230815887451,0.00043066756916232407,0.00042800107621587813,0.0004240009584464133,0.0004266678588464856,0.0004251123173162341,0.0004257791442796588,0.00042422322439961135,0.00042133446549996734,0.0004186671576462686,0.0004120005469303578,0.00040511248516850173,0.00040466710925102234,0.0003964449861086905,0.0003902233438566327,0.0004026670358143747,0.00041044503450393677,0.00041666708420962095,0.000402890145778656,0.00038000071072019637,0.0003624450764618814,0.0003395568928681314,0.0003240009245928377,0.00031244507408700883,0.0003055557608604431,0.00029733404517173767,0.0002933347423095256,0.00028822323656640947,0.000280001520877704,0.00027066716575063765,0.00026555650401860476,0.0002531115314923227,0.00024888996267691255,0.0002388892025919631,0.00023200114083010703,0.0002240012981928885,0.00021533378458116204,0.00020066731667611748,0.00016422320913989097,0.00014155606913845986
102,235713,1141,2024-10-24,25.114,25.09,-83.018,-83.025,25.102,-83.0215,55.0,13.4,83.0,30.0,70.7,,,,,,,25.0,48.7,,27.45,27.53,27.31,38.31,38.25,38.32,,,,6.5,6.4,6.2,,,,479.3641367292853,0.01057600136846304,0.010515999980270863,0.010571334511041641,0.01042733434587717,0.010372667573392391,0.010645334608852863,0.01084133516997099,0.010926000773906708,0.010914668440818787,0.010760667733848095,0.010604001581668854,0.010726002044975758,0.010914001613855362,0.010713334195315838,0.01049533486366272,0.010646000504493713,0.010803334414958954,0.01078933384269476,0.010561333037912846,0.010492001660168171,0.010878000408411026,0.010917999781668186,0.010592668317258358,0.01031000167131424,0.010216668248176575,0.010016667656600475,0.009853334166109562,0.009775334037840366,0.009692667983472347,0.009646001271903515,0.009574000723659992,0.009503333829343319,0.009464002214372158,0.009413334541022778,0.00949666928499937,0.009491334669291973,0.009324667043983936,0.009226667694747448,0.009195334278047085,0.009161334484815598,0.009173334576189518,0.00922400038689375,0.009206668473780155,0.009169335477054119,0.009184001944959164,0.00919266790151596,0.009225334972143173,0.009238666854798794,0.009229335002601147,0.009149999357759953,0.00911533460021019,0.009113334119319916,0.009087334387004375,0.009017334319651127,0.008990000933408737,0.008936668746173382,0.00891466811299324,0.00885066669434309,0.008672001771628857,0.008526667021214962,0.008385335095226765,0.00818400178104639,0.007962667383253574,0.007726666983217001,0.0074553354643285275,0.0071153342723846436,0.0066666677594184875,0.006225334946066141,0.005933333188295364,0.005826666951179504,0.005756000522524118,0.005680666770786047,0.005623334553092718,0.005558667238801718,0.005462000612169504,0.005319999996572733,0.005216667894273996,0.005086667835712433,0.004948666784912348,0.0048066675662994385,0.004642667714506388,0.004423333797603846,0.004241333808749914,0.004089334513992071,0.0039526671171188354,0.0038673344533890486,0.003791333409026265,0.0036653343122452497,0.00359533354640007,0.0034740008413791656,0.0033400009851902723,0.003170666517689824,0.002988666296005249,0.002787332981824875,0.002560000866651535,0.002332667587324977,0.0021220010239630938,0.0019333349773660302,0.0009993339190259576,0.0009773349156603217,0.000970666587818414,0.00095466646598652,0.000923334329854697,0.0009253335301764309,0.0009373339707963169,0.0009020008146762848,0.0008613355457782745,0.0008786668186075985,0.0008646671776659787,0.0008380003273487091,0.0008340005879290402,0.0008360010688193142,0.0008326669340021908,0.000826667994260788,0.0008193341200239956,0.0008120003039948642,0.000806666910648346,0.0007993343169800937,0.000790666788816452,0.0007773339748382568,0.0007566672866232693,0.000739333510864526,0.0007173344492912292,0.0007019999320618808,0.0006993338465690613,0.0006726682186126709,0.0006560000474564731,0.0006480005686171353,0.000628667592536658,0.0006106682121753693,0.0006046679918654263,0.0005926676094532013,0.0005940000410191715,0.000587334216106683,0.000587334216106683,0.0005906671285629272,0.0005806672270409763,0.0005853350157849491,0.0005886678700335324,0.0005880010430701077,0.0005880010430701077,0.0005786679685115814,0.0005580012802965939,0.0005533347721211612,0.0005580012802965939,0.0005466677248477936,0.0005280002951622009,0.0005373346502892673,0.000565333932172507,0.0005680012400262058,0.0005453340709209442,0.0005133338272571564,0.000485333293909207,0.00045666718506254256,0.0004373329284135252,0.0004260005953256041,0.0004120009543839842,0.00040266787982545793,0.0003913355467375368,0.00038533410406671464,0.00037266811705194414,0.00036466741585172713,0.00035999962710775435,0.0003406690957490355,0.0003360013070050627,0.00031733387731947005,0.0003019993600901216,0.0002833344042301178,0.00026533380150794983,0.00024200107145588845,0.0001940019428730011,0.00017733375716488808
103,235714,1141,2024-10-24,25.005,25.005,-83.188,-83.216,25.005,-83.202,61.8,13.0,65.0,30.0,38.6,,,,,,,28.9,56.6,,28.08,28.05,28.07,38.48,38.44,38.44,,,,6.4,6.4,6.3,,,,471.03534658317574,0.011568000540137291,0.011622000485658646,0.011789999902248383,0.011529000476002693,0.011541001498699188,0.01186000183224678,0.011920999735593796,0.01202700100839138,0.011970000341534615,0.011821001768112183,0.011733001098036766,0.011879000812768936,0.011979000642895699,0.011710001155734062,0.011480001732707024,0.011608000844717026,0.011781001463532448,0.01186399906873703,0.011713001877069473,0.011654000729322433,0.01186400093138218,0.01180800050497055,0.011505000293254852,0.01121000200510025,0.011074000969529152,0.010902000591158867,0.01072000153362751,0.010611001402139664,0.01050800085067749,0.010394001379609108,0.010281000286340714,0.010139001533389091,0.010040000081062317,0.009951001033186913,0.009964002296328545,0.009891001507639885,0.009681999683380127,0.009557001292705536,0.009373001754283905,0.009153001010417938,0.009026000276207924,0.008943000808358192,0.008799001574516296,0.008675999939441681,0.008648000657558441,0.008592000231146812,0.008580001071095467,0.008541001006960869,0.008525999262928963,0.008425001055002213,0.008322000503540039,0.008279001340270042,0.008177001029253006,0.008000001311302185,0.007877001538872719,0.0077510010451078415,0.007672000676393509,0.007551001384854317,0.007278000935912132,0.0070409998297691345,0.00681300088763237,0.0065560005605220795,0.006299000233411789,0.006015000864863396,0.005693001672625542,0.005319999530911446,0.004921000450849533,0.004551000893115997,0.004301000386476517,0.004184002056717873,0.004083000123500824,0.0039980001747608185,0.003939000889658928,0.0038360022008419037,0.00374700129032135,0.0036380011588335037,0.003538999706506729,0.003431001678109169,0.0033510010689496994,0.003258001059293747,0.0031420011073350906,0.0029640011489391327,0.0028070006519556046,0.0026980023831129074,0.002597002312541008,0.0025170017033815384,0.0024570003151893616,0.0023640021681785583,0.0023420006036758423,0.0022730007767677307,0.002197001129388809,0.002086002379655838,0.0019770003855228424,0.001861000433564186,0.001723000779747963,0.0015900004655122757,0.0014820024371147156,0.0014169998466968536,0.0008000005036592484,0.0007930006831884384,0.0007930006831884384,0.0007730014622211456,0.0007650014013051987,0.0007680021226406097,0.0007630009204149246,0.0007420014590024948,0.0007130000740289688,0.000712001696228981,0.0007050000131130219,0.0006900019943714142,0.000683000311255455,0.0006630010902881622,0.0006579998880624771,0.0006670020520687103,0.000671999529004097,0.000691000372171402,0.000683000311255455,0.0006750002503395081,0.0006520003080368042,0.0006430000066757202,0.0006380006670951843,0.0006250012665987015,0.0006160009652376175,0.0005910005420446396,0.0005770009011030197,0.0005489997565746307,0.0005339998751878738,0.000523000955581665,0.0005100015550851822,0.0004890002310276031,0.00047900155186653137,0.0004709996283054352,0.0004750005900859833,0.0004750005900859833,0.00047999992966651917,0.0004700012505054474,0.0004569999873638153,0.0004520006477832794,0.0004409998655319214,0.0004460010677576065,0.0004450008273124695,0.00043800100684165955,0.00041799992322921753,0.0004160013049840927,0.00043200142681598663,0.0004270002245903015,0.00042399950325489044,0.00044300034642219543,0.00046500004827976227,0.0004750005900859833,0.0004560016095638275,0.0004329998046159744,0.00041200220584869385,0.00038800016045570374,0.00037300027906894684,0.00035800039768218994,0.00035200081765651703,0.0003550015389919281,0.00035700201988220215,0.0003560017794370651,0.000350000336766243,0.000331999734044075,0.00032300129532814026,0.00030800141394138336,0.00029999949038028717,0.0002900008112192154,0.00027300044894218445,0.0002640020102262497,0.0002660006284713745,0.00025700032711029053,0.0002400018274784088,0.00024400092661380768
104,235715,1141,2024-10-24,25.008,25.006,-83.073,-83.101,25.007,-83.087,56.0,8.3,48.0,30.0,108.3,,,,25.0,20.0,,27.7,53.6,,27.39,27.51,27.39,38.4,38.28,38.21,,,,6.5,6.5,6.4,,,,473.53694231642226,0.011998999863862991,0.011993000283837318,0.012107999995350838,0.011917000636458397,0.011879000812768936,0.012108001857995987,0.01215200126171112,0.012257000431418419,0.01219099946320057,0.01201300136744976,0.011915002018213272,0.012028999626636505,0.012097001075744629,0.01184300146996975,0.011673001572489738,0.011788001284003258,0.011882001534104347,0.011864999309182167,0.011701000854372978,0.01162700168788433,0.011837000027298927,0.011807000264525414,0.011494001373648643,0.011246001347899437,0.011114999651908875,0.010879000648856163,0.010707002133131027,0.010622000321745872,0.010517001152038574,0.010408001020550728,0.01029299944639206,0.010173000395298004,0.010081000626087189,0.009975999593734741,0.010014001280069351,0.009951001033186913,0.009755000472068787,0.00963900052011013,0.009502001106739044,0.009336000308394432,0.009245000779628754,0.009183000773191452,0.009057000279426575,0.008949000388383865,0.00891599990427494,0.008862001821398735,0.008861999958753586,0.008831001818180084,0.008821999654173851,0.00872800126671791,0.008627999573946,0.008569002151489258,0.00848500244319439,0.008309001103043556,0.008219001814723015,0.008133001625537872,0.008062001317739487,0.007935000583529472,0.007699999958276749,0.007503999397158623,0.007315000519156456,0.0070680007338523865,0.006807001307606697,0.006543001160025597,0.0062430016696453094,0.005889000371098518,0.005469001829624176,0.00508200004696846,0.004840001463890076,0.0047180019319057465,0.004592001438140869,0.004513999447226524,0.004466000944375992,0.004356000572443008,0.004257000982761383,0.00414000079035759,0.004044000059366226,0.003917001187801361,0.0038070008158683777,0.0037010014057159424,0.0035999994724988937,0.00340300053358078,0.003227001056075096,0.003098001703619957,0.0029800012707710266,0.002897001802921295,0.0028270017355680466,0.002715000882744789,0.002714000642299652,0.0026300009340047836,0.0025320015847682953,0.002401001751422882,0.002276001498103142,0.0021460019052028656,0.0019950009882450104,0.0018470007926225662,0.0017240010201931,0.0016390010714530945,0.0008910000324249268,0.0008860006928443909,0.0008840002119541168,0.0008570011705160141,0.0008420012891292572,0.0008390024304389954,0.0008420012891292572,0.0008010007441043854,0.0007729995995759964,0.0007970016449689865,0.0007830001413822174,0.0007560010999441147,0.0007520001381635666,0.0007429998368024826,0.0007400009781122208,0.0007500015199184418,0.0007569994777441025,0.0007700007408857346,0.0007620006799697876,0.0007569994777441025,0.0007340013980865479,0.0007210001349449158,0.000711001455783844,0.0006980020552873611,0.0006790012121200562,0.0006510000675916672,0.0006380006670951843,0.0006050001829862595,0.0005920007824897766,0.0005840007215738297,0.0005690008401870728,0.000540001317858696,0.000530000776052475,0.000523000955581665,0.0005270000547170639,0.000522000715136528,0.000521000474691391,0.0005160011351108551,0.000502999871969223,0.0005000010132789612,0.0004960000514984131,0.0005000010132789612,0.0004960000514984131,0.00048700161278247833,0.00045900046825408936,0.0004569999873638153,0.0004800017923116684,0.00048400089144706726,0.00047300010919570923,0.0004949998110532761,0.0005249995738267899,0.0005179997533559799,0.0004920009523630142,0.0004670005291700363,0.00044300220906734467,0.0004200004041194916,0.00040300004184246063,0.00038400106132030487,0.00037400051951408386,0.0003750007599592209,0.00037200190126895905,0.000370001420378685,0.00036399997770786285,0.00034900009632110596,0.0003390014171600342,0.00032200105488300323,0.00031399913132190704,0.00030400045216083527,0.00029200129210948944,0.00028200075030326843,0.0002790018916130066,0.00026800110936164856,0.00024400092661380768,0.00021800026297569275
105,235716,1141,2024-10-24,24.767,24.773,-82.717,-82.743,24.77,-82.73,32.2,10.6,55.0,30.0,29.1,,,,25.0,10.0,,15.3,27.9,,27.89,27.91,27.81,37.47,37.46,37.51,,,,6.6,6.5,6.4,,,,,,,,,,,,,,,,,,,,,,,,,,,,,,,,,,,,,,,,,,,,,,,,,,,,,,,,,,,,,,,,,,,,,,,,,,,,,,,,,,,,,,,,,,,,,,,,,,,,,,,,,,,,,,,,,,,,,,,,,,,,,,,,,,,,,,,,,,,,,,,,,,,,,,,,,,,,,,,,,,,,,,,,,,,,,,,,
106,235717,1141,2024-10-24,24.783,24.781,-82.96,-82.987,24.782,-82.9735,43.9,10.8,55.0,30.0,19.7,,,,25.0,10.0,,22.8,42.6,,28.02,27.89,27.74,37.64,37.71,37.81,,,,6.5,6.3,6.1,,,,479.8956182006613,0.01243333425372839,0.01244533434510231,0.012328666634857655,0.012017334811389446,0.0118760010227561,0.012031334452331066,0.01206266600638628,0.012008000165224075,0.011886000633239746,0.01165066659450531,0.011495999991893768,0.011598668061196804,0.011572667397558689,0.0112793343141675,0.011116000823676586,0.011162001639604568,0.011054668575525284,0.011034000664949417,0.010844000615179539,0.010689334012567997,0.010915334336459637,0.010843999683856964,0.010506000369787216,0.01023133471608162,0.010082668624818325,0.009817334823310375,0.009679999202489853,0.009602000005543232,0.009468001313507557,0.009377333335578442,0.009272000752389431,0.009171334095299244,0.009073999710381031,0.0090233338996768,0.009090668521821499,0.0090213343501091,0.008869335055351257,0.008772000670433044,0.00871533527970314,0.008650667034089565,0.008602667599916458,0.008592001162469387,0.008534667082130909,0.008470666594803333,0.008442667312920094,0.008393335156142712,0.008394000120460987,0.00837266817688942,0.008366000838577747,0.008271999657154083,0.00820000097155571,0.008166667073965073,0.008126667700707912,0.008022666908800602,0.008001998998224735,0.007954668253660202,0.00792200118303299,0.007850668393075466,0.00770733505487442,0.007589335087686777,0.007479334715753794,0.00732266902923584,0.007150666322559118,0.006976666394621134,0.006743334233760834,0.006450666580349207,0.006077999714761972,0.005707333330065012,0.005493334028869867,0.0053933351300656796,0.005286000669002533,0.005224000662565231,0.005197335034608841,0.005104668438434601,0.005016001407057047,0.004908000584691763,0.004804001655429602,0.004676667507737875,0.0045373341999948025,0.004427334759384394,0.004326667636632919,0.004120667930692434,0.00395333394408226,0.0038046676199883223,0.003679335117340088,0.003600001335144043,0.003514668671414256,0.003407999873161316,0.003381999908015132,0.00328933447599411,0.003175334306433797,0.003012668341398239,0.002854667603969574,0.0026813335716724396,0.0024786677677184343,0.002302667824551463,0.002143334597349167,0.001988666830584407,0.0010606670984998345,0.0010560005903244019,0.0010306673357263207,0.0010066678514704108,0.0009820014238357544,0.000980667769908905,0.0009913345566019416,0.0009499999578110874,0.0009066686034202576,0.0009200001950375736,0.0009046669001691043,0.0008879999513737857,0.0008900004322640598,0.0008906672592274845,0.0008860006928443909,0.0008853350882418454,0.0008800004725344479,0.0008713342249393463,0.0008660021121613681,0.0008526667952537537,0.0008366678957827389,0.000834668695461005,0.0008193341200239956,0.0007953345775604248,0.000773335515987128,0.000745333731174469,0.0007300004363059998,0.0007060021162033081,0.0006906675989739597,0.000688000291120261,0.0006793339853174984,0.0006520003080368042,0.0006453345413319767,0.0006293331389315426,0.0006279994850046933,0.0006246678531169891,0.000628667592536658,0.0006273351609706879,0.0006100001628510654,0.0006180020864121616,0.0006186676328070462,0.0006299999658949673,0.0006320004467852414,0.0006279994850046933,0.0005960017442703247,0.0005940012633800507,0.000620666891336441,0.0006346677546389401,0.0006133342976681888,0.0006166671519167721,0.0006373338401317596,0.0006033343379385769,0.0005780011415481567,0.0005526679451577365,0.0005260023172013462,0.0005020014941692352,0.0004766670463141054,0.00046066692448221147,0.00044066706323064864,0.00043200081563554704,0.00042666742228902876,0.0004133346083108336,0.000404668360715732,0.0003886669874191284,0.0003820011916104704,0.00036800155066885054,0.000360000878572464,0.0003460012376308441,0.00032800063490867615,0.000316668301820755,0.00031133368611335754,0.0003126673400402069,0.00027400130056776106,0.0001899997441796586
107,235718,1141,2024-10-24,24.749,24.73,-83.111,-83.129,24.7395,-83.12,53.0,10.0,44.0,30.0,7.6,,,,25.0,13.0,,26.0,48.7,,27.79,27.83,27.73,37.71,37.67,37.77,,,,6.6,6.5,6.3,,,,,,,,,,,,,,,,,,,,,,,,,,,,,,,,,,,,,,,,,,,,,,,,,,,,,,,,,,,,,,,,,,,,,,,,,,,,,,,,,,,,,,,,,,,,,,,,,,,,,,,,,,,,,,,,,,,,,,,,,,,,,,,,,,,,,,,,,,,,,,,,,,,,,,,,,,,,,,,,,,,,,,,,,,,,,,,,
108,235719,1141,2024-10-24,24.704,24.679,-83.361,-83.365,24.6915,-83.363,65.8,8.0,70.0,30.0,17.2,,,,25.0,,,30.9,59.6,,28.86,28.92,27.7,37.96,37.98,37.77,,,,6.3,6.3,6.4,,,,,,,,,,,,,,,,,,,,,,,,,,,,,,,,,,,,,,,,,,,,,,,,,,,,,,,,,,,,,,,,,,,,,,,,,,,,,,,,,,,,,,,,,,,,,,,,,,,,,,,,,,,,,,,,,,,,,,,,,,,,,,,,,,,,,,,,,,,,,,,,,,,,,,,,,,,,,,,,,,,,,,,,,,,,,,,,
109,235720,1141,2024-10-25,24.805,24.799,-83.436,-83.462,24.802,-83.449,67.7,9.0,74.0,30.0,14.1,,,,25.0,,,33.0,62.5,,28.78,28.74,27.57,37.95,38.01,37.87,,,,6.3,6.3,6.3,,,,,,,,,,,,,,,,,,,,,,,,,,,,,,,,,,,,,,,,,,,,,,,,,,,,,,,,,,,,,,,,,,,,,,,,,,,,,,,,,,,,,,,,,,,,,,,,,,,,,,,,,,,,,,,,,,,,,,,,,,,,,,,,,,,,,,,,,,,,,,,,,,,,,,,,,,,,,,,,,,,,,,,,,,,,,,,,
110,235721,1141,2024-10-25,24.951,24.932,-83.747,-83.765,24.9415,-83.756,86.0,8.7,63.0,30.0,22.2,,,,25.0,,,41.1,80.6,,28.04,28.74,27.01,39.07,38.57,38.35,,,,6.6,6.3,6.4,,,,,,,,,,,,,,,,,,,,,,,,,,,,,,,,,,,,,,,,,,,,,,,,,,,,,,,,,,,,,,,,,,,,,,,,,,,,,,,,,,,,,,,,,,,,,,,,,,,,,,,,,,,,,,,,,,,,,,,,,,,,,,,,,,,,,,,,,,,,,,,,,,,,,,,,,,,,,,,,,,,,,,,,,,,,,,,,
111,235722,1141,2024-10-25,25.154,25.13,-83.81,-83.81,25.142,-83.81,107.2,10.0,98.0,30.0,7.7,,,,25.0,,,50.8,100.1,,28.38,27.14,22.84,38.67,38.32,38.5,,,,6.4,6.4,5.1,,,,,,,,,,,,,,,,,,,,,,,,,,,,,,,,,,,,,,,,,,,,,,,,,,,,,,,,,,,,,,,,,,,,,,,,,,,,,,,,,,,,,,,,,,,,,,,,,,,,,,,,,,,,,,,,,,,,,,,,,,,,,,,,,,,,,,,,,,,,,,,,,,,,,,,,,,,,,,,,,,,,,,,,,,,,,,,,
112,235723,1141,2024-10-25,25.152,25.147,-83.551,-83.578,25.1495,-83.5645,75.2,10.3,90.0,30.0,14.8,,,,25.0,,,35.8,69.7,,28.11,28.55,27.0,38.78,38.63,38.29,,,,6.5,6.3,6.3,,,,,,,,,,,,,,,,,,,,,,,,,,,,,,,,,,,,,,,,,,,,,,,,,,,,,,,,,,,,,,,,,,,,,,,,,,,,,,,,,,,,,,,,,,,,,,,,,,,,,,,,,,,,,,,,,,,,,,,,,,,,,,,,,,,,,,,,,,,,,,,,,,,,,,,,,,,,,,,,,,,,,,,,,,,,,,,,
113,235724,1141,2024-10-25,25.142,25.139,-83.34,-83.368,25.1405,-83.354,66.0,12.5,93.0,30.0,10.6,,,,25.0,18.0,,31.4,61.3,,28.19,28.33,28.29,38.67,38.58,38.59,,,,6.4,6.3,6.3,,,,,,,,,,,,,,,,,,,,,,,,,,,,,,,,,,,,,,,,,,,,,,,,,,,,,,,,,,,,,,,,,,,,,,,,,,,,,,,,,,,,,,,,,,,,,,,,,,,,,,,,,,,,,,,,,,,,,,,,,,,,,,,,,,,,,,,,,,,,,,,,,,,,,,,,,,,,,,,,,,,,,,,,,,,,,,,,
114,235725,1141,2024-10-25,25.285,25.283,-83.329,-83.357,25.284,-83.343,64.7,14.9,105.0,30.0,11.9,,,,50.0,35.0,,30.3,57.8,,28.27,28.3,27.76,38.63,38.59,38.52,,,,6.4,6.3,6.3,,,,,,,,,,,,,,,,,,,,,,,,,,,,,,,,,,,,,,,,,,,,,,,,,,,,,,,,,,,,,,,,,,,,,,,,,,,,,,,,,,,,,,,,,,,,,,,,,,,,,,,,,,,,,,,,,,,,,,,,,,,,,,,,,,,,,,,,,,,,,,,,,,,,,,,,,,,,,,,,,,,,,,,,,,,,,,,,
115,235726,1141,2024-10-25,25.358,25.355,-83.454,-83.481,25.3565,-83.4675,69.5,12.0,83.0,30.0,76.8,,,,25.0,28.0,,32.9,62.6,,28.37,28.37,27.73,37.87,37.87,37.77,,,,6.4,6.3,6.3,,,,,,,,,,,,,,,,,,,,,,,,,,,,,,,,,,,,,,,,,,,,,,,,,,,,,,,,,,,,,,,,,,,,,,,,,,,,,,,,,,,,,,,,,,,,,,,,,,,,,,,,,,,,,,,,,,,,,,,,,,,,,,,,,,,,,,,,,,,,,,,,,,,,,,,,,,,,,,,,,,,,,,,,,,,,,,,,
116,235727,1141,2024-10-25,25.579,25.604,-83.716,-83.716,25.5915,-83.716,91.4,13.0,88.0,30.0,5.1,,,,25.0,30.0,,42.3,81.1,,28.52,27.68,26.4,37.88,37.72,37.69,,,,6.4,6.4,6.3,,,,,,,,,,,,,,,,,,,,,,,,,,,,,,,,,,,,,,,,,,,,,,,,,,,,,,,,,,,,,,,,,,,,,,,,,,,,,,,,,,,,,,,,,,,,,,,,,,,,,,,,,,,,,,,,,,,,,,,,,,,,,,,,,,,,,,,,,,,,,,,,,,,,,,,,,,,,,,,,,,,,,,,,,,,,,,,,
117,235728,1141,2024-10-25,25.648,25.644,-83.67,-83.697,25.646,-83.6835,82.3,12.0,90.0,30.0,16.0,,,,25.0,,,40.9,80.8,,28.28,28.23,25.98,37.92,37.87,37.82,,,,6.4,6.3,6.0,,,,,,,,,,,,,,,,,,,,,,,,,,,,,,,,,,,,,,,,,,,,,,,,,,,,,,,,,,,,,,,,,,,,,,,,,,,,,,,,,,,,,,,,,,,,,,,,,,,,,,,,,,,,,,,,,,,,,,,,,,,,,,,,,,,,,,,,,,,,,,,,,,,,,,,,,,,,,,,,,,,,,,,,,,,,,,,,
118,235729,1141,2024-10-26,25.63,25.625,-83.527,-83.553,25.6275,-83.54,71.3,10.0,50.0,30.0,36.9,,,,25.0,,,36.1,68.6,,28.16,28.2,25.08,37.86,37.86,37.96,,,,6.4,6.4,5.8,,,,,,,,,,,,,,,,,,,,,,,,,,,,,,,,,,,,,,,,,,,,,,,,,,,,,,,,,,,,,,,,,,,,,,,,,,,,,,,,,,,,,,,,,,,,,,,,,,,,,,,,,,,,,,,,,,,,,,,,,,,,,,,,,,,,,,,,,,,,,,,,,,,,,,,,,,,,,,,,,,,,,,,,,,,,,,,,
119,235730,1141,2024-10-26,25.959,25.957,-83.201,-83.229,25.958,-83.215,55.8,14.8,120.0,30.0,30.5,,,,25.0,,,27.5,52.9,,26.42,27.38,26.03,39.17,38.46,38.22,,,,6.8,6.5,5.5,,,,471.9516890676602,0.004441778175532818,0.004927112255245447,0.00526666734367609,0.0052362228743731976,0.005362223368138075,0.005736889783293009,0.00583422277122736,0.005879112519323826,0.005965779069811106,0.005923334043473005,0.005893110763281584,0.006169778760522604,0.006348446011543274,0.00610111141577363,0.006068668328225613,0.006442445330321789,0.006612000986933708,0.006529334466904402,0.006361333653330803,0.006398444529622793,0.006754445843398571,0.0067597790621221066,0.006464000791311264,0.006245334167033434,0.006187555845826864,0.006108666770160198,0.006026223301887512,0.0060020009987056255,0.005998667329549789,0.006005334667861462,0.005978000815957785,0.005961334332823753,0.005941777490079403,0.005970444530248642,0.006081111263483763,0.006042446009814739,0.005901333875954151,0.005859334021806717,0.005808445159345865,0.005744667258113623,0.00573066808283329,0.005718222353607416,0.0056617786176502705,0.0056575569324195385,0.0057057784870266914,0.005744222551584244,0.00581000093370676,0.005857112351804972,0.005874889437109232,0.005857778247445822,0.005832445342093706,0.00579044409096241,0.0057444446720182896,0.005710445810109377,0.005685555748641491,0.005655555985867977,0.005650000646710396,0.005582890007644892,0.005404001101851463,0.005272666923701763,0.005110668018460274,0.004906889982521534,0.004721112549304962,0.004494222812354565,0.004233334679156542,0.0039360010996460915,0.003603334305807948,0.0032940006349235773,0.0030997784342616796,0.0030382226686924696,0.0029873342718929052,0.002912444295361638,0.0028657789807766676,0.002830668119713664,0.002761334180831909,0.002677555661648512,0.0026171121280640364,0.0025420011952519417,0.0024482235312461853,0.0023537788074463606,0.002255556872114539,0.0021473329979926348,0.002033779164776206,0.001939111272804439,0.0018806676380336285,0.001836890121921897,0.001786224078387022,0.0017175567336380482,0.001632889499887824,0.0015464462339878082,0.0014626668998971581,0.0013633345952257514,0.0012597789755091071,0.0011608893983066082,0.001064444542862475,0.0009748906595632434,0.0008775562746450305,0.0007882225909270346,0.00035022239899262786,0.0003413342637941241,0.0003328898746985942,0.0003168897528667003,0.00030511204386129975,0.0002875568170566112,0.0002668893139343709,0.00025844533229246736,0.00027155669522471726,0.00028555633616633713,0.0002906670270022005,0.0002940011618193239,0.00029866729164496064,0.00030000094557181,0.0002946679887827486,0.0002900006074924022,0.0002780006034299731,0.00026933435583487153,0.0002642236649990082,0.0002662228944245726,0.0002642232575453818,0.00025755580281838775,0.0002557788393460214,0.0002504450676497072,0.00025155601906590164,0.0002533338265493512,0.00025489015388302505,0.0002504450676497072,0.0002515568630769849,0.0002504454751033336,0.000249112636083737,0.00024866851163096726,0.0002493336796760559,0.0002493344945833087,0.0002522232534829527,0.00025511201238259673,0.000257556646829471,0.0002602239546831697,0.0002637786965351552,0.0002642232575453818,0.00026444552349857986,0.00026444552349857986,0.00026444552349857986,0.0002631118695717305,0.0002611122326925397,0.0002577780978754163,0.00024800002574920654,0.0002326667308807373,0.0002068893809337169,0.0001766673376550898,0.00015866797184571624,0.00014933447528164834,0.00014800082135479897,0.0001540014345664531,0.00014977902173995972,0.00014711171388626099,0.00014822308730799705,0.00014689109229948372,0.00014222330355551094,0.00013533483434002846,0.00012933422112837434,0.0001304455945501104,0.00013222296547610313,0.00013000104809179902,0.00013244441652204841,0.00012955607962794602,0.0001275576651096344,0.00012800056720152497,0.00012333359336480498,0.00012088939547538757,0.00011088947212556377,9.289052832173184e-05,3.377803659532219e-05,-1.9109496861346997e-05
120,235731,1141,2024-10-26,25.912,25.911,-83.461,-83.49,25.9115,-83.4755,66.2,9.6,96.0,30.0,18.2,,,,25.0,,,31.1,60.9,,27.79,27.88,26.14,38.6,38.57,38.23,,,,6.4,6.4,6.3,,,,,,,,,,,,,,,,,,,,,,,,,,,,,,,,,,,,,,,,,,,,,,,,,,,,,,,,,,,,,,,,,,,,,,,,,,,,,,,,,,,,,,,,,,,,,,,,,,,,,,,,,,,,,,,,,,,,,,,,,,,,,,,,,,,,,,,,,,,,,,,,,,,,,,,,,,,,,,,,,,,,,,,,,,,,,,,,
121,235732,1141,2024-10-26,25.972,25.946,-83.733,-83.734,25.959,-83.7335,91.6,9.7,82.0,30.0,2.5,,,,25.0,,,42.2,83.0,,27.25,28.09,25.47,39.25,38.65,38.63,,,,6.7,6.4,5.8,,,,,,,,,,,,,,,,,,,,,,,,,,,,,,,,,,,,,,,,,,,,,,,,,,,,,,,,,,,,,,,,,,,,,,,,,,,,,,,,,,,,,,,,,,,,,,,,,,,,,,,,,,,,,,,,,,,,,,,,,,,,,,,,,,,,,,,,,,,,,,,,,,,,,,,,,,,,,,,,,,,,,,,,,,,,,,,,
122,235733,1141,2024-10-26,26.051,26.074,-83.733,-83.743,26.0625,-83.738,90.9,12.2,107.0,30.0,13.4,,,,25.0,21.0,,44.4,87.2,,27.89,26.96,25.35,38.65,38.27,38.69,,,,6.4,6.5,5.8,,,,,,,,,,,,,,,,,,,,,,,,,,,,,,,,,,,,,,,,,,,,,,,,,,,,,,,,,,,,,,,,,,,,,,,,,,,,,,,,,,,,,,,,,,,,,,,,,,,,,,,,,,,,,,,,,,,,,,,,,,,,,,,,,,,,,,,,,,,,,,,,,,,,,,,,,,,,,,,,,,,,,,,,,,,,,,,,
123,235734,1141,2024-10-26,26.086,26.061,-83.833,-83.828,26.0735,-83.8305,100.8,7.2,63.0,30.0,8.2,,,,25.0,35.0,,49.1,96.1,,27.28,27.16,23.93,39.01,38.05,38.78,,,,6.8,6.4,5.7,,,,,,,,,,,,,,,,,,,,,,,,,,,,,,,,,,,,,,,,,,,,,,,,,,,,,,,,,,,,,,,,,,,,,,,,,,,,,,,,,,,,,,,,,,,,,,,,,,,,,,,,,,,,,,,,,,,,,,,,,,,,,,,,,,,,,,,,,,,,,,,,,,,,,,,,,,,,,,,,,,,,,,,,,,,,,,,,
124,235735,1141,2024-10-26,26.205,26.221,-83.382,-83.403,26.213,-83.3925,56.7,12.2,74.0,30.0,5.1,,,,75.0,19.0,,28.3,54.0,,27.11,27.19,25.2,37.66,37.67,37.87,,,,6.7,6.5,5.5,,,,472.97822590418485,0.005019001662731171,0.005699001252651215,0.005623999983072281,0.005593001842498779,0.005854001268744469,0.006077000871300697,0.006284002214670181,0.006297999992966652,0.00630900077521801,0.006362000480294228,0.006270000711083412,0.006497999653220177,0.006763001903891563,0.006570002064108849,0.006434999406337738,0.006775001063942909,0.007108001038432121,0.007161000743508339,0.006958000361919403,0.006882000714540482,0.0072580017149448395,0.0074270013719797134,0.007115000858902931,0.006752001121640205,0.006655000150203705,0.006634000688791275,0.0065790023654699326,0.006547002121806145,0.006518000736832619,0.006517000496387482,0.006471000611782074,0.006453001871705055,0.006436999887228012,0.006454002112150192,0.006599001586437225,0.006582001224160194,0.006454000249505043,0.006372001022100449,0.006310001015663147,0.006252001971006393,0.006253000348806381,0.006204001605510712,0.006123002618551254,0.006077000871300697,0.006134999915957451,0.006159000098705292,0.006185000762343407,0.006258001551032066,0.006273001432418823,0.00624299980700016,0.0062240008264780045,0.006168000400066376,0.006120000034570694,0.006085000932216644,0.006048999726772308,0.005955001339316368,0.0058960020542144775,0.0058930013328790665,0.005734000355005264,0.0055460017174482346,0.0053800009191036224,0.005166001617908478,0.004938000813126564,0.0047170016914606094,0.004421999678015709,0.004093999043107033,0.003765000030398369,0.0034860018640756607,0.0032739993184804916,0.0031790006905794144,0.0031420011073350906,0.003087000921368599,0.0030420012772083282,0.0030100010335445404,0.0029429998248815536,0.0028400011360645294,0.0027760006487369537,0.002705000340938568,0.0026240013539791107,0.0024970006197690964,0.002368001267313957,0.0022960007190704346,0.0021980013698339462,0.0021110009402036667,0.002051999792456627,0.0019840002059936523,0.0019330009818077087,0.0019019991159439087,0.0018240008503198624,0.001706000417470932,0.0015830006450414658,0.0014810003340244293,0.001384001225233078,0.0013080015778541565,0.0012500006705522537,0.0011570006608963013,0.0010300017893314362,0.0008570011705160141,0.0004810020327568054,0.00047900155186653137,0.0004670005291700363,0.00046800076961517334,0.0004640016704797745,0.0004300009459257126,0.0003720000386238098,0.00036399997770786285,0.00039200112223625183,0.0003929995000362396,0.0004120003432035446,0.0004200004041194916,0.0003910008817911148,0.0003970004618167877,0.0003960002213716507,0.0003750007599592209,0.00035900063812732697,0.00033200159668922424,0.00031100213527679443,0.00032399967312812805,0.00032800063490867615,0.00034200213849544525,0.0003360006958246231,0.0003150012344121933,0.0003369990736246109,0.00033299997448921204,0.00034900009632110596,0.0003640018403530121,0.00035200081765651703,0.000350000336766243,0.0003450009971857071,0.00034800171852111816,0.00034100189805030823,0.0003460012376308441,0.000342000275850296,0.000342000275850296,0.00034900009632110596,0.00033800117671489716,0.0003390014171600342,0.00033700093626976013,0.00033300183713436127,0.00032600201666355133,0.0003260001540184021,0.000321999192237854,0.0003200005739927292,0.00031700171530246735,0.0003100000321865082,0.0002960003912448883,0.0002469997853040695,0.00022100098431110382,0.000180000439286232,0.00016400031745433807,0.00017799995839595795,0.00017100200057029724,0.00017200037837028503,0.00015800073742866516,0.00015199929475784302,0.00014600157737731934,0.0001500006765127182,0.00014700181782245636,0.00014200061559677124,0.00015900097787380219,0.00015800073742866516,0.00016600079834461212,0.00017799995839595795,0.00017700158059597015,0.0001860000193119049,0.00018200092017650604,0.00018499977886676788,0.00016700103878974915,0.00016100145876407623,0.00012500211596488953,5.999580025672913e-06,-8.00006091594696e-05
125,235736,1141,2024-10-26,26.148,26.125,-83.182,-83.195,26.1365,-83.1885,52.5,8.5,33.0,30.0,67.2,,,,75.0,20.0,,25.9,48.4,,27.45,27.43,27.35,37.71,37.73,37.78,,,,6.5,6.4,6.2,,,,,,,,,,,,,,,,,,,,,,,,,,,,,,,,,,,,,,,,,,,,,,,,,,,,,,,,,,,,,,,,,,,,,,,,,,,,,,,,,,,,,,,,,,,,,,,,,,,,,,,,,,,,,,,,,,,,,,,,,,,,,,,,,,,,,,,,,,,,,,,,,,,,,,,,,,,,,,,,,,,,,,,,,,,,,,,,
126,235737,1141,2024-10-26,26.112,26.086,-82.96,-82.96,26.099,-82.96,43.3,12.0,10.0,30.0,55.8,,,,75.0,,,21.4,39.4,,26.9,26.9,27.01,37.11,37.09,37.59,,,,6.7,6.6,6.2,,,,,,,,,,,,,,,,,,,,,,,,,,,,,,,,,,,,,,,,,,,,,,,,,,,,,,,,,,,,,,,,,,,,,,,,,,,,,,,,,,,,,,,,,,,,,,,,,,,,,,,,,,,,,,,,,,,,,,,,,,,,,,,,,,,,,,,,,,,,,,,,,,,,,,,,,,,,,,,,,,,,,,,,,,,,,,,,
127,235738,1141,2024-10-27,26.246,26.222,-83.198,-83.209,26.234,-83.2035,49.4,12.2,52.0,30.0,72.6,,,,75.0,,,24.3,46.4,,27.24,27.3,27.28,37.75,37.71,37.76,,,,6.5,6.4,6.4,,,,,,,,,,,,,,,,,,,,,,,,,,,,,,,,,,,,,,,,,,,,,,,,,,,,,,,,,,,,,,,,,,,,,,,,,,,,,,,,,,,,,,,,,,,,,,,,,,,,,,,,,,,,,,,,,,,,,,,,,,,,,,,,,,,,,,,,,,,,,,,,,,,,,,,,,,,,,,,,,,,,,,,,,,,,,,,,
128,235739,1141,2024-10-27,26.349,26.345,-83.222,-83.249,26.347,-83.2355,49.4,7.1,96.0,30.0,24.4,,,,75.0,,,24.9,47.3,,27.14,27.15,27.15,37.68,37.71,37.75,,,,6.5,6.4,6.4,,,,480.9814282946549,0.00685911113396287,0.007124889176338911,0.007227333728224039,0.0071462225168943405,0.007427111268043518,0.007836000993847847,0.008014222607016563,0.008228890597820282,0.008319111540913582,0.008326002396643162,0.00830600131303072,0.008527111262083054,0.008879333734512329,0.008792223408818245,0.00872377771884203,0.00909177865833044,0.009365556761622429,0.009361335076391697,0.009241555817425251,0.009285557083785534,0.009680445306003094,0.009760667569935322,0.009410889819264412,0.009156222455203533,0.009068222716450691,0.008984223008155823,0.008896001614630222,0.008870000950992107,0.008874000981450081,0.008862889371812344,0.008855333551764488,0.008849333971738815,0.008814445696771145,0.00887088943272829,0.009056445211172104,0.009084668010473251,0.008964668028056622,0.008901778608560562,0.008842222392559052,0.008790668100118637,0.00881888996809721,0.008916446007788181,0.008984888903796673,0.009044889360666275,0.009130667895078659,0.009224445559084415,0.009345557540655136,0.009418446570634842,0.009452445432543755,0.009426000528037548,0.009406445547938347,0.009437779895961285,0.009431556798517704,0.009421557188034058,0.009427777491509914,0.009379112161695957,0.009357335045933723,0.009294888935983181,0.009120222181081772,0.008972223848104477,0.008784890174865723,0.008558889850974083,0.008375778794288635,0.008124668151140213,0.007814223878085613,0.007459335029125214,0.007009999826550484,0.006550444755703211,0.006259556394070387,0.006144001614302397,0.006063999608159065,0.005978000350296497,0.0059117781929671764,0.005829334259033203,0.005720223765820265,0.005605778191238642,0.005494000390172005,0.005339557304978371,0.005170891061425209,0.0050126672722399235,0.004844889044761658,0.004645556211471558,0.004451556596904993,0.004298223182559013,0.004214668646454811,0.004137111362069845,0.004032222554087639,0.003926446661353111,0.0037968894466757774,0.003654889762401581,0.0034942226484417915,0.0033297783229500055,0.0031373342499136925,0.0029135558288544416,0.0026680012233555317,0.002423112513497472,0.002180223586037755,0.0019042222993448377,0.0009551126859150827,0.0009322228725068271,0.0009304450359195471,0.0009113347623497248,0.0008993347291834652,0.0008868894074112177,0.0008504452998749912,0.0008242221083492041,0.0008264456992037594,0.0008180021541193128,0.0008108897600322962,0.0007986678974702954,0.0007911117281764746,0.0007880011107772589,0.0007726682815700769,0.0007611119654029608,0.0007200013496913016,0.0006933340337127447,0.0006644456880167127,0.0006577790481969714,0.0006622229120694101,0.000655334850307554,0.0006591122946701944,0.0006551121477968991,0.0006477791466750205,0.0006355560617521405,0.0006251119775697589,0.000617112556938082,0.0006131124100647867,0.0005995568935759366,0.0005935567314736545,0.0005844458937644958,0.0005786679685115814,0.0005831106100231409,0.0005848892033100128,0.0005855560302734375,0.0005788906710222363,0.0005826677079312503,0.0005820004735141993,0.0005811117589473724,0.0005811117589473724,0.0005722228088416159,0.0005702239577658474,0.000565333932172507,0.0005588899948634207,0.0005506674642674625,0.0005331118009053171,0.0005213349359109998,0.0004973337054252625,0.0004733349778689444,0.0004577798245009035,0.00043800059938803315,0.00042666742228902876,0.00040777772665023804,0.0003697789506986737,0.00034400075674057007,0.00033044524025171995,0.00032133483910001814,0.0003175561723764986,0.0003017791314050555,0.00028866695356555283,0.00028466805815696716,0.00028044439386576414,0.00028933503199368715,0.00030066692852415144,0.00029377845930866897,0.00029466714477166533,0.00028133433079347014,0.0002700015902519226,0.0002528892655391246,0.00023844465613365173,0.00020155600213911384,6.3333660364151e-05,-4.62217467429582e-05
129,235740,1141,2024-10-27,26.454,26.463,-83.579,-83.606,26.4585,-83.5925,66.4,10.6,101.0,30.0,35.9,,,,,,,31.7,61.5,,26.65,27.05,24.62,38.89,38.34,38.4,,,,6.7,6.5,5.5,,,,,,,,,,,,,,,,,,,,,,,,,,,,,,,,,,,,,,,,,,,,,,,,,,,,,,,,,,,,,,,,,,,,,,,,,,,,,,,,,,,,,,,,,,,,,,,,,,,,,,,,,,,,,,,,,,,,,,,,,,,,,,,,,,,,,,,,,,,,,,,,,,,,,,,,,,,,,,,,,,,,,,,,,,,,,,,,
130,235741,1141,2024-10-27,26.346,26.321,-83.748,-83.749,26.3335,-83.7485,79.2,12.5,68.0,30.0,45.5,,,,100.0,,,37.3,73.1,,27.43,27.86,25.1,38.71,38.54,38.37,,,,6.6,6.4,5.8,,,,,,,,,,,,,,,,,,,,,,,,,,,,,,,,,,,,,,,,,,,,,,,,,,,,,,,,,,,,,,,,,,,,,,,,,,,,,,,,,,,,,,,,,,,,,,,,,,,,,,,,,,,,,,,,,,,,,,,,,,,,,,,,,,,,,,,,,,,,,,,,,,,,,,,,,,,,,,,,,,,,,,,,,,,,,,,,
131,235742,1141,2024-10-27,26.672,26.697,-83.978,-83.981,26.6845,-83.9795,106.1,13.2,103.0,30.0,11.9,,,,50.0,37.0,,48.8,95.3,,27.25,27.46,23.67,38.8,38.49,38.68,,,,6.5,6.4,5.5,,,,,,,,,,,,,,,,,,,,,,,,,,,,,,,,,,,,,,,,,,,,,,,,,,,,,,,,,,,,,,,,,,,,,,,,,,,,,,,,,,,,,,,,,,,,,,,,,,,,,,,,,,,,,,,,,,,,,,,,,,,,,,,,,,,,,,,,,,,,,,,,,,,,,,,,,,,,,,,,,,,,,,,,,,,,,,,,
132,235743,1141,2024-10-27,26.846,26.847,-83.7,-83.729,26.8465,-83.7145,66.6,11.0,86.0,30.0,205.2,,,,100.0,24.0,,31.7,61.0,,26.88,27.1,25.83,38.37,38.37,38.32,,,,6.6,6.5,5.6,,,,,,,,,,,,,,,,,,,,,,,,,,,,,,,,,,,,,,,,,,,,,,,,,,,,,,,,,,,,,,,,,,,,,,,,,,,,,,,,,,,,,,,,,,,,,,,,,,,,,,,,,,,,,,,,,,,,,,,,,,,,,,,,,,,,,,,,,,,,,,,,,,,,,,,,,,,,,,,,,,,,,,,,,,,,,,,,
133,235744,1141,2024-10-27,26.828,26.808,-83.479,-83.496,26.818,-83.4875,56.5,10.7,57.0,30.0,30.4,,,,75.0,24.0,,26.9,51.4,,26.53,26.83,26.81,37.62,37.47,37.54,,,,6.8,6.5,6.4,,,,,,,,,,,,,,,,,,,,,,,,,,,,,,,,,,,,,,,,,,,,,,,,,,,,,,,,,,,,,,,,,,,,,,,,,,,,,,,,,,,,,,,,,,,,,,,,,,,,,,,,,,,,,,,,,,,,,,,,,,,,,,,,,,,,,,,,,,,,,,,,,,,,,,,,,,,,,,,,,,,,,,,,,,,,,,,,
134,235745,1141,2024-10-27,26.65,26.636,-83.352,-83.374,26.643,-83.363,51.2,7.0,36.0,30.0,10.3,,,,100.0,17.0,,26.2,48.7,,26.78,26.81,26.79,37.45,37.44,37.47,,,,6.6,6.5,6.4,,,,488.1661028818788,0.004952002316713333,0.0052100010216236115,0.005575999617576599,0.0053640007972717285,0.005437999963760376,0.005966000258922577,0.005867999047040939,0.005942001938819885,0.005979999899864197,0.005890000611543655,0.005982000380754471,0.0061779990792274475,0.006482001394033432,0.006459999829530716,0.006374001502990723,0.006546001881361008,0.006716001778841019,0.006842002272605896,0.006656002253293991,0.0065760016441345215,0.0070500001311302185,0.007054001092910767,0.006723999977111816,0.006565999239683151,0.006548002362251282,0.00643400102853775,0.006301999092102051,0.006316002458333969,0.006319999694824219,0.0063499994575977325,0.0063499994575977325,0.006344001740217209,0.006333999335765839,0.0064060017466545105,0.006583999842405319,0.006586000323295593,0.00648600235581398,0.006438001990318298,0.006484001874923706,0.006470002233982086,0.006446000188589096,0.006586000323295593,0.006694000214338303,0.00674000009894371,0.006815999746322632,0.006893999874591827,0.006930001080036163,0.006964001804590225,0.006992001086473465,0.006937999278306961,0.006960000842809677,0.007044002413749695,0.007060002535581589,0.0070500001311302185,0.007054001092910767,0.0070500001311302185,0.007063999772071838,0.007066000252962112,0.006978001445531845,0.006852000951766968,0.006758000701665878,0.006670001894235611,0.006567999720573425,0.00644800066947937,0.006296001374721527,0.006120000034570694,0.0058559998869895935,0.005559999495744705,0.0053660012781620026,0.005281999707221985,0.005244001746177673,0.00520000234246254,0.005138002336025238,0.005124002695083618,0.00508200004696846,0.004971999675035477,0.004860002547502518,0.004705999046564102,0.004608001559972763,0.004500001668930054,0.00435199961066246,0.004184000194072723,0.0040460005402565,0.003944002091884613,0.0038780011236667633,0.0038500018417835236,0.003776002675294876,0.003699999302625656,0.0036059990525245667,0.0034560002386569977,0.0033500008285045624,0.0032020024955272675,0.0029960013926029205,0.0028339996933937073,0.0026340000331401825,0.002396002411842346,0.0021199993789196014,0.0018500015139579773,0.0009739995002746582,0.000987999141216278,0.0009700022637844086,0.0009419992566108704,0.0009360015392303467,0.0009080022573471069,0.0008880011737346649,0.000890001654624939,0.0008840002119541168,0.000892002135515213,0.0008760020136833191,0.0008220002055168152,0.0008019991219043732,0.0007960014045238495,0.0007960014045238495,0.0007739998400211334,0.0007480010390281677,0.0007320009171962738,0.0007040016353130341,0.0007080025970935822,0.0006980001926422119,0.0006959997117519379,0.0006959997117519379,0.0006920024752616882,0.0006880015134811401,0.0006620027124881744,0.00066399946808815,0.0006620027124881744,0.0006520003080368042,0.0006479993462562561,0.0006300024688243866,0.0006179995834827423,0.0006300024688243866,0.0006380006670951843,0.0006700009107589722,0.0006680004298686981,0.00066399946808815,0.0006580017507076263,0.0006400011479854584,0.0006580017507076263,0.0006380006670951843,0.0006479993462562561,0.0006540007889270782,0.0006479993462562561,0.0006540007889270782,0.0006420016288757324,0.0006319992244243622,0.0005980022251605988,0.000568002462387085,0.0005480013787746429,0.0005200020968914032,0.0005220025777816772,0.0005040019750595093,0.0004700012505054474,0.0004200004041194916,0.00037400051951408386,0.0003559999167919159,0.00033600255846977234,0.0003379993140697479,0.0003260001540184021,0.0003260001540184021,0.000321999192237854,0.0003140009939670563,0.00030799955129623413,0.00030200183391571045,0.0002919994294643402,0.0003000013530254364,0.0003000013530254364,0.0003040023148059845,0.0003100000321865082,0.00028200075030326843,0.00025200098752975464,9.400025010108948e-05,-1.3999640941619873e-05
135,235746,1141,2024-10-27,26.588,26.565,-83.173,-83.186,26.5765,-83.1795,45.7,10.8,34.0,30.0,82.9,,,,75.0,,,24.9,47.2,,26.56,26.76,26.55,37.6,37.47,37.55,,,,6.8,6.5,5.8,,,,488.618896075092,0.0050530023872852325,0.005172333214432001,0.005424333270639181,0.005251666530966759,0.005277666728943586,0.005757000297307968,0.0059346663765609264,0.005940334405750036,0.005874669179320335,0.005851332563906908,0.005950334016233683,0.006218999624252319,0.0064340014941990376,0.006245667580515146,0.006241333205252886,0.0065036676824092865,0.006667000707238913,0.006778333336114883,0.006614666897803545,0.006608666852116585,0.007074333727359772,0.00712300231680274,0.006791668478399515,0.006563000846654177,0.006532667204737663,0.006449334789067507,0.0063420007936656475,0.006351333577185869,0.006340668071061373,0.006363334134221077,0.006406001280993223,0.006398668047040701,0.006401001941412687,0.0064593348652124405,0.006628667935729027,0.006651334930211306,0.006544334813952446,0.006492666434496641,0.006534334272146225,0.006574667524546385,0.006582001224160194,0.006712667178362608,0.00681466655805707,0.006844000890851021,0.006903334986418486,0.006960001308470964,0.007053001318126917,0.00710366852581501,0.007083334494382143,0.0070693339221179485,0.007078002672642469,0.007096333894878626,0.00713866762816906,0.007191334385424852,0.007217333186417818,0.0071856677532196045,0.007170666474848986,0.007159666623920202,0.007045666221529245,0.006948334630578756,0.006876668427139521,0.0067806667648255825,0.006678000558167696,0.0065470002591609955,0.006387667264789343,0.006191668566316366,0.005918668117374182,0.005612000357359648,0.005421001464128494,0.005384668242186308,0.005339666735380888,0.0052836681716144085,0.005225669126957655,0.005183000583201647,0.005121334921568632,0.0050213332287967205,0.0049413344822824,0.004817333538085222,0.004688667133450508,0.004567001014947891,0.004425335209816694,0.004250667989253998,0.004115001764148474,0.004007001873105764,0.003947666380554438,0.003893001703545451,0.003827334614470601,0.003749001771211624,0.0036330006550997496,0.0035053330939263105,0.003379000350832939,0.0032233335077762604,0.0030203331261873245,0.0028470016550272703,0.0026620018761605024,0.0024276666808873415,0.0021526676137000322,0.0018736677011474967,0.0010216664522886276,0.0010203340789303184,0.0010110009461641312,0.0009710025042295456,0.000958666845690459,0.0009536675061099231,0.0009256663615815341,0.0009206682443618774,0.0009030010551214218,0.0008990013157017529,0.0008973336662165821,0.0008570011705160141,0.0008450020104646683,0.0008470018510706723,0.000845668837428093,0.0008303355425596237,0.000789667188655585,0.0007616684888489544,0.0007296682451851666,0.0007236668025143445,0.0007216663216240704,0.0007256672834046185,0.0007243336294777691,0.0007226665620692074,0.000719001516699791,0.0007003347272984684,0.0007036682218313217,0.0006936670397408307,0.0006863344460725784,0.0006840017740614712,0.0006630004500038922,0.000662999867927283,0.0006670008297078311,0.0006623336230404675,0.0006790005718357861,0.0006736672366969287,0.0006730004097335041,0.0006763339042663574,0.0006756664370186627,0.0006793339853174984,0.0006763332639820874,0.0006780003313906491,0.0006790005718357861,0.0006826681201346219,0.0006766666774637997,0.0006763332639820874,0.0006550022517330945,0.0006276660715229809,0.0006000002031214535,0.000562333210837096,0.00054900161921978,0.0005423345719464123,0.0005246673827059567,0.0004910013522021472,0.0004386665823403746,0.0003993349673692137,0.0003860021533910185,0.0003733349440153688,0.00036800155066885054,0.00034933537244796753,0.000334668904542923,0.0003340020775794983,0.0003306679427623749,0.0003360013070050627,0.0003406678733881563,0.00033066669129766524,0.0003366681339684874,0.0003246677515562624,0.0003119992616120726,0.00030899979174137115,0.0002833344042301178,0.00024400030088145286,0.00010166627907892689,-2.3326526843447937e-06
136,235747,1141,2024-10-28,26.759,26.754,-82.995,-83.023,26.7565,-83.009,36.4,18.0,90.0,30.0,57.4,,,,100.0,,,17.5,32.0,,26.46,26.5,26.81,37.28,37.25,37.54,,,,6.9,6.8,6.3,,,,,,,,,,,,,,,,,,,,,,,,,,,,,,,,,,,,,,,,,,,,,,,,,,,,,,,,,,,,,,,,,,,,,,,,,,,,,,,,,,,,,,,,,,,,,,,,,,,,,,,,,,,,,,,,,,,,,,,,,,,,,,,,,,,,,,,,,,,,,,,,,,,,,,,,,,,,,,,,,,,,,,,,,,,,,,,,
137,235748,1141,2024-10-28,26.856,26.833,-83.083,-83.073,26.8445,-83.078,39.9,16.2,97.0,30.0,53.1,,,,75.0,,,18.1,34.4,,26.71,26.72,26.69,37.52,37.49,37.5,,,,6.6,6.5,6.5,,,,,,,,,,,,,,,,,,,,,,,,,,,,,,,,,,,,,,,,,,,,,,,,,,,,,,,,,,,,,,,,,,,,,,,,,,,,,,,,,,,,,,,,,,,,,,,,,,,,,,,,,,,,,,,,,,,,,,,,,,,,,,,,,,,,,,,,,,,,,,,,,,,,,,,,,,,,,,,,,,,,,,,,,,,,,,,,
138,235749,1141,2024-10-28,26.935,26.935,-83.169,-83.198,26.935,-83.1835,43.5,11.3,87.0,30.0,37.5,,,,75.0,,,21.1,40.3,,26.62,26.65,26.68,38.35,38.37,38.34,,,,6.7,6.7,6.7,,,,,,,,,,,,,,,,,,,,,,,,,,,,,,,,,,,,,,,,,,,,,,,,,,,,,,,,,,,,,,,,,,,,,,,,,,,,,,,,,,,,,,,,,,,,,,,,,,,,,,,,,,,,,,,,,,,,,,,,,,,,,,,,,,,,,,,,,,,,,,,,,,,,,,,,,,,,,,,,,,,,,,,,,,,,,,,,
139,235750,1141,2024-10-28,26.909,26.91,-83.389,-83.418,26.9095,-83.4035,51.4,12.7,83.0,30.0,23.2,,,,75.0,,,25.0,48.1,,26.49,26.56,26.58,38.27,38.24,38.32,,,,6.6,6.5,6.5,,,,,,,,,,,,,,,,,,,,,,,,,,,,,,,,,,,,,,,,,,,,,,,,,,,,,,,,,,,,,,,,,,,,,,,,,,,,,,,,,,,,,,,,,,,,,,,,,,,,,,,,,,,,,,,,,,,,,,,,,,,,,,,,,,,,,,,,,,,,,,,,,,,,,,,,,,,,,,,,,,,,,,,,,,,,,,,,
140,235751,1141,2024-10-28,27.07,27.071,-83.65,-83.678,27.0705,-83.664,58.3,13.9,99.0,30.0,48.9,,,,75.0,,,27.3,52.6,,26.06,26.37,26.4,37.91,38.27,38.35,,,,6.7,6.5,6.5,,,,,,,,,,,,,,,,,,,,,,,,,,,,,,,,,,,,,,,,,,,,,,,,,,,,,,,,,,,,,,,,,,,,,,,,,,,,,,,,,,,,,,,,,,,,,,,,,,,,,,,,,,,,,,,,,,,,,,,,,,,,,,,,,,,,,,,,,,,,,,,,,,,,,,,,,,,,,,,,,,,,,,,,,,,,,,,,
141,235752,1141,2024-10-28,27.179,27.192,-83.89,-83.915,27.1855,-83.9025,68.8,12.8,78.0,30.0,26.2,,,,100.0,12.0,,31.9,62.4,,26.64,26.71,25.94,38.42,38.34,38.02,,,,6.5,6.5,6.3,,,,,,,,,,,,,,,,,,,,,,,,,,,,,,,,,,,,,,,,,,,,,,,,,,,,,,,,,,,,,,,,,,,,,,,,,,,,,,,,,,,,,,,,,,,,,,,,,,,,,,,,,,,,,,,,,,,,,,,,,,,,,,,,,,,,,,,,,,,,,,,,,,,,,,,,,,,,,,,,,,,,,,,,,,,,,,,,
142,235753,1141,2024-10-28,27.213,27.224,-84.146,-84.172,27.2185,-84.159,89.6,15.0,86.0,30.0,33.7,,,,75.0,20.0,,42.0,81.2,,26.49,26.53,23.32,38.34,38.33,38.23,,,,6.6,6.5,5.2,,,,,,,,,,,,,,,,,,,,,,,,,,,,,,,,,,,,,,,,,,,,,,,,,,,,,,,,,,,,,,,,,,,,,,,,,,,,,,,,,,,,,,,,,,,,,,,,,,,,,,,,,,,,,,,,,,,,,,,,,,,,,,,,,,,,,,,,,,,,,,,,,,,,,,,,,,,,,,,,,,,,,,,,,,,,,,,,
143,235793,1143,2024-10-13,28.978,28.983,-90.334,-90.311,28.9805,-90.3225,7.8,,,30.0,33.4,,,,,,,6.5,14.4,14.4,27.1,27.18,28.28,32.57,32.66,34.22,8.399,8.199,10.301,6.3,6.4,3.7,86.31,88.47,25.81,523.1903632203017,0.0010715557727962732,0.001193334232084453,0.0012862235307693481,0.0012346676085144281,0.0012768900487571955,0.0015228899428620934,0.0016788890352472663,0.0017695559654384851,0.0017962227575480938,0.001741556217893958,0.0016955563332885504,0.001860222895629704,0.0020977784879505634,0.0019440001342445612,0.001839778502471745,0.002111334353685379,0.002257778774946928,0.002274000784382224,0.002196223009377718,0.0022071124985814095,0.0025506678503006697,0.0026822227519005537,0.0024871118366718292,0.002313334494829178,0.0023095570504665375,0.0022924451623111963,0.002271778415888548,0.002291112206876278,0.002304001012817025,0.0023244444746524096,0.002318223239853978,0.00233177887275815,0.0023420006036758423,0.0023668897338211536,0.002474890323355794,0.002523556351661682,0.0024666674435138702,0.0024713340681046247,0.002491334220394492,0.0025171120651066303,0.002574889687821269,0.002627111505717039,0.0026544455904513597,0.0026862232480198145,0.0027422234416007996,0.002795556792989373,0.0028611114248633385,0.002917112549766898,0.0029648898635059595,0.0030180008616298437,0.0030966682825237513,0.003177778562530875,0.0032582234125584364,0.003342001000419259,0.003416667692363262,0.0034522227942943573,0.003510889830067754,0.003574667265638709,0.0035800007171928883,0.0036084449384361506,0.003658668138086796,0.0037044452037662268,0.0037520010955631733,0.00379911158233881,0.0038433345034718513,0.0038442229852080345,0.0038180004339665174,0.003785111475735903,0.0037962226197123528,0.003854223061352968,0.003919556271284819,0.003962223418056965,0.0040204450488090515,0.004084667190909386,0.004131111782044172,0.004144000355154276,0.004167778417468071,0.0041773347184062,0.004178222268819809,0.004172445274889469,0.004158446099609137,0.004135556053370237,0.004107556771486998,0.004088222980499268,0.0040924460627138615,0.004113778471946716,0.004133334383368492,0.0041351113468408585,0.0041011120192706585,0.004038889892399311,0.003949334844946861,0.0038306675851345062,0.003677557222545147,0.003494667587801814,0.0032748894300311804,0.003033333458006382,0.002780000679194927,0.0025177784264087677,0.0013720012502744794,0.0013464452931657434,0.0013328894274309278,0.001316890586167574,0.0012964457273483276,0.0012744454434141517,0.0012640005443245173,0.0012546678772196174,0.0012353339698165655,0.0012108898954465985,0.0011986680328845978,0.0011897790245711803,0.0011835561599582434,0.0011777787003666162,0.0011680006282404065,0.0011577787809073925,0.0011377789778634906,0.0011188896605744958,0.0010995571501553059,0.0010862230556085706,0.0010726675391197205,0.0010593339102342725,0.0010453334543853998,0.0010266676545143127,0.0010153348557651043,0.0009973339037969708,0.000983556965366006,0.0009700010414235294,0.0009597784373909235,0.0009522239561192691,0.0009455565013922751,0.00094400136731565,0.0009484448237344623,0.0009560005273669958,0.000972667068708688,0.000989334424957633,0.001008667517453432,0.001026000827550888,0.0010475561721250415,0.0010673337383195758,0.0010848897509276867,0.0011006672866642475,0.0011142231523990631,0.0011228894582018256,0.0011282232590019703,0.0011262231273576617,0.001118223648518324,0.0011068896856158972,0.001086223404854536,0.0010728902416303754,0.0010522226803004742,0.0010257781250402331,0.0009888894855976105,0.0009353343048132956,0.0008793345186859369,0.0008273344137705863,0.0007908898987807333,0.0007706678006798029,0.0007535562617704272,0.0007322228047996759,0.0007091123261488974,0.000692001252900809,0.0006764456629753113,0.0006660003564320505,0.0006555558647960424,0.0006364451255649328,0.0006195567548274994,0.000600445200689137,0.0005808894638903439,0.0005613346002064645,0.0005397784407250583,0.0004980005323886871,0.0003508900699671358,0.00023244570184033364
144,235794,1143,2024-10-13,28.889,28.898,-90.167,-90.14,28.8935,-90.1535,12.5,,,30.0,11.8,,,,,,,14.0,24.8,24.8,26.94,27.46,28.13,32.54,33.52,34.9,8.189,6.976,8.584,6.4,6.3,4.7,96.1859,96.8224,25.2827,519.6030198552793,0.001230444759130478,0.001351779093965888,0.0014377778861671686,0.0013528900453820825,0.0013788901269435883,0.0016275565139949322,0.0017568899784237146,0.0018177785677835345,0.0018186676315963268,0.0017537785461172462,0.0016802226891741157,0.0018224450759589672,0.0020584454759955406,0.0019073341973125935,0.0017902238760143518,0.002012667478993535,0.002132667461410165,0.0021431120112538338,0.002049111295491457,0.002040444640442729,0.002372889779508114,0.002499556401744485,0.0022906677331775427,0.002100889105349779,0.0020822223741561174,0.0020511122420430183,0.002021778840571642,0.0020335556473582983,0.0020295563153922558,0.0020366674289107323,0.0020164453890174627,0.0020075568463653326,0.0020026671700179577,0.0020148891489952803,0.0021120011806488037,0.0021560010500252247,0.0020895572379231453,0.0020726670045405626,0.0020648895297199488,0.002064889995381236,0.0021006676834076643,0.002125334460288286,0.00212422339245677,0.002130667446181178,0.0021597789600491524,0.002189556835219264,0.002226667245849967,0.00225911196321249,0.0022744450252503157,0.002285555936396122,0.002332000993192196,0.002386445412412286,0.002433111658319831,0.002475112210959196,0.0025073348078876734,0.0025097790639847517,0.0025366677436977625,0.0025724454317241907,0.0025500012561678886,0.0025526678655296564,0.00257844477891922,0.0025926674716174603,0.002604222623631358,0.002625556429848075,0.002643557032570243,0.002622890053316951,0.002589333802461624,0.002561779459938407,0.002563555957749486,0.0025920006446540356,0.0026080007664859295,0.002602222841233015,0.0026288898661732674,0.0026611117646098137,0.002670889487490058,0.002658000448718667,0.0026662233285605907,0.002656000666320324,0.0026388897094875574,0.0026280011516064405,0.0026073334738612175,0.0025835568085312843,0.002562001347541809,0.0025417793076485395,0.0025222236290574074,0.0025215568020939827,0.0025322234723716974,0.0025228895246982574,0.0024948897771537304,0.0024551120586693287,0.0024028895422816277,0.002338223159313202,0.002254445105791092,0.0021608902607113123,0.0020473343320190907,0.001923556555993855,0.0017937789671123028,0.0016586676938459277,0.0009993339190259576,0.000977779389359057,0.0009655563626438379,0.0009524457855150104,0.0009386676247231662,0.0009224452078342438,0.0009168895776383579,0.0009111116523854434,0.0008940005209296942,0.0008724451763555408,0.0008602229063399136,0.0008526676101610065,0.0008486670558340847,0.0008446677820757031,0.0008393339812755585,0.0008340005879290402,0.0008211123640649021,0.0008093342185020447,0.0007931118016131222,0.0007811118266545236,0.0007684454321861267,0.0007551118033006787,0.0007471119170077145,0.0007364455959759653,0.0007326677441596985,0.0007251120405271649,0.0007184458081610501,0.0007122229435481131,0.0007075563771650195,0.0007053344743326306,0.0007066677208058536,0.000712445646058768,0.0007268902263604105,0.0007435559527948499,0.0007686673197895288,0.0007955568726174533,0.0008240010938607156,0.0008524449076503515,0.0008833346073515713,0.0009111107792705297,0.0009360007243230939,0.0009564451174810529,0.0009735561907291412,0.000983778852969408,0.0009897785494104028,0.000988223124295473,0.0009797782404348254,0.0009664450190030038,0.0009460006258450449,0.0009308900334872305,0.000908222864381969,0.0008846670389175415,0.0008462228579446673,0.0007917785551398993,0.0007368905935436487,0.0006844450836069882,0.0006473337416537106,0.0006275561754591763,0.0006124451756477356,0.0005931121413595974,0.0005722228088416159,0.0005557781551033258,0.0005413343315012753,0.0005320004420354962,0.0005222231848165393,0.0005066667799837887,0.0004946676199324429,0.0004788897931575775,0.00046200057840906084,0.00044822279596701264,0.00043111253762617707,0.00039688951801508665,0.0002677788434084505,0.00016533417510800064
145,235795,1143,2024-10-13,29.01,29.013,-89.925,-89.897,29.0115,-89.911,14.4,,,30.0,85.8,,,,,,,13.9,24.9,24.9,26.17,27.45,28.37,29.11,31.35,34.96,11.04,10.399,8.843,7.9,6.2,3.2,76.3635,96.0547,27.9654,528.6615307894552,0.0012573343701660633,0.0013477785978466272,0.0014375564642250538,0.001367556513287127,0.0013586679706349969,0.0015917784767225385,0.0017577782273292542,0.001808889675885439,0.001819556811824441,0.0017655561678111553,0.00168711191508919,0.0018224450759589672,0.002048889407888055,0.0019026680383831263,0.0017742232885211706,0.0019884449429810047,0.0021282227244228125,0.0021535558626055717,0.002049556700512767,0.002034001052379608,0.00237400084733963,0.002511556725949049,0.0023146672174334526,0.0021255554165691137,0.0021000003907829523,0.002064222702756524,0.0020326669327914715,0.0020464451517909765,0.002039112150669098,0.0020504454150795937,0.0020424453541636467,0.0020344452932476997,0.002027334412559867,0.0020395563915371895,0.0021291119046509266,0.0021731117740273476,0.0021064456086605787,0.0020895563066005707,0.0020900005474686623,0.0020962224807590246,0.0021342230029404163,0.002164223464205861,0.002166890073567629,0.0021722230594605207,0.0022044451907277107,0.002235333900898695,0.002270445227622986,0.002298667561262846,0.0023115563672035933,0.0023288901429623365,0.0023784455843269825,0.0024282229132950306,0.002475112210959196,0.0025246674194931984,0.0025595563929528,0.0025555556640028954,0.00257777888327837,0.002613778691738844,0.0026020007207989693,0.0026088899467140436,0.0026400010101497173,0.0026766678784042597,0.002710445551201701,0.0027502228040248156,0.0027933339588344097,0.0028111119754612446,0.0028268892783671618,0.0028415557462722063,0.0028733345679938793,0.002925111912190914,0.0029671117663383484,0.0029788902029395103,0.0030222225468605757,0.0030786681454628706,0.003115111729130149,0.0031275562942028046,0.0031595565378665924,0.0031791117507964373,0.0031971121206879616,0.003219334641471505,0.003237334080040455,0.0032528890296816826,0.0032637789845466614,0.0032755557913333178,0.0032984453719109297,0.003327334998175502,0.003352667670696974,0.0033646668307483196,0.0033546676859259605,0.0033313343301415443,0.0032897782512009144,0.0032255565747618675,0.003132445504888892,0.0030191109981387854,0.0028813336975872517,0.0027215564623475075,0.0025431124959141016,0.002345556626096368,0.001371112186461687,0.0013395564164966345,0.0013224453432485461,0.0013040006160736084,0.0012828902108594775,0.0012622227659448981,0.0012506672646850348,0.0012400009436532855,0.0012191119603812695,0.00119422294665128,0.001179778715595603,0.0011706679360941052,0.0011673341505229473,0.0011602225713431835,0.0011544463923200965,0.0011424451367929578,0.0011248899390920997,0.0011113344226032495,0.0010908895637840033,0.0010780013399198651,0.0010626675793901086,0.0010464456863701344,0.0010302228620275855,0.001012445311062038,0.0010015562875196338,0.000984444748610258,0.0009720002417452633,0.000960223376750946,0.0009495553676970303,0.0009448900818824768,0.000943778723012656,0.0009475561673752964,0.0009606675012037158,0.0009777782252058387,0.0010040008928626776,0.0010348898358643055,0.0010688892798498273,0.0011013341136276722,0.0011386676924303174,0.00117088935803622,0.001198889920488,0.001225556363351643,0.0012471121735870838,0.0012626677053049207,0.0012726676650345325,0.0012708894209936261,0.0012626680545508862,0.0012460011057555676,0.0012213339796289802,0.0012011118233203888,0.0011726671364158392,0.0011424451367929578,0.0010955565376207232,0.0010322233429178596,0.0009655563626438379,0.0009040008881129324,0.0008582224254496396,0.000833556056022644,0.0008140015997923911,0.0007875557639636099,0.0007593341870233417,0.0007371124229393899,0.0007160007953643799,0.0007000010809861124,0.0006855565006844699,0.0006660007638856769,0.0006477787392213941,0.0006266675191000104,0.0006068903603591025,0.0005853341426700354,0.000561112305149436,0.0005184457404538989,0.0003706676361616701,0.000252889672992751
146,235796,1143,2024-10-13,28.975,28.956,-89.677,-89.695,28.9655,-89.686,26.4,,,30.0,319.5,,,,,,,26.0,48.5,48.5,26.22,28.12,27.61,28.61,34.38,36.05,11.887,6.543,8.725,8.1,5.6,3.9,67.474,92.8512,20.5646,537.0057380195522,0.0011213342659175396,0.0012393345823511481,0.0013277786783874035,0.001256666611880064,0.001281111966818571,0.0015320000238716602,0.0017022221582010388,0.0018055563559755683,0.001828445354476571,0.0017495565116405487,0.0016800003359094262,0.0018486670451238751,0.002095111645758152,0.001952223014086485,0.0018506675260141492,0.002102890284731984,0.0022506671957671642,0.0022873340640217066,0.0021942229941487312,0.0021795560605823994,0.0025251118931919336,0.0026804457884281874,0.00250000087544322,0.0023246679920703173,0.002314889570698142,0.0023031122982501984,0.002282223431393504,0.0023002231027930975,0.0023111116606742144,0.0023297779262065887,0.002325778128579259,0.002329556504264474,0.002330000977963209,0.0023633341770619154,0.0024864450097084045,0.002540889661759138,0.0024788896553218365,0.0024806675501167774,0.0024895560927689075,0.0025044456124305725,0.00256955623626709,0.0026282232720404863,0.0026493342593312263,0.0026697786524891853,0.00271777855232358,0.0027633337303996086,0.00281044514849782,0.0028533339500427246,0.0028855567798018456,0.002915111603215337,0.0029795567970722914,0.0030446674209088087,0.0031046676449477673,0.003174444893375039,0.0032333338167518377,0.003245333908125758,0.0032784449867904186,0.0033317788038402796,0.0033302237279713154,0.003342666896060109,0.0033844448626041412,0.0034344447776675224,0.0034880004823207855,0.003549778601154685,0.0036215558648109436,0.003666667500510812,0.003714223625138402,0.003765334375202656,0.0038277788553386927,0.003908667713403702,0.003987111616879702,0.004030000884085894,0.004090667702257633,0.0041617779061198235,0.004219112452119589,0.004246000666171312,0.004292222671210766,0.004330001305788755,0.004359778948128223,0.004389778710901737,0.004415111616253853,0.004436000250279903,0.004458890296518803,0.004480667877942324,0.004509333521127701,0.004548890050500631,0.0045937784016132355,0.004622889216989279,0.004617111757397652,0.0045875562354922295,0.004540222696959972,0.0044746678322553635,0.004380000755190849,0.004267334472388029,0.00411844439804554,0.003936444874852896,0.003719555912539363,0.003454444697126746,0.002190445549786091,0.0021502235904335976,0.0021213346626609564,0.0020946674048900604,0.002075557131320238,0.0020491117611527443,0.002021778840571642,0.002001778222620487,0.001980667235329747,0.001958223292604089,0.0019402230391278863,0.0019277785904705524,0.0019255565712228417,0.0019195564091205597,0.0019104451639577746,0.001895334105938673,0.001868444960564375,0.0018435559468343854,0.0018146676011383533,0.0017964451108127832,0.0017793340375646949,0.0017608896596357226,0.001741556217893958,0.0017137783579528332,0.0016928890254348516,0.0016613337211310863,0.0016360009321942925,0.00161266780924052,0.0015913347015157342,0.001576001406647265,0.0015642225043848157,0.00155644491314888,0.0015573339769616723,0.001560667296871543,0.0015733337495476007,0.0015895565738901496,0.001611111918464303,0.001632667612284422,0.00165955675765872,0.0016833344707265496,0.0017046680441126227,0.001725556910969317,0.0017428898718208075,0.001757779042236507,0.0017686672508716583,0.0017702227924019098,0.001766667584888637,0.0017526671290397644,0.001727777998894453,0.0017091118497774005,0.0016828899970278144,0.001655557076446712,0.0016071121208369732,0.0015335562638938427,0.001456889440305531,0.0013864454813301563,0.00133844546508044,0.0013124453835189342,0.0012860012939199805,0.001250890432856977,0.0012126672081649303,0.0011822233209386468,0.0011555565288290381,0.0011346680112183094,0.0011126676108688116,0.0010813346598297358,0.0010526677360758185,0.0010184459388256073,0.0009842237923294306,0.000948222994338721,0.0009055559639818966,0.0008371116127818823,0.0006117791635915637,0.00043800100684165955
147,235797,1143,2024-10-13,28.945,28.921,-89.526,-89.513,28.933,-89.5195,25.7,,,30.0,154.1,,,,,,,25.0,46.8,46.8,26.88,28.33,27.71,27.86,34.89,35.88,13.418,6.526,8.522,8.3,4.7,4.1,61.3291,84.2747,26.404,539.5988565363407,0.0013311124639585614,0.0014553351793438196,0.0015551120741292834,0.0015006674220785499,0.0015268897404894233,0.0017837786581367254,0.0019537785556167364,0.002021334134042263,0.0020382229704409838,0.001994890160858631,0.001930890022777021,0.0021011121571063995,0.002357334364205599,0.002233779290691018,0.002129556844010949,0.002357111545279622,0.002514889696612954,0.002552890218794346,0.00246777874417603,0.0024751117452979088,0.0028213346377015114,0.0029571126215159893,0.002764667384326458,0.0025993341114372015,0.0025962230283766985,0.0025784452445805073,0.002561111468821764,0.0025842231698334217,0.0025971122086048126,0.002618000376969576,0.0026146669406443834,0.0026251119561493397,0.002635778160765767,0.002676222939044237,0.0027968899812549353,0.0028542231302708387,0.0028020006138831377,0.002803557086735964,0.0028197781648486853,0.0028417790308594704,0.0029020002111792564,0.0029744452331215143,0.0030106673948466778,0.0030435568187385798,0.0030962228775024414,0.003136000595986843,0.003194667398929596,0.0032448892015963793,0.003282222431153059,0.0033195565920323133,0.003389555960893631,0.0034653337206691504,0.003533334005624056,0.003610445884987712,0.003684667171910405,0.0037148892879486084,0.0037586677353829145,0.0038142232224345207,0.0038142225239425898,0.00383777916431427,0.0038946676068007946,0.003955112304538488,0.0040273345075547695,0.004103778395801783,0.004189112689346075,0.004256223328411579,0.004322889260947704,0.004394445102661848,0.004484223201870918,0.004590445663779974,0.004690223373472691,0.004760001320391893,0.004846889991313219,0.0049364459700882435,0.005006000865250826,0.0050513348542153835,0.005114667117595673,0.005159334279596806,0.005199556238949299,0.005241112317889929,0.005281556397676468,0.005310890264809132,0.005342889577150345,0.005380889866501093,0.005427333991974592,0.005486888810992241,0.0055475556291639805,0.005587334278970957,0.005593334324657917,0.0055668894201517105,0.005521556828171015,0.005459556356072426,0.005367112345993519,0.005255334544926882,0.005099112167954445,0.004901333246380091,0.004651334602385759,0.004332889802753925,0.002738223411142826,0.002694890834391117,0.0026580009143799543,0.0026182224974036217,0.002589111914858222,0.002562890062108636,0.002532001119107008,0.0025040002074092627,0.002482667565345764,0.002459778916090727,0.0024426679592579603,0.0024242231156677008,0.0024175557773560286,0.0024066674523055553,0.0023935565259307623,0.0023720008321106434,0.002335112076252699,0.002302889944985509,0.0022684456780552864,0.0022484445944428444,0.00222977832891047,0.00220577884465456,0.002180444775149226,0.0021431122440844774,0.0021106679923832417,0.0020668895449489355,0.0020288904197514057,0.001996667357161641,0.0019671123009175062,0.0019448896637186408,0.0019240006804466248,0.0019073337316513062,0.0018991120159626007,0.0018948896322399378,0.0019008894450962543,0.0019108905689790845,0.0019271125784143806,0.001946446020156145,0.001969334203749895,0.0019915562588721514,0.0020142225548624992,0.002035333774983883,0.0020566678140312433,0.0020726670045405626,0.0020864452235400677,0.002092667855322361,0.002091112546622753,0.0020802232902497053,0.0020573337096720934,0.002036001067608595,0.002010666998103261,0.001981111941859126,0.0019300008425489068,0.001852889428846538,0.0017677785363048315,0.0016951122088357806,0.0016448894748464227,0.0016153334872797132,0.0015846672467887402,0.0015400006668642163,0.0014920006506145,0.0014500009128823876,0.0014164447784423828,0.001386889605782926,0.0013584449188783765,0.0013202234404161572,0.0012828893959522247,0.0012417775578796864,0.0011962226126343012,0.001150890369899571,0.0010988898575305939,0.0010168892331421375,0.0007622233824804425,0.0005626678466796875
148,235798,1143,2024-10-13,28.846,28.855,-89.888,-89.867,28.8505,-89.8775,25.0,,,30.0,456.7,,,,,,,25.0,45.7,45.7,27.1,28.12,28.24,29.63,34.92,35.68,10.41,6.83,7.311,6.5,4.5,3.8,79.9955,62.1826,31.7448,524.6524765252959,0.0013657783856615424,0.0014593340456485748,0.001531556248664856,0.0014528888277709484,0.001444667112082243,0.0016471123090013862,0.0018053340027108788,0.0018877788679674268,0.0019020012114197016,0.001830889144912362,0.001756000448949635,0.0018804454011842608,0.0020951118785887957,0.0019488893449306488,0.001835778821259737,0.002068445086479187,0.0021933342795819044,0.0021917782723903656,0.002088667592033744,0.002088223583996296,0.0024153341073542833,0.002540889661759138,0.0023371120914816856,0.002151111839339137,0.0021322232205420732,0.0021002234425395727,0.0020671123638749123,0.0020746674854308367,0.002071111463010311,0.0020871125161647797,0.0020700006280094385,0.002054222859442234,0.0020495562348514795,0.002061333041638136,0.0021546678617596626,0.0021988898515701294,0.0021320011001080275,0.002116889925673604,0.00211422354914248,0.0021133339032530785,0.0021466671023517847,0.0021737786009907722,0.0021717792842537165,0.002178889699280262,0.0022117788903415203,0.0022440010216087103,0.002280445070937276,0.002309333998709917,0.002318000653758645,0.00232866732403636,0.002379333833232522,0.0024355559144169092,0.002480889670550823,0.002522667171433568,0.002555334707722068,0.0025502231437712908,0.002571334131062031,0.002611334202811122,0.0025940006598830223,0.002590667922049761,0.0026175566017627716,0.0026371118146926165,0.002652445575222373,0.002680001547560096,0.002706668106839061,0.002705777995288372,0.002696445444598794,0.002689111977815628,0.002705112099647522,0.0027411116752773523,0.002770000835880637,0.0027691121213138103,0.0027973337564617395,0.0028393338434398174,0.0028584450483322144,0.0028557786718010902,0.0028731119818985462,0.0028726670425385237,0.002866223454475403,0.002864889334887266,0.0028611118905246258,0.0028597787022590637,0.002861333778128028,0.002859111875295639,0.002862890250980854,0.0028784452006220818,0.0028971119318157434,0.002908223308622837,0.0028960006311535835,0.0028668902814388275,0.0028275558724999428,0.0027704457752406597,0.0026904456317424774,0.002599111758172512,0.002477556001394987,0.0023395558819174767,0.0021908895578235388,0.002019779058173299,0.0012057783314958215,0.0011762231588363647,0.0011617789277806878,0.001148889889009297,0.0011320007033646107,0.0011164455208927393,0.001109334290958941,0.0010986679699271917,0.0010811127722263336,0.0010615566279739141,0.0010491120629012585,0.0010386676294729114,0.0010353339603170753,0.0010280008427798748,0.001022667158395052,0.0010142227401956916,0.0009962229523807764,0.0009828901384025812,0.0009655563626438379,0.0009535567369312048,0.0009426677133888006,0.0009293340845033526,0.0009177786414511502,0.0009026672341860831,0.0008946682210080326,0.0008822228410281241,0.000873334298375994,0.0008668895461596549,0.0008595564868301153,0.0008566673495806754,0.0008571118814870715,0.0008633348043076694,0.000877778569702059,0.0008957783575169742,0.000921556493267417,0.0009502230677753687,0.0009806673042476177,0.0010128894355148077,0.0010455561568960547,0.0010757786221802235,0.001103334128856659,0.0011264453642070293,0.00114733399823308,0.0011604457395151258,0.0011677787406370044,0.0011646673083305359,0.0011560010025277734,0.0011404450051486492,0.001114890445023775,0.001096223364584148,0.001067556906491518,0.0010386672802269459,0.0009960010647773743,0.0009346678853034973,0.0008726670639589429,0.0008126671309582889,0.0007711119251325727,0.0007482233340851963,0.0007288894848898053,0.000707778672222048,0.0006824450101703405,0.0006631116266362369,0.0006460017757490277,0.0006320008542388678,0.000619556347373873,0.0006022225716151297,0.0005862228572368622,0.0005675562424585223,0.0005475568468682468,0.0005280007026158273,0.0005073344800621271,0.00046844533062539995,0.0003266669809818268,0.00020933400082867593
149,235799,1143,2024-10-14,28.75,28.724,-90.177,-90.175,28.737,-90.176,18.2,,,30.0,145.9,,,,,,,17.9,34.0,34.0,27.4,27.8,27.9,30.84,34.19,34.63,9.55,6.909,8.518,7.7,6.0,5.0,71.6207,90.285,31.8939,534.8081756232388,-0.00080110999988392,-0.0007262208964675665,-0.0006386653985828161,-0.0007526655099354684,-0.0007391099934466183,-0.00031999952625483274,4.3111955164931715e-05,0.00017400002980139107,0.0001871118147391826,6.577869498869404e-05,3.800044578383677e-05,0.00029489106964319944,0.0005784456734545529,0.0003840004501398653,0.0002666670479811728,0.000606445362791419,0.0009200010099448264,0.0009417786495760083,0.0007820013561286032,0.0007953341701067984,0.001329778810031712,0.0015771115431562066,0.001302445074543357,0.0010115562472492456,0.0009888899512588978,0.001018222887068987,0.0010066673858091235,0.0009986675577238202,0.0009862234583124518,0.001020223367959261,0.0010200010146945715,0.0010113338939845562,0.0010131117887794971,0.0010815556161105633,0.0012493340764194727,0.0013240008847787976,0.0012600007466971874,0.0012440006248652935,0.001254890114068985,0.001257778494618833,0.0013195566134527326,0.0014500009128823876,0.0015026674373075366,0.0015102231409400702,0.0015417789109051228,0.0015822231071069837,0.001632889499887824,0.0016362228197976947,0.0016217785887420177,0.0016157784266397357,0.0016491119749844074,0.0017386670224368572,0.0018273335881531239,0.001904445351101458,0.0019520007772371173,0.0019384457264095545,0.0019751121290028095,0.002040222752839327,0.0020053337793797255,0.0019944459199905396,0.0020291118416935205,0.002061111619696021,0.0020988897886127234,0.0021257789339870214,0.00213711173273623,0.002144667785614729,0.002166223246604204,0.0021820010151714087,0.0022231126204133034,0.00227733445353806,0.0022980007342994213,0.0022893345449119806,0.002332444768399,0.0023540009278804064,0.0023420006036758423,0.0023288896773010492,0.002349334768950939,0.0023564451839774847,0.0023433342576026917,0.002341778250411153,0.0023413337767124176,0.002325112232938409,0.0023240004666149616,0.0023222235031425953,0.002323111752048135,0.0023413347080349922,0.002356667537242174,0.002341556129977107,0.0023088897578418255,0.002254445105791092,0.002195333829149604,0.002130445558577776,0.002049556700512767,0.0019822237081825733,0.00191866687964648,0.0018228901317343116,0.0016780011355876923,0.001448445487767458,0.000949556240811944,0.0009280008380301297,0.0009142230846919119,0.0008940009865909815,0.000879111816175282,0.0008522230782546103,0.000817111402284354,0.0008075564401224256,0.000814444909337908,0.0008157793781720102,0.0008217779104597867,0.0008113342919386923,0.0008037785883061588,0.0007933349115774035,0.0007768906652927399,0.00075533363269642,0.0007200013496913016,0.0006946672801859677,0.0006797789828851819,0.0006771116750314832,0.0006880006985738873,0.0006902226014062762,0.0006922234897501767,0.0006895561818964779,0.0006873342790640891,0.00068088952684775,0.000685333798173815,0.0006920008454471827,0.0006991124246269464,0.000711778411641717,0.0007233346696011722,0.0007397785084322095,0.0007655567023903131,0.0007915563182905316,0.0008280008332803845,0.0008617784478701651,0.0009017777047120035,0.0009397789835929871,0.000980223179794848,0.0010151122696697712,0.0010437783785164356,0.001070889295078814,0.0010913341538980603,0.001108222990296781,0.0011182228336110711,0.001116667757742107,0.0011064455611631274,0.0010826674988493323,0.0010451123816892505,0.001004000543616712,0.0009535563294775784,0.0009044454200193286,0.0008442227845080197,0.0007784453337080777,0.0007208891911432147,0.0006746674771420658,0.0006440008874051273,0.0006195567548274994,0.0005904452409595251,0.0005580008728429675,0.0005291120614856482,0.0005137787666171789,0.0005033347406424582,0.0004926675464957952,0.00048422274994663894,0.0004615564248524606,0.00044866776443086565,0.00044111121678724885,0.00043377900146879256,0.00042377825593575835,0.00040400068974122405,0.00036155639099888504,0.0002606676716823131,0.00019688904285430908
150,235800,1143,2024-10-14,28.716,28.702,-90.433,-90.457,28.709,-90.445,11.0,,,30.0,42.1,,,,,,,11.0,20.1,20.1,27.47,27.64,27.83,33.75,34.17,34.69,6.786,6.626,6.872,6.5,6.3,5.8,93.5318,94.5733,73.1998,517.2488252174795,-0.0006091102259233594,-0.0005282213096506894,-0.0004051108262501657,-0.0005079988040961325,-0.0005535549717023969,-0.00020711040997412056,0.00019222291302867234,0.000389111548429355,0.00046088959788903594,0.0003666674892883748,0.00033866779995150864,0.0006022229790687561,0.0008606679039075971,0.0006764456629753113,0.0006131120026111603,0.0009422231814824045,0.001238222699612379,0.0012948898365721107,0.0011517790844663978,0.0011877785436809063,0.00173755653668195,0.0019660016987472773,0.0016904448857530951,0.0014357790350914001,0.0014188893837854266,0.001442667911760509,0.0014566672034561634,0.0014782228972762823,0.0014957785606384277,0.0015362227568402886,0.00152888975571841,0.0015386678278446198,0.0015666679246351123,0.0016357791610062122,0.0018180008046329021,0.0019091119756922126,0.0018444450106471777,0.0018468900816515088,0.0018757788930088282,0.0018806676380336285,0.001953112194314599,0.002102223224937916,0.0021833342034369707,0.002205556957051158,0.002242223359644413,0.0023053335025906563,0.0023751119151711464,0.0023868894204497337,0.002393333939835429,0.0024051128420978785,0.002444889396429062,0.0025397788267582655,0.002645112108439207,0.0027468896005302668,0.002812222810462117,0.0028131119906902313,0.00287133501842618,0.0029448894783854485,0.002913334406912327,0.002921112347394228,0.002964223036542535,0.0029835563618689775,0.0030000011902302504,0.003006001003086567,0.002987111685797572,0.0029553340282291174,0.002922667423263192,0.002879778854548931,0.002875333419069648,0.0029155563097447157,0.002948223380371928,0.0029435562901198864,0.0029700014274567366,0.0029788902029395103,0.0029631119687110186,0.002945556305348873,0.0029480005614459515,0.0029357788152992725,0.002907334128394723,0.0028782235458493233,0.002841778565198183,0.0027920017018914223,0.0027564456686377525,0.0027251115534454584,0.0027046678587794304,0.00269555626437068,0.0026922225952148438,0.00266333413310349,0.0026128897443413734,0.0025308902841061354,0.002429778454825282,0.0023288896773010492,0.002207111567258835,0.002089556772261858,0.00197377847507596,0.0018257788615301251,0.001633556792512536,0.001379334251396358,0.0007840010221116245,0.0007715564570389688,0.0007648898754268885,0.0007500011124648154,0.0007388897938653827,0.0007071118452586234,0.0006757784285582602,0.0006664453539997339,0.0006666675908491015,0.0006686672568321228,0.000669111788738519,0.0006573341088369489,0.0006548895034939051,0.0006437789998017251,0.0006275574560277164,0.0006084450287744403,0.0005735564627684653,0.0005511111812666059,0.0005380006041377783,0.0005402229726314545,0.0005500010447576642,0.000554889440536499,0.0005553339724428952,0.0005468900199048221,0.0005448895390145481,0.000536223640665412,0.0005417789216153324,0.0005460008978843689,0.0005526679451577365,0.000562445551622659,0.0005673348205164075,0.0005760014755651355,0.0005884456331841648,0.00060177844716236,0.0006237787310965359,0.0006422235164791346,0.0006631124415434897,0.0006862229201942682,0.0007060008938424289,0.0007260002894327044,0.0007420008187182248,0.0007531125447712839,0.0007657789392396808,0.0007720005814917386,0.0007735565304756165,0.0007673340733163059,0.00075533491326496,0.0007368893129751086,0.000707778672222048,0.0006833341321907938,0.0006524452473968267,0.0006202227668836713,0.000580000807531178,0.0005304449005052447,0.0004851114354096353,0.00045177878928370774,0.0004288897616788745,0.0004131115274503827,0.0003962231276091188,0.00037177858757786453,0.00035444521927274764,0.00034422261524014175,0.00033844634890556335,0.0003360008995514363,0.00033377896761521697,0.0003211121656931937,0.0003162229259032756,0.00031066767405718565,0.00030555701232515275,0.00029822313808836043,0.0002831121382769197,0.000250000914093107,0.00016822293400764465,0.00011511188495205715
151,235801,1143,2024-10-14,28.482,28.482,-90.459,-90.487,28.482,-90.473,22.8,,,30.0,66.7,,,,,,,22.0,41.1,41.1,27.26,27.92,28.02,33.27,34.63,35.35,7.179,6.042,6.47,8.1,4.7,4.5,93.4689,94.8034,58.9614,500.4495485606088,-0.0002931108174379915,-0.00018844340229406953,-9.533265983918682e-05,-0.000193333049537614,-0.00014466585707850754,0.0002620004815980792,0.0006551117403432727,0.0008095565135590732,0.0009117780718952417,0.0008873339393176138,0.0008453342015855014,0.0010948901763185859,0.0014291120460256934,0.0012582221534103155,0.0011515567312017083,0.0015286675188690424,0.001862223376519978,0.00192377925850451,0.0017962224083021283,0.0018475564429536462,0.0024242231156677008,0.0026884451508522034,0.0024108896031975746,0.0021506668999791145,0.002144667087122798,0.002161111682653427,0.002183777978643775,0.0021957780700176954,0.0021980011370033026,0.0022497789468616247,0.0022513344883918762,0.002270445227622986,0.002300445456057787,0.002370667178183794,0.002574000973254442,0.0026817789766937494,0.0026162234134972095,0.002623111940920353,0.0026628896594047546,0.002658889628946781,0.0027313344180583954,0.0028917789459228516,0.0029704454354941845,0.002998889656737447,0.0030617783777415752,0.003132222918793559,0.0032171113416552544,0.003244667313992977,0.0032553342171013355,0.0032673340756446123,0.0033142222091555595,0.0034028899390250444,0.003499778686091304,0.0035942234098911285,0.003656890243291855,0.0036577784921973944,0.003710889955982566,0.00376911205239594,0.0037262237165123224,0.003707556752488017,0.0037100017070770264,0.0036886679008603096,0.0036542238667607307,0.003604001132771373,0.0035222226288169622,0.00343333394266665,0.0033242234494537115,0.0031940005719661713,0.0031288894824683666,0.0031422232277691364,0.003150445641949773,0.003123111557215452,0.003126889932900667,0.0031153340823948383,0.003073777537792921,0.003018890041857958,0.0029848897829651833,0.002945556305348873,0.002889556111767888,0.0028268902096897364,0.0027602228801697493,0.002688222797587514,0.002622445346787572,0.0025644456036388874,0.0025153341703116894,0.0024822233244776726,0.0024582226760685444,0.0024206675589084625,0.0023502232506871223,0.0022635567001998425,0.002171334344893694,0.0020595560781657696,0.0019382225582376122,0.0018206677632406354,0.0017068899469450116,0.0015613337745890021,0.0013688893523067236,0.0011268904199823737,0.0005740014021284878,0.0005704450304619968,0.0005606677732430398,0.0005460013053379953,0.0005335563328117132,0.0005080013070255518,0.0004766670463141054,0.00046911215758882463,0.0004828903474844992,0.0004880001943092793,0.00048177855205722153,0.0004731114604510367,0.0004717786214314401,0.00046377835678867996,0.0004528897406999022,0.00043377818656153977,0.0004031120042782277,0.0003844454186037183,0.00036844570422545075,0.0003700008091982454,0.0003773342468775809,0.00037955574225634336,0.00038422312354668975,0.00038111169124022126,0.0003837785916402936,0.00037888935185037553,0.000382000784156844,0.00038466809201054275,0.0003862236044369638,0.0003928898076992482,0.0003924448392353952,0.0003940007882192731,0.00039911188650876284,0.0004017787578050047,0.0004155561327934265,0.0004260014393366873,0.0004353341064415872,0.00044355622958391905,0.0004557784995995462,0.0004651120107155293,0.00047088952851481736,0.0004753337998408824,0.00047977888607420027,0.0004813339910469949,0.00048044571303762496,0.0004724450409412384,0.0004615564248524606,0.00044422305654734373,0.00042177861905656755,0.00040466710925102234,0.0003886673948727548,0.0003768896858673543,0.00034866773057729006,0.0003140009939670563,0.00028244531131349504,0.0002564456663094461,0.0002444456913508475,0.00024044554447755218,0.00023133514332585037,0.00021489005303010345,0.00020133414363954216,0.00019866683578584343,0.0001997778017539531,0.00020200097060296685,0.00020555696391966194,0.00019733401131816208,0.0001931120059452951,0.00019377842545509338,0.000190000981092453,0.00018755636119749397,0.0001757782301865518,0.0001397786836605519,4.5778851927025244e-05,-7.110751539585181e-06
152,235802,1143,2024-10-14,28.444,28.441,-90.605,-90.648,28.4425,-90.6265,21.9,,,30.0,3.0,,,,,,,21.0,40.2,40.2,27.99,27.98,27.89,35.2,35.25,35.23,5.471,5.529,6.045,3.8,4.9,4.8,89.6399,89.0141,70.4307,506.28620709502064,-0.00030066570616327226,-0.00022866536164656281,-7.088771963026375e-05,-0.00012799973774235696,-0.00016044329095166177,0.0002533342340029776,0.0006437789998017251,0.0008040004177019,0.0008808891871012747,0.0008213341934606433,0.0008011120953597128,0.0010784454643726349,0.001403778325766325,0.0012202233774587512,0.0011200010776519775,0.001451777876354754,0.0017564458539709449,0.0018277793424203992,0.0017135561211034656,0.0017757788300514221,0.002321333857253194,0.002541778376325965,0.0022837785072624683,0.0020382229704409838,0.0020324455108493567,0.002066223183646798,0.0020902231335639954,0.0021237784530967474,0.0021355561912059784,0.0021720011718571186,0.0021775562781840563,0.0022020014002919197,0.0022302228026092052,0.002308000810444355,0.00251444592140615,0.0026213345117866993,0.0025595563929528,0.0025717790704220533,0.0026060007512569427,0.002619779435917735,0.002711334265768528,0.00286088977009058,0.0029444450046867132,0.0029877787455916405,0.0030700014904141426,0.0031486675143241882,0.0032295563723891973,0.0032746675424277782,0.003308000275865197,0.0033242227509617805,0.0033884458243846893,0.003500890452414751,0.0036168901715427637,0.003726222785189748,0.0038040007930248976,0.003819778561592102,0.003882001154124737,0.0039564454928040504,0.00392000051215291,0.003909334074705839,0.003924001008272171,0.003918444737792015,0.003912445157766342,0.003883112221956253,0.003823111765086651,0.0037446680944412947,0.0036542234010994434,0.003550667781382799,0.003494222881272435,0.003510889830067754,0.00352711183950305,0.0035113340709358454,0.0035293346736580133,0.003521778853610158,0.003481778781861067,0.00344644533470273,0.0034262228291481733,0.0033813342452049255,0.0033193337731063366,0.003260890254750848,0.0031917786691337824,0.0031135561875998974,0.0030431123450398445,0.002990223001688719,0.002949556102976203,0.0029211118817329407,0.002898889360949397,0.002854445716366172,0.0027820011600852013,0.0026895564515143633,0.002588889328762889,0.002468444872647524,0.0023297788575291634,0.0021900003775954247,0.0020500007085502148,0.0018780016107484698,0.0016608895966783166,0.0013875567819923162,0.000716668029781431,0.0007093337480910122,0.000705778191331774,0.000685779144987464,0.0006688895518891513,0.0006457786657847464,0.0006104455096647143,0.0005993346567265689,0.0006073344848118722,0.0006111119291745126,0.0006115569267421961,0.0006035562255419791,0.0006011116201989353,0.0005871119792573154,0.0005744455847889185,0.0005528901820071042,0.0005188894574530423,0.0005002229008823633,0.0004862228233832866,0.0004868896503467113,0.0004953340394422412,0.0004960008664056659,0.0004982228274457157,0.0004902237560600042,0.00048822330427356064,0.0004822226765099913,0.00048044530558399856,0.0004813339910469949,0.000486223230836913,0.0004884455702267587,0.0004911120631732047,0.0004951122100465,0.0005013346672058105,0.0005075559020042419,0.000521556765306741,0.0005353345768526196,0.0005502228741534054,0.0005588899948634207,0.0005757783656008542,0.0005871119792573154,0.0005953349173069,0.000604444881901145,0.0006100013852119446,0.0006124451756477356,0.0006148897809907794,0.0006071117823012173,0.0005964454612694681,0.0005791120929643512,0.0005491115152835846,0.0005313344299793243,0.0005097782704979181,0.0004951122100465,0.00046488974476233125,0.00042400177335366607,0.00038533451152034104,0.0003515560529194772,0.00033511221408843994,0.0003264451224822551,0.000316223333356902,0.00029755631112493575,0.00028222345281392336,0.0002773342130240053,0.00027533373213373125,0.0002755555906333029,0.0002766673860605806,0.00026777840685099363,0.0002637782890815288,0.0002600008447188884,0.000255333463428542,0.00024844580912031233,0.00023244527983479202,0.00019822310423478484,9.600073099136353e-05,3.111155456281267e-05
153,235803,1143,2024-10-14,28.542,28.535,-90.849,-90.82,28.5385,-90.8345,14.8,,,30.0,63.9,,,,,,,14.0,26.0,26.0,27.5,27.51,28.9,33.64,33.64,35.59,6.876,6.898,8.502,5.9,5.9,3.0,85.9429,85.9133,28.4924,506.9397139051286,0.00026622333098202944,0.000362444669008255,0.00045000057434663177,0.0003191124997101724,0.0003700008091982454,0.0007555563352070749,0.001133112469688058,0.0013371118111535907,0.0014008904108777642,0.0013075561728328466,0.0013088894775137305,0.001599778770469129,0.0018937778659164906,0.0017162230797111988,0.001646667718887329,0.002004222711548209,0.0023253345862030983,0.0023886673152446747,0.002237334381788969,0.0023273341357707977,0.0028917784802615643,0.0031146679539233446,0.002867334056645632,0.002646000823006034,0.0026402228977531195,0.002651334274560213,0.0026626670733094215,0.0026968899182975292,0.002719112206250429,0.0027635570149868727,0.002781778573989868,0.0028213346377015114,0.002853556303307414,0.0029031122103333473,0.0030937781557440758,0.003217112272977829,0.003159112064167857,0.003170889336615801,0.0032268899958580732,0.0032373343128710985,0.0033228902611881495,0.003472222713753581,0.003552889684215188,0.0036028900649398565,0.0036846676375716925,0.0037704454734921455,0.0038628901820629835,0.003909334074705839,0.0039304448291659355,0.003942000679671764,0.004016445018351078,0.00412089005112648,0.0042240009643137455,0.004330890253186226,0.004409778397530317,0.004419556353241205,0.0044820006005465984,0.004542667418718338,0.004496001172810793,0.004481334239244461,0.004491334781050682,0.004486667457967997,0.004481334704905748,0.0044577778317034245,0.004403555765748024,0.004335334524512291,0.004242001101374626,0.004143779166042805,0.004101333674043417,0.00411489000543952,0.0041246674954891205,0.004109778441488743,0.0041295564733445644,0.004111334215849638,0.004067778587341309,0.004020445980131626,0.00397466728463769,0.00391933461651206,0.0038400006014853716,0.0037657793145626783,0.003700445406138897,0.0036257782485336065,0.003551333677023649,0.0034926673397421837,0.0034551124554127455,0.0034424455370754004,0.003436889499425888,0.0034060010220855474,0.00334555609151721,0.0032502231188118458,0.003145555965602398,0.003026445396244526,0.0028926681261509657,0.002745333593338728,0.002591333817690611,0.002409334061667323,0.00218755635432899,0.0019071123097091913,0.000980000477284193,0.0009633339941501617,0.0009575564763508737,0.0009393344516865909,0.0009184450609609485,0.0008915563230402768,0.0008680013124831021,0.0008586678304709494,0.0008537785615772009,0.0008553341031074524,0.0008542235591448843,0.0008395566837862134,0.0008320001070387661,0.0008211127715185285,0.0008080005645751953,0.0007875565788708627,0.0007595564820803702,0.0007322232122533023,0.0007162230904214084,0.0007108896970748901,0.0007133343024179339,0.0007120006484910846,0.0007111119921319187,0.0007035562302917242,0.0006937790312804282,0.0006780012045055628,0.0006720013916492462,0.0006668894784525037,0.0006646671099588275,0.0006660007638856769,0.0006597787141799927,0.000657778640743345,0.0006595564191229641,0.0006600006017833948,0.0006680012447759509,0.0006726678111590445,0.0006804454023949802,0.0006831123027950525,0.0006920008454471827,0.0006988893146626651,0.000700000673532486,0.0007028894033282995,0.0007013339200057089,0.0007028898689895868,0.0007051117718219757,0.0006977787707000971,0.0006906675989739597,0.0006828896002843976,0.0006613337900489569,0.000640000740531832,0.0006164453225210309,0.0005882229306735098,0.0005548902554437518,0.0005248896777629852,0.0004931121366098523,0.00046377876424230635,0.00044577900553122163,0.00043555640149861574,0.00042666742228902876,0.0004093336465302855,0.00039444532012566924,0.000386222789529711,0.0003795565862674266,0.0003760010004043579,0.0003702230751514435,0.0003602235810831189,0.0003495568234939128,0.00034000060986727476,0.00033466765307821333,0.00032488961005583405,0.0003133341670036316,0.0002831121382769197,0.0001993340702028945,0.00012089022493455559
154,235804,1143,2024-10-14,28.413,28.397,-91.01,-91.018,28.405,-91.014,23.5,,,30.0,19.9,,,,,,,23.0,41.8,41.8,27.52,28.02,28.22,33.48,33.9,35.81,6.494,6.379,6.704,6.0,6.0,4.7,95.2954,94.9848,50.4317,496.552022800109,0.00013088973355479538,0.00022511184215545654,0.0003524463973008096,0.00022266764426603913,0.0002475559012964368,0.0006624452071264386,0.0010253344662487507,0.001187112182378769,0.001218001008965075,0.0011453343322500587,0.0011391122825443745,0.0014348895056173205,0.0017342227511107922,0.0015288889408111572,0.0014035565545782447,0.0017566676251590252,0.0020768893882632256,0.0021086670458316803,0.001971777994185686,0.0020033339969813824,0.002525556832551956,0.002770667662844062,0.002507334342226386,0.0022302228026092052,0.0022311124484986067,0.0022848898079246283,0.0022702233400195837,0.0022808900102972984,0.0023142227437347174,0.002361111808568239,0.002358668018132448,0.0023482234682887793,0.0023646678309887648,0.002432445762678981,0.002612667391076684,0.0027117787394672632,0.0026684452313929796,0.002661334117874503,0.002668445697054267,0.00265866843983531,0.002709111897274852,0.0028080008924007416,0.0028557786718010902,0.002893334487453103,0.002948667388409376,0.0029931117314845324,0.0030533347744494677,0.003072890220209956,0.0030713342130184174,0.0030668904073536396,0.003104445058852434,0.0031551122665405273,0.003216666402295232,0.003294667461887002,0.0033346679992973804,0.0033168895170092583,0.0033544455654919147,0.003402222879230976,0.0033244448713958263,0.0032875563483685255,0.0032822228968143463,0.003253334201872349,0.003211556700989604,0.0031606671400368214,0.0030917786061763763,0.0030022230930626392,0.002899778774008155,0.0027933334931731224,0.0027355568017810583,0.00274066673591733,0.0027275560423731804,0.0026842232327908278,0.0026842234656214714,0.0026491114404052496,0.0025935566518455744,0.0025482226628810167,0.002524223178625107,0.002479334594681859,0.002413334557786584,0.00236911210231483,0.002311555901542306,0.0022415565326809883,0.0021775567438453436,0.0021251116413623095,0.002085556974634528,0.002047111978754401,0.002018000464886427,0.0019822237081825733,0.0019388898508623242,0.0018791125621646643,0.001814889837987721,0.0017268897499889135,0.0016244450816884637,0.001540222903713584,0.00144977867603302,0.0013306678738445044,0.0011848894646391273,0.0010133343748748302,0.0005566680338233709,0.0005411116871982813,0.0005284457001835108,0.0005080008413642645,0.0004948899149894714,0.0004795562126673758,0.0004555562336463481,0.0004564453265629709,0.0004591122269630432,0.0004531120357569307,0.00045000098180025816,0.00044444535160437226,0.0004428898391779512,0.00043155625462532043,0.00042244544601999223,0.0004035565652884543,0.0003837785916402936,0.00037111216806806624,0.0003597790200728923,0.0003568902611732483,0.00035844495869241655,0.0003635560569819063,0.0003653342428151518,0.00036533467937260866,0.00036488971090875566,0.0003526670334395021,0.00035088963340967894,0.0003504455089569092,0.0003480004670564085,0.0003495564160402864,0.00035000094794668257,0.0003459999861661345,0.00035022280644625425,0.0003491122624836862,0.0003568898537196219,0.0003635564644355327,0.0003648892743512988,0.0003631123108789325,0.0003664448158815503,0.00036844570422545075,0.0003671120502986014,0.0003722223045770079,0.00037422278546728194,0.0003748892049770802,0.0003784456057474017,0.00036755617475137115,0.0003593340516090393,0.00035111233592033386,0.00033466765307821333,0.0003364454605616629,0.0003300011157989502,0.0003253341419622302,0.00031177906203083694,0.00028066750383004546,0.0002597781422082335,0.00023622314620297402,0.0002260005276184529,0.0002231117687188089,0.00021511233353521675,0.0002066679298877716,0.0001971121528185904,0.00019711173081304878,0.00019933366274926811,0.00020088917517568916,0.00020066772412974387,0.00019266788149252534,0.00018977912259288132,0.00018600125622469932,0.00018511216330807656,0.00018489029025658965,0.00017466768622398376,0.000150000472785905,7.555633783340454e-05,2.644542109919712e-05
155,235805,1143,2024-10-14,28.48,28.484,-91.142,-91.17,28.482,-91.156,20.7,,,30.0,62.5,,,,,,,20.0,37.0,37.0,27.68,27.66,28.58,33.35,33.51,35.13,6.404,6.575,6.728,6.2,6.0,5.3,95.0606,93.3997,47.2687,500.7558482497889,0.00035400025080889463,0.000429112056735903,0.0004913343582302332,0.0003931116661988199,0.00040066696237772703,0.0007864456274546683,0.0011217780411243439,0.0013186675496399403,0.0013855567667633295,0.0012926674680784345,0.0012671127915382385,0.0015502232126891613,0.0018671125872060657,0.001666667521931231,0.0015268900897353888,0.0018464451422914863,0.0021760007366538048,0.0022384454496204853,0.002067557303234935,0.0020784458611160517,0.0026355567388236523,0.0028620001394301653,0.0025940011255443096,0.0023408900015056133,0.0023228898644447327,0.002332222880795598,0.0023451123852282763,0.002358446130529046,0.0023666678462177515,0.002430001040920615,0.002427111379802227,0.0024153345730155706,0.0024260005448013544,0.002486000768840313,0.002670000772923231,0.002781778573989868,0.00271266745403409,0.002697334624826908,0.002733111847192049,0.0027266675606369972,0.0027808898594230413,0.0028993343003094196,0.0029397783800959587,0.002954889554530382,0.0030128892976790667,0.0030651118140667677,0.003128000069409609,0.003143556881695986,0.0031446677166968584,0.003147334326058626,0.0031911125406622887,0.003256000578403473,0.0033166673965752125,0.003392445622012019,0.0034351120702922344,0.0034106671810150146,0.003446444869041443,0.0035017787013202906,0.0034391123335808516,0.003404667368158698,0.003398000728338957,0.0033780010417103767,0.0033588893711566925,0.0033235561568289995,0.0032617785036563873,0.0031880007591098547,0.0030982233583927155,0.003000444732606411,0.002952889772132039,0.0029553340282291174,0.0029475560877472162,0.002912667579948902,0.002906222827732563,0.0028811118099838495,0.0028315563686192036,0.002783778589218855,0.0027535557746887207,0.0027115559205412865,0.002658667741343379,0.0026071120519191027,0.0025531116407364607,0.002484667580574751,0.002424889476969838,0.0023777782917022705,0.002331556985154748,0.002299778163433075,0.0022817787248641253,0.002248889533802867,0.002205112250521779,0.0021400009281933308,0.0020628897473216057,0.0019731116481125355,0.0018775558564811945,0.001790223061107099,0.0016991118900477886,0.0015837789978832006,0.0014282233314588666,0.0012322230031713843,0.0006937786238268018,0.0006831123027950525,0.0006800008122809231,0.0006551121477968991,0.0006346669397316873,0.0006080009043216705,0.0005893342895433307,0.0005911120679229498,0.0005888897576369345,0.00058600096963346,0.0005822227103635669,0.0005693344864994287,0.0005648897495120764,0.0005508901085704565,0.0005371119477786124,0.0005222231848165393,0.0004997787182219326,0.0004893338773399591,0.0004793347616214305,0.0004771120147779584,0.00047800110769458115,0.00047444511437788606,0.0004735564289148897,0.00046866678167134523,0.0004684444866143167,0.000461556832306087,0.00046022277092561126,0.0004582226974889636,0.0004533347091637552,0.00045111196232028306,0.000449111481430009,0.00044800093746744096,0.0004486669204197824,0.0004460008640307933,0.00045088925980962813,0.00045355656766332686,0.00045844499254599214,0.0004600005049724132,0.0004646674497053027,0.0004702239530161023,0.00047089034342207015,0.00047044537495821714,0.0004697789845522493,0.0004662229912355542,0.00046333379577845335,0.0004593344929162413,0.000450889696367085,0.0004400010802783072,0.00043044486665166914,0.00043088942766189575,0.0004295565886422992,0.00043088942766189575,0.00040488981176167727,0.0003664452233351767,0.00034000060986727476,0.000313334574457258,0.0002993345260620117,0.00029155611991882324,0.00028066791128367186,0.0002660006284713745,0.0002577785053290427,0.0002588898641988635,0.0002557792467996478,0.0002562238078098744,0.00025377876590937376,0.00024377803492825478,0.00023933376360218972,0.00023622397566214204,0.000234223494771868,0.00023111204791348428,0.00021644558000843972,0.0001802229235181585,9.155645966529846e-05,6.377821409842e-05
156,235806,1143,2024-10-14,28.503,28.506,-91.196,-91.225,28.5045,-91.2105,20.1,,,30.0,135.7,,,,,,,20.1,36.7,36.7,27.69,27.69,28.58,32.97,33.57,35.13,7.025,6.54,7.394,6.1,6.0,5.0,91.4466,90.7264,29.937,507.44676285392165,0.00012244532990735024,0.0001826667139539495,0.00025488974642939866,0.00016577873611822724,0.00021466736507136375,0.0005911120679229498,0.0008833341998979449,0.0010957787744700909,0.0011677787406370044,0.00109644525218755,0.0010502231307327747,0.0013066679239273071,0.0016357782296836376,0.001453778357245028,0.0013275560922920704,0.0016419999301433563,0.0019448896637186408,0.0019862225744873285,0.001851556240580976,0.0018782230326905847,0.002420889912173152,0.0026655560359358788,0.00238911178894341,0.002133334754034877,0.002134000649675727,0.002160000381991267,0.002171334344893694,0.0021968893706798553,0.0022115558385849,0.0022615566849708557,0.002278445055708289,0.002284000627696514,0.002294001169502735,0.0023635560646653175,0.002553334226831794,0.002674444578588009,0.002627556910738349,0.0026248900685459375,0.002654223470017314,0.002652445575222373,0.0027206677477806807,0.0028457781299948692,0.002899778774008155,0.0029366675298660994,0.0030159999150782824,0.0030755565967410803,0.0031475569121539593,0.0031760011333972216,0.00319555657915771,0.0032026676926761866,0.0032415566965937614,0.0033326675184071064,0.0034231117460876703,0.003507556626573205,0.0035602226853370667,0.0035591113846749067,0.003613334149122238,0.003673112252727151,0.003630222985520959,0.003610667772591114,0.003618445247411728,0.0036202233750373125,0.003612000960856676,0.00358577910810709,0.003535111667588353,0.0034728897735476494,0.0034093346912413836,0.003342222422361374,0.003317334223538637,0.0033331119921058416,0.003336445428431034,0.0033104452304542065,0.0033211116679012775,0.0033075560349971056,0.0032620008569210768,0.0032273344695568085,0.0032095557544380426,0.0031717782840132713,0.003121334593743086,0.003064223099499941,0.0030068899504840374,0.0029428894631564617,0.0028833341784775257,0.0028444454073905945,0.0028088900726288557,0.0027893339283764362,0.002782667288556695,0.002757555805146694,0.0027080003637820482,0.002629111986607313,0.0025462238118052483,0.002452222863212228,0.002347111701965332,0.0022460015024989843,0.0021328898146748543,0.0019897790625691414,0.001803556689992547,0.0015500006265938282,0.0008546676835976541,0.0008451119065284729,0.0008353342418558896,0.0008128897752612829,0.0007931109867058694,0.0007653339998796582,0.0007411117549054325,0.000733112683519721,0.0007311126682907343,0.0007322228047996759,0.0007306676707230508,0.0007184449932537973,0.0007142230169847608,0.0007002233760431409,0.0006837786640971899,0.0006660007638856769,0.0006355572841130197,0.0006144452490843832,0.0005975568201392889,0.0005908894236199558,0.0005933348438702524,0.0005944445729255676,0.000595778226852417,0.0005908894236199558,0.0005880002281628549,0.0005777788464911282,0.0005728896358050406,0.00056955631589517,0.0005653347470797598,0.0005646679201163352,0.0005620010197162628,0.0005580008728429675,0.0005606669583357871,0.000558445870410651,0.0005655561690218747,0.0005711118574254215,0.0005764456000179052,0.0005766674876213074,0.0005831122398376465,0.0005895565846003592,0.0005893342895433307,0.0005888893501833081,0.0005862232646904886,0.0005842231912538409,0.0005822231178171933,0.0005773347220383584,0.0005711118574254215,0.0005597795243375003,0.0005433339974842966,0.0005322231445461512,0.0005208903457969427,0.0005137783591635525,0.0004857786698266864,0.00044755637645721436,0.00041422288632020354,0.0003822226426564157,0.0003666678967420012,0.000362444669008255,0.00035177875543013215,0.00033577822614461184,0.0003235567710362375,0.0003200007777195424,0.0003164451918564737,0.00031533383298665285,0.0003155565063934773,0.0003053347172681242,0.0003020005824510008,0.00029800168704241514,0.00029133426141925156,0.0002828890283126384,0.00026577836251817644,0.00022822286700829864,0.00012755642819684,6.755565846106037e-05
157,235807,1143,2024-10-14,28.464,28.465,-91.248,-91.276,28.4645,-91.262,23.8,,,30.0,46.1,,,,,,,23.9,44.6,44.6,27.99,28.4,28.51,33.31,34.21,35.26,6.45,6.045,6.572,6.3,6.0,5.4,90.0689,93.2832,50.3998,497.8900131087046,0.00019688904285430908,0.00026155635714530945,0.00031888982630334795,0.0002595562837086618,0.00034066743683069944,0.0007051125867292285,0.0009955564746633172,0.0011984457960352302,0.0012775568757206202,0.0012117786100134254,0.0011788891861215234,0.0014404451940208673,0.001758222351782024,0.0015748896403238177,0.0014275560388341546,0.0017335563898086548,0.0020684460178017616,0.0021151117980480194,0.001979334047064185,0.0020068895537406206,0.0025315561797469854,0.002772222738713026,0.0025022232439368963,0.0022364454343914986,0.0022131118457764387,0.002236222615465522,0.0022557787597179413,0.0022813337855041027,0.0022833338007330894,0.002316000172868371,0.0023288896773010492,0.0023364450316876173,0.0023513350170105696,0.0024035561364144087,0.0025806676130741835,0.002704222919419408,0.0026477789506316185,0.0026331122498959303,0.0026551121845841408,0.002636000979691744,0.002688889391720295,0.002803555689752102,0.002832890022546053,0.00285377842374146,0.002926889806985855,0.002979111857712269,0.003032445441931486,0.003044223180040717,0.003052222542464733,0.003044000593945384,0.0030637788586318493,0.0031375561375170946,0.0032068900763988495,0.0032704451587051153,0.00330333411693573,0.0032853339798748493,0.003329557366669178,0.003372001461684704,0.003304001409560442,0.0032713343389332294,0.003262222744524479,0.003238445846363902,0.0032053340692073107,0.003156000515446067,0.0030846670269966125,0.0029993345960974693,0.0029055566992610693,0.002816222608089447,0.0027713340241461992,0.0027713340241461992,0.0027602228801697493,0.0027197785675525665,0.0027162237092852592,0.0026891115121543407,0.0026364449877291918,0.0025948898401111364,0.0025668898597359657,0.0025264450814574957,0.002469334751367569,0.0024088893551379442,0.0023531122133135796,0.002287556417286396,0.0022275568917393684,0.0021793346386402845,0.0021348893642425537,0.0021044446621090174,0.00209088996052742,0.0020555565133690834,0.0019937786273658276,0.0019222229020670056,0.001856445800513029,0.00177444564178586,0.0016795562114566565,0.001599778770469129,0.0015102227916941047,0.0013926675310358405,0.0012422233121469617,0.0010493339505046606,0.0005864455597475171,0.000576667080167681,0.0005660011665895581,0.0005446676514111459,0.0005328890983946621,0.000514223356731236,0.0004953336319886148,0.0004924453096464276,0.0004942239029332995,0.0004951118025928736,0.0004886678652837873,0.0004791120591107756,0.0004755560657940805,0.0004635560908354819,0.0004502232768572867,0.0004357786674518138,0.00041155682993121445,0.0003951125545427203,0.00038088939618319273,0.00037711154436692595,0.000380445271730423,0.0003831117646768689,0.000382889062166214,0.00038066713022999465,0.0003820011916104704,0.0003773342468775809,0.00038155665970407426,0.0003802234132308513,0.0003762224514503032,0.0003768896858673543,0.00037511231494136155,0.00037222314858809114,0.00037489004898816347,0.00037333450745791197,0.00037933432031422853,0.00038422271609306335,0.00038889009738340974,0.000386667757993564,0.0003926675417460501,0.00039733448647893965,0.00039666765951551497,0.00039844546699896455,0.0003968899545725435,0.00039488988113589585,0.00039311207365244627,0.00038755685091018677,0.0003800011472776532,0.00036866715527139604,0.0003560007316991687,0.0003537788288667798,0.0003497790894471109,0.00035177875543013215,0.00032777877640910447,0.0002935561933554709,0.00026711157988756895,0.00024088968348223716,0.00023066748690325767,0.0002295561134815216,0.00022177853679750115,0.00020933483028784394,0.0002000008971663192,0.00020044503617100418,0.0002002227702178061,0.00020155642414465547,0.00020244593906681985,0.00019577849889174104,0.00019444442295935005,0.00019533476734068245,0.00019511167192831635,0.00018844546866603196,0.00017533451318740845,0.00014111193013377488,5.6889737606979907e-05,1.3555503755924292e-05
158,235808,1143,2024-10-14,28.371,28.355,-91.559,-91.578,28.363,-91.5685,33.3,,,30.0,49.2,,,,,,,32.0,62.0,62.0,27.96,28.94,26.59,33.89,36.25,36.43,6.226,4.682,6.915,6.2,5.9,4.3,88.8644,94.7108,53.8001,483.8984234553258,0.0011484449496492743,0.001307333935983479,0.0014508900931105018,0.0013991122832521796,0.0014624451287090778,0.0018751120660454035,0.0022408904042094946,0.002486667362973094,0.0026302230544388294,0.0025920001789927483,0.002585778711363673,0.002882445463910699,0.003236223477870226,0.0031015565618872643,0.0030173345003277063,0.0033822234254330397,0.0037184448447078466,0.003783999942243099,0.003654001047834754,0.0037306668236851692,0.004293778445571661,0.004497334826737642,0.004205112811177969,0.003955779131501913,0.0039497786201536655,0.003957111854106188,0.003957112319767475,0.003972223028540611,0.0039751119911670685,0.004014444537460804,0.004013556521385908,0.00400288961827755,0.004007111769169569,0.0040577794425189495,0.004225112497806549,0.0043088896200060844,0.004223112016916275,0.004182001575827599,0.004171333741396666,0.004124667961150408,0.004140667151659727,0.0042177787981927395,0.004223334137350321,0.004214223008602858,0.004256668500602245,0.004300666972994804,0.004363557323813438,0.004374222829937935,0.004367112182080746,0.004351556301116943,0.004353334661573172,0.004389334470033646,0.004416666924953461,0.004439778625965118,0.004452444612979889,0.004408889915794134,0.004417112097144127,0.004412444774061441,0.004289556760340929,0.004204889759421349,0.004128667991608381,0.004030222538858652,0.00391400046646595,0.003777778707444668,0.0036186676006764174,0.0034417787101119757,0.0032471115700900555,0.003067334182560444,0.0029617787804454565,0.0029297785367816687,0.002893334487453103,0.00282977893948555,0.002814890118315816,0.0027744455728679895,0.0026975562795996666,0.0026455563493072987,0.002610889496281743,0.002550222910940647,0.002477112226188183,0.002404000610113144,0.0023220006842166185,0.002231556922197342,0.0021506675984710455,0.0020893344189971685,0.002031778683885932,0.001992667792364955,0.001971556106582284,0.0019213341875001788,0.001852667541243136,0.0017815562896430492,0.001703112036921084,0.001618445385247469,0.0015282229287549853,0.001441112020984292,0.0013537787599489093,0.0012477785348892212,0.001109111588448286,0.0009324451093561947,0.0005306676030158997,0.0005182235036045313,0.0005042229895479977,0.0004895565216429532,0.00048644508933648467,0.0004688898625317961,0.00045000098180025816,0.0004462235374376178,0.0004473341105040163,0.00044288940262049437,0.0004360009334050119,0.00042422240949235857,0.0004168901941739023,0.00040644488763064146,0.0003953335981350392,0.00038355629658326507,0.0003660010697785765,0.0003540006873663515,0.0003424456517677754,0.00034177882480435073,0.0003420010907575488,0.0003466676571406424,0.0003464449546299875,0.0003433347446843982,0.00034711218904703856,0.0003393337829038501,0.000344223459251225,0.000342445244314149,0.00034155615139752626,0.00034355619573034346,0.00034066743683069944,0.00033933421946130693,0.000342445244314149,0.0003388900659047067,0.00034466717625036836,0.00034822316956706345,0.00034888999653048813,0.00034889040398411453,0.00035088922595605254,0.0003533338604029268,0.0003520010213833302,0.00035088922595605254,0.00035244517493993044,0.0003504446940496564,0.00034933455754071474,0.00034422302269376814,0.00033755641197785735,0.00033155662822537124,0.000319112092256546,0.000319112092256546,0.0003155565063934773,0.0003140001790598035,0.00029511211323551834,0.0002626669011078775,0.0002362227241974324,0.00021133405971340835,0.0002028896560659632,0.0002064452419290319,0.0002028896560659632,0.0001962234528036788,0.00018933415412902832,0.0001897782931337133,0.00018977912259288132,0.00019377842545509338,0.00019466794037725776,0.00018977912259288132,0.0001897782931337133,0.0001873345026979223,0.00018577856826595962,0.0001828898093663156,0.00017244534683413804,0.00014688943338114768,5.777883779956028e-05,-2.887927848860272e-06
159,235809,1143,2024-10-15,28.699,28.689,-91.721,-91.695,28.694,-91.708,16.6,,,30.0,87.3,,,,,,,17.0,30.9,30.9,27.16,27.93,28.4,31.57,33.33,35.03,8.34,7.471,8.667,6.8,5.9,4.0,90.8307,90.508,24.9608,,,,,,,,,,,,,,,,,,,,,,,,,,,,,,,,,,,,,,,,,,,,,,,,,,,,,,,,,,,,,,,,,,,,,,,,,,,,,,,,,,,,,,,,,,,,,,,,,,,,,,,,,,,,,,,,,,,,,,,,,,,,,,,,,,,,,,,,,,,,,,,,,,,,,,,,,,,,,,,,,,,,,,,,,,,,,
160,235810,1143,2024-10-15,28.891,28.866,-92.04,-92.038,28.8785,-92.039,13.8,,,30.0,120.9,,,,,,,13.1,23.8,23.8,27.53,27.57,27.93,32.51,32.54,33.34,7.884,7.991,7.866,5.9,6.0,6.0,82.5503,79.8447,62.3842,507.9910795907437,0.0005453344783745706,0.00120888976380229,0.0016102232038974762,0.0016446677036583424,0.0017866670386865735,0.0021126680076122284,0.002244000555947423,0.002376000862568617,0.0024517786223441362,0.002356667537242174,0.002255334286019206,0.00244889035820961,0.0025624451227486134,0.0022951120045036077,0.0022317783441394567,0.0025411120150238276,0.0027157787699252367,0.0027013341896235943,0.0025933338329195976,0.0026164455339312553,0.0029942234978079796,0.0031177785713225603,0.002883778652176261,0.0026886677369475365,0.0026773337740451097,0.002658223034814,0.0026402233634144068,0.0026386682875454426,0.002637111581861973,0.0026626677718013525,0.0026411116123199463,0.002632889896631241,0.002641778439283371,0.0026915566995739937,0.0028371119406074286,0.0028657789807766676,0.0027884452138096094,0.0027922233566641808,0.0028013347182422876,0.0027842235285788774,0.0028248897287994623,0.002891334006562829,0.002917778678238392,0.002942224033176899,0.002982222707942128,0.0029980007093399763,0.003042889991775155,0.0030546672642230988,0.0030700010247528553,0.0030724452808499336,0.003088667057454586,0.003110667457804084,0.00314400065690279,0.0031986671965569258,0.0032673338428139687,0.003303556703031063,0.0033868898171931505,0.0034557783510535955,0.0034213343169540167,0.003419778309762478,0.003447112161666155,0.0034560011699795723,0.0034706671722233295,0.003467333735898137,0.003449556650593877,0.003409111639484763,0.003366889199241996,0.0033171118702739477,0.003305556019768119,0.0033406673464924097,0.003358222544193268,0.003339778631925583,0.0033557782880961895,0.0033746680710464716,0.003355778753757477,0.0033308896236121655,0.003341556526720524,0.0033244462683796883,0.003296889830380678,0.003262445330619812,0.003221333958208561,0.0031622229143977165,0.003116223495453596,0.003084222786128521,0.003053557127714157,0.0030424450524151325,0.0030382229015231133,0.0029966672882437706,0.002923778258264065,0.002823334187269211,0.0027057789266109467,0.0025722230784595013,0.0024420006666332483,0.002323333639651537,0.002222890267148614,0.0021068891510367393,0.0019495557062327862,0.0017293343553319573,0.0009606679086573422,0.0009422227740287781,0.0009117784793488681,0.0008786672260612249,0.0008493342902511358,0.0008131116628646851,0.0007844451465643942,0.000770445098169148,0.0007624456193298101,0.0007671125931665301,0.0007793344557285309,0.0007782235043123364,0.0007766675553284585,0.0007660008268430829,0.0007500002975575626,0.0007257780525833368,0.0006971119437366724,0.0006846673786640167,0.0006760011310689151,0.0006811118219047785,0.0006842228467576206,0.0006762237753719091,0.0006668894784525037,0.0006602236535400152,0.0006546672084368765,0.0006413343944586813,0.0006406675674952567,0.000635333766695112,0.0006331118638627231,0.0006386670866049826,0.0006368901231326163,0.000637334247585386,0.0006424453458748758,0.0006455563707277179,0.0006535562570206821,0.0006642229855060577,0.0006742232944816351,0.0006837786640971899,0.000693334499374032,0.0007008893880993128,0.0007024448714219034,0.0007053340668790042,0.000708667328581214,0.000708667328581214,0.0007077782647684216,0.0006975560681894422,0.0006848900811746716,0.00066977902315557,0.0006480009760707617,0.0006346677546389401,0.0006133342976681888,0.0005886682774871588,0.0005504447617568076,0.0005064453580416739,0.00047800151514820755,0.00045800043153576553,0.0004460008640307933,0.0004311121301725507,0.00041222365689463913,0.00039200071478262544,0.0003791116178035736,0.0003720004460774362,0.0003597786126192659,0.0003495564160402864,0.00033977918792515993,0.0003264455299358815,0.0003211121656931937,0.0003155560989398509,0.00030800080276094377,0.00029333389829844236,0.00027244578814134,0.0002366681001149118,0.00015888942289166152,0.00013488986587617546
161,235811,1143,2024-10-15,29.063,29.053,-91.886,-91.913,29.058,-91.8995,7.1,,,30.0,18.4,,,,,,,7.0,11.9,11.9,26.22,26.43,26.99,27.84,29.68,30.75,12.27,11.055,10.791,7.0,6.9,5.6,81.573,83.7017,51.3655,520.3113299080345,0.0005371119477786124,0.0010815560817718506,0.0013826675713062286,0.0014144459273666143,0.0015297792851924896,0.0018384456634521484,0.002000889740884304,0.0020882226526737213,0.0021520007867366076,0.00204866798594594,0.0019344459287822247,0.0021177781745791435,0.0022157791536301374,0.0019475565059110522,0.0019015566213056445,0.0021764454431831837,0.002305111847817898,0.002292000688612461,0.002171778352931142,0.002194001106545329,0.0025455562863498926,0.0026457784697413445,0.002395333955064416,0.0021944455802440643,0.0021862227004021406,0.0021619999315589666,0.0021331119351089,0.0021286671981215477,0.0021100006997585297,0.002118889708071947,0.002100445330142975,0.002092889975756407,0.002083777915686369,0.0021097783464938402,0.0022391118109226227,0.0022626672871410847,0.0021800014656037092,0.0021831116173416376,0.0021851116325706244,0.0021564450580626726,0.0021773348562419415,0.002232890110462904,0.0022544455714523792,0.002252889098599553,0.002262001158669591,0.002267112722620368,0.002307111630216241,0.0023193343076854944,0.0023111121263355017,0.0022860008757561445,0.0022820010781288147,0.0023011122830212116,0.0023291120305657387,0.0023648899514228106,0.0024173338897526264,0.0024586671497672796,0.0025424452032893896,0.0026091113686561584,0.002579112071543932,0.002584889531135559,0.0026262227911502123,0.002648000605404377,0.0026906670536845922,0.0027164455968886614,0.0027368897572159767,0.0027444453444331884,0.002750445157289505,0.0027542230673134327,0.0027937786653637886,0.0028528901748359203,0.002889556111767888,0.0028962232172489166,0.0029384451918303967,0.0029822231736034155,0.0030044454615563154,0.0030142234172672033,0.003055556444451213,0.003088223049417138,0.003110223449766636,0.003111556638032198,0.0031240007374435663,0.0031235557980835438,0.00312688946723938,0.003135334700345993,0.003143334062770009,0.0031711123883724213,0.0031946669332683086,0.0031831120140850544,0.0031437783036381006,0.0030762229580432177,0.0029842229560017586,0.0028706672601401806,0.0027462232392281294,0.0026368903927505016,0.0025488894898444414,0.00242555676959455,0.0022551119327545166,0.0020202232990413904,0.0011544459266588092,0.001126666902564466,0.0011013344628736377,0.001072222599759698,0.0010380008025094867,0.0009964448399841785,0.0009640008211135864,0.0009502234752289951,0.0009428896009922028,0.0009393348591402173,0.0009457787964493036,0.0009446673793718219,0.00094111223006621,0.000929111847653985,0.0009082232718355954,0.0008846674463711679,0.0008531117346137762,0.0008380007348023355,0.0008275567088276148,0.0008320001070387661,0.0008348888950422406,0.0008264448842965066,0.0008211119566112757,0.0008055567741394043,0.0007997788488864899,0.0007866674568504095,0.0007771112723276019,0.0007702232105657458,0.0007697786786593497,0.0007731111254543066,0.0007724438910372555,0.00077822309685871,0.0007837791345082223,0.0007886675302870572,0.0008031113538891077,0.0008148898486979306,0.000830445031169802,0.0008462232653982937,0.000861556560266763,0.0008762234356254339,0.0008826677803881466,0.0008924450376071036,0.0008968901238404214,0.0008980010752566159,0.0008953341748565435,0.0008855565683916211,0.0008702232735231519,0.0008513335487805307,0.0008271121187135577,0.0008064450230449438,0.0007813337142579257,0.000748667458537966,0.0007040012278594077,0.0006528902449645102,0.0006164457299746573,0.0005895561771467328,0.0005731119308620691,0.0005542234284803271,0.0005302226636558771,0.0005040003452450037,0.0004873342113569379,0.0004735564289148897,0.0004593344929162413,0.00044755719136446714,0.00043555680895224214,0.0004191117186564952,0.0004091121954843402,0.00040177794289775193,0.00039133470272645354,0.0003760001854971051,0.0003537788288667798,0.0003173347213305533,0.00023533444618806243,0.00019844497728627175
162,235812,1143,2024-10-15,28.954,28.944,-91.88,-91.854,28.949,-91.867,11.7,,,30.0,19.9,,,,,,,11.0,18.9,18.9,26.51,27.43,28.42,29.23,32.05,33.81,11.673,7.936,9.659,7.1,6.7,2.8,76.8532,83.1113,27.8517,512.5806237681453,0.0006457786657847464,0.0011886672582477331,0.0015086675994098186,0.0015324453124776483,0.0016148897120729089,0.001931333332322538,0.002109556458890438,0.0022124452516436577,0.0022875559516251087,0.002198445377871394,0.0020688895601779222,0.0022548900451511145,0.0023862235248088837,0.002115778159350157,0.0020611120853573084,0.002324000932276249,0.0024673338048160076,0.0024713340681046247,0.0023484453558921814,0.0023855562321841717,0.002751334337517619,0.002839556196704507,0.0025795570109039545,0.0023768895771354437,0.002376890042796731,0.002358000725507736,0.0023360007908195257,0.0023308901581913233,0.002311778487637639,0.0023197787813842297,0.002289112191647291,0.0022837785072624683,0.0022873340640217066,0.002318890066817403,0.0024417792446911335,0.0024622236378490925,0.0023711116518825293,0.0023624449968338013,0.002377111464738846,0.0023522228002548218,0.0023751119151711464,0.0024284448008984327,0.0024435562081635,0.0024502230808138847,0.0024635568261146545,0.002475335029885173,0.0025115562602877617,0.0025082235224545,0.0025077781174331903,0.0024940003640949726,0.002495334018021822,0.002510666847229004,0.002532445825636387,0.002571334131062031,0.002627111505717039,0.002660222817212343,0.002737334230914712,0.0028006683569401503,0.0027635565493255854,0.00276311207562685,0.0027971118688583374,0.002808667253702879,0.002832222729921341,0.0028393343091011047,0.002842001151293516,0.0028271120972931385,0.002806223463267088,0.0027891125064343214,0.002806668169796467,0.0028473336715251207,0.002867334056645632,0.002862445078790188,0.002886666916310787,0.0029115560464560986,0.0029155563097447157,0.0029006674885749817,0.0029080009553581476,0.002901778556406498,0.002893557073548436,0.002879111794754863,0.0028657785151153803,0.0028364446479827166,0.0028106672689318657,0.0027875564992427826,0.0027702231891453266,0.002773779444396496,0.0027804458513855934,0.0027504456229507923,0.0026933348271995783,0.0026153342332690954,0.0025140009820461273,0.0024011123459786177,0.0022920009214431047,0.002192890038713813,0.002114667557179928,0.0020095568615943193,0.0018657785840332508,0.0016724454471841455,0.0009564451174810529,0.0009360011317767203,0.0009124453063122928,0.0008833337924443185,0.0008493342902511358,0.0008104455773718655,0.0007846674416214228,0.0007697790861129761,0.0007637784583494067,0.0007648902828805149,0.0007753343088552356,0.0007766675553284585,0.0007746674818918109,0.000760667840950191,0.0007402230403386056,0.0007211118936538696,0.0006908894283697009,0.0006802235147915781,0.0006733338232152164,0.0006755561335012317,0.0006817790563218296,0.0006744451820850372,0.0006715559866279364,0.0006626679096370935,0.0006584454677067697,0.000650667876470834,0.0006451122462749481,0.0006422230508178473,0.0006406667525880039,0.0006455563707277179,0.0006475564441643655,0.0006546680233441293,0.0006626674439758062,0.0006717786891385913,0.0006875565741211176,0.0007000014884397388,0.0007166676223278046,0.000733555993065238,0.0007500011124648154,0.0007668898906558752,0.0007735561230219901,0.0007808899972587824,0.0007853338029235601,0.0007866674568504095,0.0007880007033236325,0.0007800012826919556,0.0007675563101656735,0.000750000705011189,0.0007248897454701364,0.0007073341403156519,0.0006824454758316278,0.0006522230105474591,0.0006100005703046918,0.0005577786359935999,0.0005208891234360635,0.0004937785561196506,0.0004802234470844269,0.00046355690574273467,0.00044466761755757034,0.0004220008850097656,0.00040577849722467363,0.00039555670809932053,0.00038111169124022126,0.00037222314858809114,0.000363334605935961,0.0003475559351500124,0.00034155615139752626,0.0003353340725880116,0.00032555602956563234,0.000312001327984035,0.0002911119954660535,0.0002537775435484946,0.00017288989329244941,0.0001400005421601236
163,235813,1143,2024-10-15,28.826,28.803,-91.811,-91.823,28.8145,-91.817,13.8,,,30.0,24.1,,,,,,,14.0,24.8,24.8,27.41,27.66,28.08,31.45,32.87,34.05,8.576,7.698,9.651,6.9,6.7,4.6,80.7171,82.7746,14.8045,507.44099092454246,0.0012975558638572693,0.0019915567245334387,0.002327999798581004,0.002214668085798621,0.0023537783417850733,0.002789111575111747,0.002934667281806469,0.0030024456791579723,0.0030731121078133583,0.002968889893963933,0.0028297780081629753,0.0030335565097630024,0.0031968902330845594,0.002891556592658162,0.002767555881291628,0.00307133374735713,0.0032597784884274006,0.0032286671921610832,0.0030757784843444824,0.00312800076790154,0.003517778357490897,0.003617777954787016,0.0033380012027919292,0.003095777938142419,0.0031026676297187805,0.0030611115507781506,0.0030297785997390747,0.003046001074835658,0.0030217792373150587,0.003017779439687729,0.0029708892107009888,0.002951111178845167,0.0029524462297558784,0.002971112262457609,0.0031128893606364727,0.0031560000497847795,0.0030582232866436243,0.0030366675928235054,0.0030482225120067596,0.003020667703822255,0.003037112532183528,0.003106889547780156,0.003116890322417021,0.0031217793002724648,0.0031602224335074425,0.0031646685674786568,0.003187112044543028,0.003186000743880868,0.0031806672923266888,0.0031495566945523024,0.0031535562593489885,0.003181779058650136,0.003200444858521223,0.003243111539632082,0.003304667305201292,0.0033217784948647022,0.0033860011026263237,0.003453778801485896,0.0034202225506305695,0.003399111330509186,0.0034213343169540167,0.0034328897017985582,0.00344644533470273,0.003434001235291362,0.0034177792258560658,0.0033944451715797186,0.0033462224528193474,0.0032893335446715355,0.0032855565659701824,0.003320001531392336,0.003328001359477639,0.0033097779378294945,0.0033188897650688887,0.0033286672551184893,0.0033146669156849384,0.0032871125731617212,0.003292445093393326,0.0032722232863307,0.0032488899305462837,0.003220445243641734,0.0031851124949753284,0.0031380008440464735,0.003095556516200304,0.0030708899721503258,0.003044890007004142,0.0030315567273646593,0.00301911192946136,0.002977112540975213,0.0029200008139014244,0.0028237784281373024,0.0027117792051285505,0.002582668326795101,0.002444223500788212,0.0023382226936519146,0.0022544455714523792,0.002146888989955187,0.0019995570182800293,0.001804222702048719,0.0010455565061420202,0.0010271117789670825,0.001008222927339375,0.0009775558719411492,0.0009402235154993832,0.0008955568773671985,0.0008646671776659787,0.0008520007831975818,0.0008451123139820993,0.0008442223770543933,0.0008546676835976541,0.0008584451279602945,0.0008506679441779852,0.0008413344621658325,0.0008180008735507727,0.0007951118750497699,0.0007722236914560199,0.000764444877859205,0.0007624452118761837,0.0007653344073332846,0.0007631124462932348,0.0007520003709942102,0.0007348896469920874,0.0007320009171962738,0.0007326673367060721,0.0007220001425594091,0.00072488933801651,0.000716222682967782,0.0007095564506016672,0.0007113346364349127,0.0007064450182951987,0.0007084446842782199,0.0007113334140740335,0.0007153339684009552,0.0007317790295928717,0.0007446677191182971,0.0007613342604599893,0.0007733342354185879,0.0007882234058342874,0.0007973346509970725,0.0008004444534890354,0.0008100010454654694,0.0008102224674075842,0.0008120007114484906,0.0008095569210126996,0.0007951122825033963,0.000779556343331933,0.0007557798526249826,0.000736889720428735,0.0007346674101427197,0.0007235569064505398,0.0007057785987854004,0.0006597787141799927,0.0006055562989786267,0.0005731123383156955,0.0005544453160837293,0.0005428898730315268,0.0005213345284573734,0.0004986673593521118,0.0004724454483948648,0.00045711215352639556,0.000447112659458071,0.00043066797661595047,0.00041400143527425826,0.00040444484329782426,0.00038711228989996016,0.00037755651283077896,0.00037222314858809114,0.0003571117122191936,0.00034288980532437563,0.0003173343138769269,0.0002722226781770587,0.0001960007648449391,0.00021066682529635727
164,235814,1143,2024-10-15,28.788,28.764,-91.528,-91.517,28.776,-91.5225,12.0,,,30.0,110.2,,,,,,,11.9,21.6,21.6,27.01,27.15,28.28,27.86,32.0,33.91,13.97,8.246,10.403,5.7,6.4,3.9,82.4776,88.4935,12.9967,513.023930933964,0.0014990009367465973,0.0020140009000897408,0.002181501127779484,0.0022370005026459694,0.0023215003311634064,0.0025915009900927544,0.0027365004643797874,0.0029340004548430443,0.002940000966191292,0.0027760015800595284,0.00271650031208992,0.0028330013155937195,0.00291450135409832,0.002713499590754509,0.002647501416504383,0.002855501137673855,0.0030065011233091354,0.0030025001615285873,0.002853499725461006,0.0028580017387866974,0.0032335007563233376,0.003399999812245369,0.0031035011634230614,0.002818501554429531,0.0027665002271533012,0.0027729999274015427,0.0027529997751116753,0.002702501602470875,0.0026565007865428925,0.002635001204907894,0.002637001685798168,0.002630000002682209,0.0026215016841888428,0.0026700012385845184,0.0027760006487369537,0.0027615008875727654,0.0026510003954172134,0.0026475004851818085,0.0026430021971464157,0.002611500211060047,0.0026205014437437057,0.0026645008474588394,0.0026740003377199173,0.0026975013315677643,0.0027095014229416847,0.0026915017515420914,0.0027279993519186974,0.0027149999514222145,0.002699000760912895,0.002689001150429249,0.002710999920964241,0.0027215005829930305,0.002715000882744789,0.002750501036643982,0.002784500829875469,0.0028220005333423615,0.0028995005413889885,0.0029739998281002045,0.002986500971019268,0.0029900018125772476,0.0030000004917383194,0.0029920022934675217,0.003007500432431698,0.003032001666724682,0.0030500004068017006,0.0030270004644989967,0.0029990002512931824,0.002987499348819256,0.0030145002529025078,0.003080500289797783,0.0031065018847584724,0.003108501434326172,0.0031275004148483276,0.003146001137793064,0.003162001259624958,0.003154999576508999,0.0031780004501342773,0.003174501471221447,0.0031770002096891403,0.0031665004789829254,0.003167499788105488,0.00315800029784441,0.003138001076877117,0.0031160004436969757,0.0030925003811717033,0.0031035002321004868,0.0031045014038681984,0.003081999719142914,0.0030385004356503487,0.0029415003955364227,0.0028255004435777664,0.00273749977350235,0.002651500515639782,0.002546001225709915,0.0024635009467601776,0.002342001534998417,0.0021875007078051567,0.0019655022770166397,0.0011460008099675179,0.0010980013757944107,0.0010915007442235947,0.0010649999603629112,0.0010140016674995422,0.0009960001334547997,0.0009885011240839958,0.0009625004604458809,0.0009510014206171036,0.000936499796807766,0.0009310003370046616,0.0009275022894144058,0.0009155003353953362,0.0009050015360116959,0.0008785007521510124,0.000863000750541687,0.0008300021290779114,0.0008265003561973572,0.0008235005661845207,0.0008280016481876373,0.0008295001462101936,0.0008160006254911423,0.0008005015552043915,0.0007860008627176285,0.0007995013147592545,0.0007895017042756081,0.0007899999618530273,0.000793001614511013,0.0007665017619729042,0.00076299998909235,0.0007645003497600555,0.0007510008290410042,0.00076299998909235,0.000771000050008297,0.0007720012217760086,0.0007835011929273605,0.0007915012538433075,0.000802001915872097,0.0008040014654397964,0.0008100001141428947,0.0008125007152557373,0.0008135009557008743,0.0008305003866553307,0.0008284999057650566,0.0008275015279650688,0.0008235005661845207,0.0008155005052685738,0.0007850006222724915,0.0007639992982149124,0.0007635019719600677,0.0007480001077055931,0.0007464997470378876,0.0007020002231001854,0.0006365012377500534,0.0006005000323057175,0.0005855001509189606,0.0005745002999901772,0.0005435021594166756,0.0005160011351108551,0.0004805019125342369,0.00046849995851516724,0.0004765009507536888,0.000455501489341259,0.00044400058686733246,0.0004350002855062485,0.00040950067341327667,0.00040750205516815186,0.00039900001138448715,0.00038700178265571594,0.00037300121039152145,0.0003415001556277275,0.0002900008112192154,0.00018650013953447342,0.00021850038319826126
165,235815,1143,2024-10-15,28.755,28.738,-91.323,-91.302,28.7465,-91.3125,9.4,,,30.0,95.2,,,,,,,10.0,16.8,16.8,27.16,27.31,27.7,28.76,32.11,33.11,12.474,9.698,10.703,7.2,5.9,4.5,55.4402,51.6245,14.0968,515.3845633041706,0.001619000919163227,0.0021130014210939407,0.0025160014629364014,0.002558499574661255,0.0025695012882351875,0.0029360000044107437,0.0031075002625584602,0.0032515013590455055,0.0034000007435679436,0.003322501666843891,0.0031820014119148254,0.003368501551449299,0.003518001176416874,0.0032430002465844154,0.0031205005943775177,0.0033790012821555138,0.003598000854253769,0.0036575011909008026,0.003544500097632408,0.0035245008766651154,0.003928501158952713,0.004045001231133938,0.0038040010258555412,0.0036525018513202667,0.003623001277446747,0.0035840021446347237,0.0035749999806284904,0.003572501242160797,0.003558000549674034,0.0035985009744763374,0.003606000915169716,0.003593500703573227,0.0035979999229311943,0.0036530010402202606,0.0037990007549524307,0.003842000849545002,0.0037905005738139153,0.0038090012967586517,0.003827502019703388,0.003819500096142292,0.0038720006123185158,0.003968500532209873,0.004031999967992306,0.004061000421643257,0.004103001207113266,0.004150001332163811,0.004229500889778137,0.004275500774383545,0.004306001588702202,0.004318000748753548,0.00436750054359436,0.004415500909090042,0.004470501095056534,0.004558500833809376,0.004655500873923302,0.004733501002192497,0.004844999872148037,0.004925001412630081,0.004919501021504402,0.004931501112878323,0.004973500967025757,0.004992499947547913,0.0050300005823373795,0.005045500583946705,0.005061001516878605,0.005056500434875488,0.0050265006721019745,0.004997500218451023,0.005020500160753727,0.005096500739455223,0.005156501196324825,0.005182500928640366,0.005225501023232937,0.00525400135666132,0.005268000066280365,0.005261000245809555,0.005282500758767128,0.005279001779854298,0.005243001505732536,0.00518100056797266,0.00515300128608942,0.0051030004397034645,0.005060501396656036,0.005036000162363052,0.0050220005214214325,0.0050455015152692795,0.005064001306891441,0.0050410013645887375,0.004980000667273998,0.0048590004444122314,0.004721499979496002,0.004584001377224922,0.004435001872479916,0.0042835017666220665,0.00413800124078989,0.003923000767827034,0.003649001009762287,0.0032715005800127983,0.001734001561999321,0.0017075017094612122,0.0016765017062425613,0.0016425009816884995,0.0016030017286539078,0.0015580011531710625,0.0015145009383559227,0.0014860006049275398,0.001482001505792141,0.0014720000326633453,0.001469501294195652,0.001457001082599163,0.0014470014721155167,0.0014295009896159172,0.0014010006561875343,0.0013750018551945686,0.0013420004397630692,0.0013150004670023918,0.001304500736296177,0.0013080006465315819,0.001299501396715641,0.001295001246035099,0.0012740008533000946,0.0012440020218491554,0.001229001209139824,0.0011950014159083366,0.0011780010536313057,0.0011670012027025223,0.0011550011113286018,0.0011540018022060394,0.001142001710832119,0.0011370005086064339,0.0011375006288290024,0.0011285003274679184,0.001139000989496708,0.0011360011994838715,0.0011340007185935974,0.0011415006592869759,0.001137501560151577,0.0011395001783967018,0.001138501800596714,0.001138000749051571,0.0011344999074935913,0.0011320002377033234,0.0011285003274679184,0.0011220015585422516,0.0011125020682811737,0.0010965019464492798,0.0010780012235045433,0.001059001311659813,0.001029500737786293,0.0009980006143450737,0.000948500819504261,0.00089300237596035,0.0008520018309354782,0.0008185012266039848,0.0008054999634623528,0.0007870001718401909,0.0007585007697343826,0.0007275007665157318,0.000700000673532486,0.0006780009716749191,0.0006575006991624832,0.0006440011784434319,0.0006275009363889694,0.0006039999425411224,0.0005915015935897827,0.0005735000595450401,0.0005520004779100418,0.00052650086581707,0.0004970012232661247,0.0004505012184381485,0.0003460003063082695,0.0002895006909966469
166,235816,1143,2024-10-16,28.769,28.745,-90.955,-90.967,28.757,-90.961,8.5,,,30.0,66.3,,,,,,,9.0,15.1,15.1,27.21,27.01,27.29,29.44,31.72,32.46,11.006,9.593,12.087,6.8,6.1,5.0,71.5989,59.2418,10.2699,,,,,,,,,,,,,,,,,,,,,,,,,,,,,,,,,,,,,,,,,,,,,,,,,,,,,,,,,,,,,,,,,,,,,,,,,,,,,,,,,,,,,,,,,,,,,,,,,,,,,,,,,,,,,,,,,,,,,,,,,,,,,,,,,,,,,,,,,,,,,,,,,,,,,,,,,,,,,,,,,,,,,,,,,,,,,
167,235817,1143,2024-10-16,28.678,28.686,-90.658,-90.622,28.682,-90.64,9.1,,,30.0,106.8,,,,,,,9.0,16.2,16.2,27.35,27.38,27.79,32.26,32.26,34.07,7.962,7.967,7.347,6.8,6.8,5.1,85.4997,85.3205,73.4251,,,,,,,,,,,,,,,,,,,,,,,,,,,,,,,,,,,,,,,,,,,,,,,,,,,,,,,,,,,,,,,,,,,,,,,,,,,,,,,,,,,,,,,,,,,,,,,,,,,,,,,,,,,,,,,,,,,,,,,,,,,,,,,,,,,,,,,,,,,,,,,,,,,,,,,,,,,,,,,,,,,,,,,,,,,,,
168,235818,1143,2024-10-22,29.037,29.029,-92.357,-92.384,29.033,-92.3705,11.8,,,30.0,183.0,,,,,,,12.0,21.1,21.1,24.19,24.42,25.32,31.18,31.7,32.25,11.657,11.107,12.684,6.5,6.3,5.9,32.343,36.9335,7.6434,,,,,,,,,,,,,,,,,,,,,,,,,,,,,,,,,,,,,,,,,,,,,,,,,,,,,,,,,,,,,,,,,,,,,,,,,,,,,,,,,,,,,,,,,,,,,,,,,,,,,,,,,,,,,,,,,,,,,,,,,,,,,,,,,,,,,,,,,,,,,,,,,,,,,,,,,,,,,,,,,,,,,,,,,,,,,
169,235819,1143,2024-10-22,29.01,29.006,-92.545,-92.573,29.008,-92.559,13.4,,,30.0,278.9,,,,,,,13.9,24.0,24.0,25.38,25.54,25.67,31.78,32.44,32.54,10.179,10.099,11.264,6.6,6.1,6.0,43.8459,31.8598,16.5885,532.2551895519073,0.005285002291202545,0.005196001380681992,0.005274001508951187,0.0054050013422966,0.005491999909281731,0.0058580003678798676,0.006149999797344208,0.006380001083016396,0.006554000079631805,0.006471000611782074,0.00648999959230423,0.0068810004740953445,0.00727199949324131,0.00720600038766861,0.007156001403927803,0.007528001442551613,0.007829999551177025,0.00801200233399868,0.008130999282002449,0.008253999054431915,0.0086590014398098,0.008966000750660896,0.008941000327467918,0.008905000984668732,0.008991001173853874,0.00907900184392929,0.009168000891804695,0.009269000962376595,0.009383000433444977,0.009544001892209053,0.009673001244664192,0.0097889993339777,0.009906001389026642,0.010058000683784485,0.010328000411391258,0.010507000610232353,0.010575000196695328,0.010700002312660217,0.010885000228881836,0.011065000668168068,0.011301999911665916,0.011614000424742699,0.011848000809550285,0.012035001069307327,0.012285001575946808,0.012485001236200333,0.012685000896453857,0.012888001278042793,0.013065999373793602,0.013222001492977142,0.013443000614643097,0.013702001422643661,0.013965999707579613,0.014213001355528831,0.014454999938607216,0.014639999717473984,0.014848999679088593,0.015035001561045647,0.015172000974416733,0.015321999788284302,0.015486001968383789,0.015599999576807022,0.015737000852823257,0.015855999663472176,0.01595800183713436,0.016083000227808952,0.016210000962018967,0.01625800132751465,0.016357000917196274,0.01655000075697899,0.016750000417232513,0.016899000853300095,0.017065001651644707,0.01722799986600876,0.017367001622915268,0.017449000850319862,0.01754700019955635,0.01762400008738041,0.017687000334262848,0.017736000940203667,0.0177760012447834,0.01782200112938881,0.017851000651717186,0.017889002338051796,0.017962001264095306,0.018059000372886658,0.018167000263929367,0.018225999549031258,0.018180001527071,0.01806499995291233,0.017897002398967743,0.017657000571489334,0.017389999702572823,0.01705700159072876,0.016607001423835754,0.01603200100362301,0.015277000144124031,0.0142000000923872,0.008868999779224396,0.00877399928867817,0.008682001382112503,0.008570000529289246,0.008489999920129776,0.008368000388145447,0.008152000606060028,0.008036002516746521,0.008038999512791634,0.007968001067638397,0.007890000939369202,0.007831001654267311,0.007795000448822975,0.0077540017664432526,0.007679000496864319,0.0075730010867118835,0.007434999570250511,0.007286000996828079,0.007176000624895096,0.007107000797986984,0.007041001692414284,0.006968000903725624,0.006865000352263451,0.006734002381563187,0.006603000685572624,0.006469001993536949,0.006350001320242882,0.00623599998652935,0.006144002079963684,0.006049999967217445,0.005970999598503113,0.005898000672459602,0.005841000005602837,0.005792001262307167,0.0057500023394823074,0.0057140011340379715,0.00568000040948391,0.005668001249432564,0.005653001368045807,0.005648000165820122,0.005645999684929848,0.00563800148665905,0.005639001727104187,0.005638999864459038,0.005632001906633377,0.005617000162601471,0.005585001781582832,0.005502000451087952,0.0053840018808841705,0.005247000604867935,0.005143001675605774,0.005078000947833061,0.005007000640034676,0.004885001108050346,0.004721000790596008,0.004582000896334648,0.004490001127123833,0.004436999559402466,0.004356000572443008,0.004238000139594078,0.004109000787138939,0.0039910003542900085,0.003893999382853508,0.0038080010563135147,0.003717999905347824,0.0036079995334148407,0.0034929998219013214,0.003374999389052391,0.0032500009983778,0.0031080003827810287,0.0029550008475780487,0.002737000584602356,0.0021289996802806854,0.0016740001738071442
170,235820,1143,2024-10-22,29.209,29.185,-92.833,-92.825,29.197,-92.829,10.3,,,30.0,202.9,,,,,,,10.9,18.6,18.6,25.62,25.22,25.32,31.46,31.5,31.63,10.115,10.588,13.956,6.8,6.3,6.1,48.2858,40.0386,5.0432,527.1683336419758,0.006532667204737663,0.006591112818568945,0.0067159999161958694,0.006752667482942343,0.006793333683162928,0.007168000563979149,0.007489779032766819,0.007703112438321114,0.007840667851269245,0.007848890498280525,0.00784711167216301,0.008114666678011417,0.008499556221067905,0.00848311185836792,0.008388667367398739,0.008692890405654907,0.008966224268078804,0.009164000861346722,0.009252889081835747,0.009376890026032925,0.009885777719318867,0.010196443647146225,0.010122889652848244,0.010052000172436237,0.010136445052921772,0.01021288987249136,0.010279555805027485,0.010410667397081852,0.01055955607444048,0.010698224417865276,0.010806668549776077,0.010936668142676353,0.011070001870393753,0.011230223812162876,0.01151733286678791,0.011734002269804478,0.011810888536274433,0.011938223615288734,0.01212222408503294,0.01230644527822733,0.012550667859613895,0.012884888797998428,0.01316511258482933,0.013376889750361443,0.01362289022654295,0.013846000656485558,0.014076445251703262,0.014265556819736958,0.014459114521741867,0.014622665010392666,0.014849556609988213,0.015130000188946724,0.015401111915707588,0.015669556334614754,0.015956668183207512,0.016181111335754395,0.01639755629003048,0.01661822572350502,0.016749776899814606,0.01686822436749935,0.01704244501888752,0.01717822439968586,0.017314888536930084,0.017418889328837395,0.017521556466817856,0.01762266829609871,0.01768355630338192,0.017692668363451958,0.017769332975149155,0.01794755645096302,0.018147999420762062,0.018300669267773628,0.018470222130417824,0.01861933246254921,0.01874377578496933,0.01880599930882454,0.018879111856222153,0.018941335380077362,0.01897110976278782,0.018978888168931007,0.0189800001680851,0.01895088702440262,0.018908001482486725,0.01889822445809841,0.01892644725739956,0.018986888229846954,0.019052444025874138,0.019064001739025116,0.01898088864982128,0.0187995545566082,0.018554000183939934,0.01825844496488571,0.017888890579342842,0.017445554956793785,0.016908667981624603,0.016209334135055542,0.015328447334468365,0.014186667278409004,0.008330000564455986,0.008247334510087967,0.008152223192155361,0.008042444474995136,0.007932445034384727,0.007806667126715183,0.007661112584173679,0.007556890603154898,0.007515556178987026,0.0074582225643098354,0.007387111429125071,0.007295555435121059,0.0072508882731199265,0.007191112264990807,0.0071206665597856045,0.007030223961919546,0.00690822396427393,0.006790890358388424,0.006687112618237734,0.0066033340990543365,0.006544667296111584,0.006468444596976042,0.006380223669111729,0.006259111687541008,0.006132667418569326,0.0059951115399599075,0.005874888971447945,0.005768667906522751,0.0056822230108082294,0.005603556055575609,0.005534445866942406,0.005477778613567352,0.0054297796450555325,0.005392222199589014,0.005362890660762787,0.005332001484930515,0.005311111453920603,0.0052926670759916306,0.0052740019746124744,0.005265333689749241,0.005251999944448471,0.005242000799626112,0.005231333896517754,0.005221334286034107,0.005206000991165638,0.00518133444711566,0.005143335089087486,0.005070666782557964,0.004971111658960581,0.004859556909650564,0.004766667727380991,0.004695111885666847,0.004613111726939678,0.0044951122254133224,0.004343111999332905,0.004213334526866674,0.004122668877243996,0.00404755724593997,0.0039646681398153305,0.0038466677069664,0.0037202227395027876,0.0036106668412685394,0.0035204451996833086,0.0034380012657493353,0.00335377873852849,0.0032573346979916096,0.003156889695674181,0.0030446681194007397,0.0029288893565535545,0.0028053345158696175,0.0026631115470081568,0.0024831113405525684,0.001976667670533061,0.001577556598931551
171,235821,1143,2024-10-23,29.398,29.394,-92.597,-92.626,29.396,-92.6115,7.3,,,30.0,145.1,,,,,,,7.9,13.2,13.2,23.09,23.32,23.55,27.78,29.26,29.79,15.195,13.681,16.358,7.3,6.7,5.7,44.0506,48.1581,4.9414,,,,,,,,,,,,,,,,,,,,,,,,,,,,,,,,,,,,,,,,,,,,,,,,,,,,,,,,,,,,,,,,,,,,,,,,,,,,,,,,,,,,,,,,,,,,,,,,,,,,,,,,,,,,,,,,,,,,,,,,,,,,,,,,,,,,,,,,,,,,,,,,,,,,,,,,,,,,,,,,,,,,,,,,,,,,,
172,235822,1143,2024-10-23,29.538,29.529,-92.742,-92.706,29.5335,-92.724,5.4,,,30.0,127.2,,,,,,,7.1,10.5,10.5,23.12,23.19,23.62,27.38,27.43,28.18,15.22,15.319,17.227,7.6,7.5,6.1,50.2859,48.4672,7.6655,,,,,,,,,,,,,,,,,,,,,,,,,,,,,,,,,,,,,,,,,,,,,,,,,,,,,,,,,,,,,,,,,,,,,,,,,,,,,,,,,,,,,,,,,,,,,,,,,,,,,,,,,,,,,,,,,,,,,,,,,,,,,,,,,,,,,,,,,,,,,,,,,,,,,,,,,,,,,,,,,,,,,,,,,,,,,
173,235823,1143,2024-10-23,29.334,29.321,-92.956,-92.982,29.3275,-92.969,9.1,,,30.0,103.6,,,,,,,9.0,15.2,15.2,23.77,24.44,24.44,29.4,30.47,30.78,12.642,11.614,12.159,6.9,6.6,6.2,53.0662,43.4077,28.4306,,,,,,,,,,,,,,,,,,,,,,,,,,,,,,,,,,,,,,,,,,,,,,,,,,,,,,,,,,,,,,,,,,,,,,,,,,,,,,,,,,,,,,,,,,,,,,,,,,,,,,,,,,,,,,,,,,,,,,,,,,,,,,,,,,,,,,,,,,,,,,,,,,,,,,,,,,,,,,,,,,,,,,,,,,,,,
174,235824,1143,2024-10-23,29.249,29.235,-93.089,-93.112,29.242,-93.1005,9.6,,,30.0,137.2,,,,,,,9.9,17.6,17.6,25.14,25.16,25.16,31.53,31.6,31.6,10.764,10.814,11.263,5.1,6.2,6.2,34.9966,35.8892,29.358,532.398912438753,0.0003120005130767822,0.00035200268030166626,0.0004600025713443756,0.0006000027060508728,0.0008060000836849213,0.0011299997568130493,0.0016239993274211884,0.002222001552581787,0.002394001930952072,0.002098001539707184,0.0019860006868839264,0.00244000181555748,0.0029660016298294067,0.0029399991035461426,0.0028520002961158752,0.003280002623796463,0.003874000161886215,0.004011999815702438,0.003915999084711075,0.004048001021146774,0.004782002419233322,0.005294002592563629,0.005224000662565231,0.0050600022077560425,0.005077999085187912,0.005088001489639282,0.005242001265287399,0.00546799972653389,0.005578000098466873,0.005692001432180405,0.005791999399662018,0.005929999053478241,0.006053999066352844,0.0062340013682842255,0.006650000810623169,0.006909999996423721,0.006948001682758331,0.007118001580238342,0.007274001836776733,0.007444001734256744,0.007683999836444855,0.008018001914024353,0.008324000984430313,0.008476000279188156,0.008726000785827637,0.008953999727964401,0.009198002517223358,0.00931600108742714,0.009364001452922821,0.009495999664068222,0.009718000888824463,0.009970001876354218,0.010236002504825592,0.01053600013256073,0.010768000036478043,0.010859999805688858,0.011084001511335373,0.011305999010801315,0.011408001184463501,0.011507999151945114,0.011660002171993256,0.011771999299526215,0.01191600039601326,0.012044001370668411,0.012126002460718155,0.012214001268148422,0.012350000441074371,0.012402001768350601,0.012437999248504639,0.012616001069545746,0.012852001935243607,0.012949999421834946,0.013043999671936035,0.013158001005649567,0.013252001255750656,0.013284001499414444,0.013372000306844711,0.013436000794172287,0.013438001275062561,0.013447999954223633,0.013454001396894455,0.013415999710559845,0.013399999588727951,0.013381998986005783,0.013367999345064163,0.013422001153230667,0.013472001999616623,0.013452000916004181,0.013394001871347427,0.013256002217531204,0.013094000518321991,0.01285400241613388,0.012598000466823578,0.012324001640081406,0.011992000043392181,0.011514000594615936,0.010926000773906708,0.010048002004623413,0.005945999175310135,0.00587800145149231,0.005782000720500946,0.005713999271392822,0.005660001188516617,0.005522001534700394,0.005340002477169037,0.005249999463558197,0.005279999226331711,0.005260001868009567,0.005226001143455505,0.0051719993352890015,0.005127999931573868,0.005114000290632248,0.0050620026886463165,0.004996001720428467,0.004904001951217651,0.004792001098394394,0.004704002290964127,0.004674002528190613,0.004648000001907349,0.004610002040863037,0.0045500025153160095,0.004452001303434372,0.004362002015113831,0.004254002124071121,0.004162002354860306,0.004094000905752182,0.0040360018610954285,0.003986001014709473,0.003949999809265137,0.003912001848220825,0.003890000283718109,0.0038620010018348694,0.0038440003991127014,0.0038320012390613556,0.0038320012390613556,0.0038259997963905334,0.0038099996745586395,0.0037960000336170197,0.0037779994308948517,0.003770001232624054,0.003772001713514328,0.0037619993090629578,0.003760002553462982,0.003738000988960266,0.0037100017070770264,0.003620002418756485,0.003464002162218094,0.0033040009438991547,0.0031560026109218597,0.003102000802755356,0.003081999719142914,0.00303800031542778,0.0029840022325515747,0.002906002104282379,0.0028620027005672455,0.0028420016169548035,0.002778001129627228,0.0027040019631385803,0.002612002193927765,0.002528000622987747,0.0024660006165504456,0.0024299994111061096,0.0023800022900104523,0.0023240000009536743,0.0022619999945163727,0.002165999263525009,0.002084001898765564,0.001995999366044998,0.001898001879453659,0.0017540007829666138,0.0013240016996860504,0.0009780004620552063
175,235825,1143,2024-10-23,29.562,29.58,-93.064,-93.085,29.571,-93.0745,6.6,,,30.0,386.5,,,,,,,7.0,10.9,10.9,23.83,23.82,23.82,29.0,29.0,29.0,13.167,13.207,14.032,6.8,6.7,6.7,32.5285,32.5514,25.6065,536.5533118362852,0.002685556886717677,0.002604889450594783,0.0026284456253051758,0.002486889949068427,0.0023582233116030693,0.002698001451790333,0.003130001248791814,0.003168667433783412,0.0031799999997019768,0.0030197787564247847,0.0028940013144165277,0.0031533343717455864,0.0034295564983040094,0.003209334332495928,0.003005111822858453,0.003177778562530875,0.003448445349931717,0.0035437787882983685,0.0034828893840312958,0.0035833343863487244,0.0040813349187374115,0.004358000587671995,0.004163556266576052,0.0038933344185352325,0.0038651120848953724,0.003883334109559655,0.003881779033690691,0.0039040008559823036,0.003910889849066734,0.0039651114493608475,0.004000001586973667,0.004026222974061966,0.0040931119583547115,0.004183556418865919,0.004375111777335405,0.004501333925873041,0.004493333864957094,0.004554667975753546,0.004638889338821173,0.004702667705714703,0.004862223751842976,0.0051264455541968346,0.005296445917338133,0.005374668166041374,0.005497556179761887,0.005626889877021313,0.005759334657341242,0.005799556151032448,0.005846000742167234,0.005898667499423027,0.0060044447891414165,0.006160223390907049,0.0063637783750891685,0.006578222848474979,0.006720222067087889,0.006787778809666634,0.006929334253072739,0.007077778223901987,0.00713044498115778,0.0071946680545806885,0.0073168897069990635,0.007425778545439243,0.007560001686215401,0.007733779028058052,0.007902666926383972,0.008023113012313843,0.008149777539074421,0.00824577733874321,0.008378889411687851,0.008566000498831272,0.008758889511227608,0.00888111162930727,0.009026223793625832,0.009155334904789925,0.009260444901883602,0.009313111193478107,0.009391780011355877,0.009468668140470982,0.009522223845124245,0.009573778137564659,0.0096200006082654,0.009620444849133492,0.009621556848287582,0.009628444910049438,0.009668000973761082,0.009749110788106918,0.009840001352131367,0.009866666980087757,0.009843112900853157,0.00978444330394268,0.009706222452223301,0.009608445689082146,0.009475333616137505,0.009314445778727531,0.009138001129031181,0.00882911216467619,0.008396001532673836,0.007800222374498844,0.004482223652303219,0.004425333812832832,0.00436977855861187,0.0043071117252111435,0.0042388904839754105,0.004144223406910896,0.004027556627988815,0.003963557071983814,0.003976890817284584,0.003978445660322905,0.003956000320613384,0.003910666797310114,0.0038891120348125696,0.003852889873087406,0.003813778283074498,0.0037693344056606293,0.00371644482947886,0.0036606667563319206,0.0036062237340956926,0.0035651118960231543,0.003531334688887,0.0034902223851531744,0.003437112085521221,0.0033722238149493933,0.0033084447495639324,0.0032204454764723778,0.003146445145830512,0.003068445483222604,0.0030084450263530016,0.0029557785019278526,0.002913334406912327,0.002877112478017807,0.0028504456859081984,0.0028275561053305864,0.0028153343591839075,0.0028053345158696175,0.002803556155413389,0.00280222250148654,0.002802889794111252,0.0028048898093402386,0.002808889141306281,0.0028157783672213554,0.002824445255100727,0.0028353342786431313,0.0028340017888695,0.002831112127751112,0.002812667516991496,0.0027577790897339582,0.002672889968380332,0.0025697785895317793,0.002485111355781555,0.002450000960379839,0.0024344457779079676,0.002411555964499712,0.0023595558013767004,0.0023013337049633265,0.002250445308163762,0.0022155563347041607,0.002169777872040868,0.0021115567069500685,0.0020495562348514795,0.0019904449582099915,0.0019368897192180157,0.0018931118538603187,0.0018484448082745075,0.0017946676816791296,0.0017393347807228565,0.0016782230231910944,0.0016117795603349805,0.0015455558896064758,0.0014666675124317408,0.0013597789220511913,0.0010584451956674457,0.0008291121921502054
176,235826,1143,2024-10-23,29.647,29.651,-93.166,-93.195,29.649,-93.1805,5.1,,,30.0,198.0,,,,,,,7.0,10.1,10.1,23.82,23.9,23.91,28.88,29.08,29.07,12.988,13.123,15.622,7.2,7.0,4.4,44.8013,40.7781,7.5262,540.3478385798717,0.0020417782943695784,0.0019402235047891736,0.001935111591592431,0.0017657780554145575,0.0016897788736969233,0.0020224456675350666,0.0023706676438450813,0.0024786675348877907,0.0025128903798758984,0.0023308901581913233,0.0021857789251953363,0.002402667421847582,0.0026746673975139856,0.002448667772114277,0.002243334660306573,0.0024020010605454445,0.002646890003234148,0.0028088900726288557,0.0027428902685642242,0.002749334555119276,0.003310667583718896,0.0036202226765453815,0.003382000606507063,0.003140890272334218,0.0031446677166968584,0.0031344452872872353,0.0031082232017070055,0.0031515557784587145,0.003184222849085927,0.0032446682453155518,0.0032715564593672752,0.0032973347697407007,0.003338889917358756,0.00341933430172503,0.0036482231225818396,0.0038111114408820868,0.003795779077336192,0.0038353342097252607,0.003943778574466705,0.00402311235666275,0.0041606673039495945,0.004421778954565525,0.004602667409926653,0.004678222816437483,0.0047868904657661915,0.004894444718956947,0.005027333740144968,0.00509844534099102,0.005148223601281643,0.005183556582778692,0.005284889601171017,0.005440001375973225,0.005628223530948162,0.005826667416840792,0.005978001281619072,0.006052445154637098,0.006176000460982323,0.006318444851785898,0.006379334256052971,0.006464445497840643,0.00658511184155941,0.006701556965708733,0.006852445658296347,0.007038224022835493,0.007226889953017235,0.00735822319984436,0.007501333951950073,0.007609999738633633,0.007735778111964464,0.007935111410915852,0.008139333687722683,0.00826155673712492,0.008421111851930618,0.008571556769311428,0.008693333715200424,0.008777555078268051,0.008884890004992485,0.008968002162873745,0.009051112458109856,0.00912422314286232,0.009172666817903519,0.009186668321490288,0.009214000776410103,0.00925444532185793,0.009305333718657494,0.00938311219215393,0.009473777376115322,0.009518222883343697,0.009512222371995449,0.00945177860558033,0.009377334266901016,0.009280667640268803,0.009144444949924946,0.008990000933408737,0.008809334598481655,0.008514221757650375,0.008107111789286137,0.007543111685663462,0.004323111847043037,0.004265333991497755,0.004211334511637688,0.004145334474742413,0.004087556153535843,0.0040080007165670395,0.003897556336596608,0.003837111871689558,0.003847556421533227,0.00384244485758245,0.003817112185060978,0.0037755565717816353,0.0037580004427582026,0.003728223266080022,0.0036966672632843256,0.0036608895752578974,0.003610667772591114,0.0035591116175055504,0.003500001272186637,0.003456000704318285,0.0034220011439174414,0.0033760007936507463,0.0033271117135882378,0.0032606683671474457,0.0031975561287254095,0.0031142234802246094,0.003035112051293254,0.002961111953482032,0.0029024453833699226,0.00284911273047328,0.0028037785086780787,0.002767334459349513,0.0027435561642050743,0.0027193340938538313,0.0027080008294433355,0.0026964459102600813,0.002691111993044615,0.0026897788047790527,0.00269444496370852,0.0027000014670193195,0.0027086681220680475,0.002719112206250429,0.002726000966504216,0.0027346680872142315,0.002736445516347885,0.002731112064793706,0.0027157780714333057,0.002665777923539281,0.002583334455266595,0.0024908892810344696,0.0024115564301609993,0.002380667021498084,0.0023675565607845783,0.002344000618904829,0.0022960007190704346,0.00223755557090044,0.002193333813920617,0.0021584448404610157,0.002114666858687997,0.002062000799924135,0.00199933466501534,0.001944445539265871,0.0018920009024441242,0.0018475556280463934,0.0018015565583482385,0.0017457782523706555,0.0016913339495658875,0.0016308894846588373,0.001569112529978156,0.0015028896741569042,0.0014266674406826496,0.0013264450244605541,0.0010428900131955743,0.0008215560810640454
177,235827,1143,2024-10-23,29.608,29.584,-93.255,-93.251,29.596,-93.253,6.2,,,30.0,153.2,,,,,,,6.1,10.1,10.1,24.39,24.03,24.0,29.3,29.31,29.31,12.115,12.506,13.677,6.9,6.9,6.6,32.9331,33.1496,19.5061,536.4744674674561,0.0028986679390072823,0.002855556784197688,0.002849333919584751,0.0026802229695022106,0.002590889809653163,0.002917779376730323,0.003289111889898777,0.003430444747209549,0.0034777792170643806,0.0032993340864777565,0.003186889924108982,0.0034337788820266724,0.0037560006603598595,0.0035631118807941675,0.0033704452216625214,0.003583556739613414,0.003837556578218937,0.003987334202975035,0.003942667506635189,0.00399044482037425,0.004572890233248472,0.004896222613751888,0.0046913339756429195,0.004454889800399542,0.004443334415555,0.004462000913918018,0.004465112462639809,0.004510889761149883,0.004541556350886822,0.004628222901374102,0.004681334365159273,0.004713112022727728,0.004784667864441872,0.0048917788080871105,0.005138889886438847,0.005308667663484812,0.005297556519508362,0.005348889622837305,0.005478445440530777,0.005581334698945284,0.005745111033320427,0.006034223362803459,0.006250666454434395,0.006355334538966417,0.006498001050204039,0.0066255563870072365,0.006783111486583948,0.0068620010279119015,0.006934667471796274,0.006997333839535713,0.007122000679373741,0.0073120007291436195,0.007524223066866398,0.007741556502878666,0.007923111319541931,0.008030667901039124,0.008186668157577515,0.008347111754119396,0.00841333344578743,0.008498001843690872,0.008640666492283344,0.008763778023421764,0.008914890699088573,0.009101778268814087,0.009286000393331051,0.009417778812348843,0.009557112120091915,0.009660889394581318,0.009796444326639175,0.009991778060793877,0.010186889208853245,0.010312889702618122,0.010480222292244434,0.010625111870467663,0.010737556964159012,0.010804446414113045,0.010898890905082226,0.01096955593675375,0.011026222258806229,0.01108244527131319,0.011124445125460625,0.011129112914204597,0.011139333248138428,0.01115933433175087,0.011211778037250042,0.011301111429929733,0.011400667950510979,0.011440224014222622,0.011420445516705513,0.01134089007973671,0.011237112805247307,0.011107555590569973,0.010945999994874,0.01075488980859518,0.010538443922996521,0.01018689014017582,0.009708445519208908,0.009026444517076015,0.005238889716565609,0.005176445934921503,0.0051133339293301105,0.005033556371927261,0.004966223146766424,0.004869778640568256,0.004733778070658445,0.004658444318920374,0.004666889552026987,0.004662667866796255,0.00462777866050601,0.0045764450915157795,0.004555556923151016,0.004521777853369713,0.0044780015014112,0.004428889136761427,0.004361112602055073,0.004295555874705315,0.004229556303471327,0.004178666975349188,0.004138890188187361,0.004085111431777477,0.004026667680591345,0.003944001160562038,0.003866222919896245,0.003765556961297989,0.0036746677942574024,0.003594667185097933,0.003530445508658886,0.0034728897735476494,0.003419778309762478,0.0033768904395401478,0.0033473344519734383,0.0033200006000697613,0.0033068896736949682,0.003290223190560937,0.0032808897085487843,0.0032746675424277782,0.003273112466558814,0.0032786678057163954,0.003284667618572712,0.003292445093393326,0.0032984453719109297,0.003303556703031063,0.0033037790562957525,0.003300890326499939,0.003282222431153059,0.0032244452740997076,0.0031288894824683666,0.0030188895761966705,0.0029264448676258326,0.0028857786674052477,0.0028642225079238415,0.002830890007317066,0.002764667384326458,0.0026971118059009314,0.002646001288667321,0.0026028896681964397,0.0025544448290020227,0.002488001249730587,0.002410445362329483,0.0023428897839039564,0.0022782236337661743,0.0022222225088626146,0.0021666670218110085,0.002101111225783825,0.002033333759754896,0.001960444264113903,0.0018835560185834765,0.0018008897313848138,0.0017117788083851337,0.0015895561082288623,0.0012453347444534302,0.0009760003886185586
178,235828,1143,2024-10-23,29.377,29.372,-93.289,-93.26,29.3745,-93.2745,6.6,,,30.0,132.9,,,,,,,7.1,11.0,11.0,24.9,24.73,25.06,30.05,30.44,31.09,11.304,11.318,14.087,8.0,6.9,5.1,42.4884,45.641,7.4382,532.2070369392867,0.003372445236891508,0.003390223253518343,0.0034480011090636253,0.003290667664259672,0.0031853339169174433,0.003572001587599516,0.0040197791531682014,0.004210222512483597,0.004265333991497755,0.00410444475710392,0.00401711231097579,0.004231778904795647,0.004556889645755291,0.004397778771817684,0.0041960012167692184,0.0044542234390974045,0.004759778268635273,0.004890667274594307,0.004838890396058559,0.004898666869848967,0.005483112297952175,0.005818667355924845,0.005596445873379707,0.0053384448401629925,0.005327111575752497,0.005332223139703274,0.00532222306355834,0.005362001247704029,0.005374445114284754,0.005429779179394245,0.005467111244797707,0.005496667232364416,0.005536889657378197,0.005610888823866844,0.0058473339304327965,0.006000889465212822,0.00596844544634223,0.006004223134368658,0.006108445581048727,0.006188667379319668,0.006365111563354731,0.006659778766334057,0.006854667328298092,0.006930666975677013,0.007062223274260759,0.007179556414484978,0.0073077785782516,0.007370667532086372,0.0074293348006904125,0.007483555935323238,0.007602001074701548,0.007782223168760538,0.007994445040822029,0.008204666897654533,0.00839422270655632,0.00848822295665741,0.008618666790425777,0.008762221783399582,0.008794222958385944,0.008848445490002632,0.00897200033068657,0.009074000641703606,0.00920666754245758,0.00936288945376873,0.00951955746859312,0.009635334834456444,0.009748224169015884,0.009827778674662113,0.009949556551873684,0.010132666677236557,0.010317779146134853,0.01041533425450325,0.010546445846557617,0.010672222822904587,0.010755779221653938,0.010794890113174915,0.010870223864912987,0.010927112773060799,0.01096266694366932,0.01098977867513895,0.011008668690919876,0.011000222526490688,0.011009333655238152,0.011030222289264202,0.011067556217312813,0.011134667322039604,0.011222447268664837,0.011261333711445332,0.011236223392188549,0.011143557727336884,0.01102022361010313,0.01087111234664917,0.01069466769695282,0.010494890622794628,0.01026866678148508,0.009916890412569046,0.009436221793293953,0.008744001388549805,0.005096000153571367,0.0050277793779969215,0.004959334619343281,0.004876445513218641,0.004798889625817537,0.004695778712630272,0.004562667571008205,0.004484445322304964,0.004496000241488218,0.004490222781896591,0.004460444673895836,0.004419112112373114,0.004400222562253475,0.004366001114249229,0.0043224454857409,0.004273556172847748,0.0042028892785310745,0.004132889676839113,0.004066889174282551,0.004014000762254,0.0039795562624931335,0.0039297789335250854,0.0038720008451491594,0.003797111799940467,0.00372066767886281,0.0036253344733268023,0.0035386676900088787,0.003459112485870719,0.00339600071310997,0.003342445008456707,0.0032957782968878746,0.0032555563375353813,0.003230223199352622,0.003203778527677059,0.0031908899545669556,0.0031800013966858387,0.0031775562092661858,0.003181556472554803,0.003189111826941371,0.0031997784972190857,0.003211111994460225,0.0032257784623652697,0.003239779034629464,0.0032526685390621424,0.003256889758631587,0.003254889277741313,0.0032368898391723633,0.0031833341345191,0.003089779056608677,0.0029793335124850273,0.002881779335439205,0.0028364446479827166,0.0028133343439549208,0.0027726665139198303,0.002710667671635747,0.002638445235788822,0.002583556342869997,0.0025433343835175037,0.002489111851900816,0.0024202230852097273,0.0023442234378308058,0.002277111867442727,0.0022180010564625263,0.0021657790057361126,0.0021086670458316803,0.002044889610260725,0.0019782227464020252,0.0019108892884105444,0.0018368889577686787,0.0017582231666892767,0.0016722232103347778,0.001549334148876369,0.001216222415678203,0.0009548895759508014
179,235829,1143,2024-10-23,29.233,29.212,-93.278,-93.26,29.2225,-93.269,9.1,,,30.0,140.0,,,,,,,9.9,15.6,15.6,25.85,25.69,25.71,31.74,32.13,32.44,8.93,9.075,9.745,7.0,6.6,5.5,53.1548,50.5003,30.8464,527.9193206949716,0.0020346667151898146,0.00205399957485497,0.0022040021140128374,0.002135333837941289,0.0021726663690060377,0.0026973336935043335,0.0031406667549163103,0.003356667933985591,0.0035059999208897352,0.0034046669024974108,0.0032846692483872175,0.0036560010630637407,0.004114667419344187,0.003997333347797394,0.003818667260929942,0.004130000714212656,0.004612667020410299,0.004748667124658823,0.0047799996100366116,0.004887333605438471,0.005484001245349646,0.0059120007790625095,0.005754666868597269,0.005564667284488678,0.005584000144153833,0.005627334117889404,0.005692668259143829,0.005781335290521383,0.005856001283973455,0.00598333403468132,0.006068000104278326,0.006144000682979822,0.006246001925319433,0.006384667009115219,0.006704668048769236,0.006893999874591827,0.0068960003554821014,0.007000667508691549,0.007160000503063202,0.007291334215551615,0.007500001695007086,0.007836666889488697,0.008097999729216099,0.00825133454054594,0.008427334018051624,0.008574668318033218,0.008769333362579346,0.008884000591933727,0.008978000842034817,0.009060666896402836,0.009217333979904652,0.009443999268114567,0.009684001095592976,0.009920001029968262,0.010143999941647053,0.010292001068592072,0.01049400120973587,0.010659334249794483,0.010709334164857864,0.010798667557537556,0.010947334580123425,0.01104199979454279,0.01117133442312479,0.011298000812530518,0.011410667560994625,0.01150533277541399,0.011587333865463734,0.011600668542087078,0.011651333421468735,0.011811334639787674,0.011985334567725658,0.012069333344697952,0.012200000695884228,0.012313333339989185,0.012379334308207035,0.012384001165628433,0.012414666824042797,0.012453333474695683,0.0124726677313447,0.012461334466934204,0.012416001409292221,0.012348000891506672,0.012304000556468964,0.012265332974493504,0.012254667468369007,0.012296668253839016,0.012336667627096176,0.012320667505264282,0.012250668369233608,0.012074667029082775,0.01188933476805687,0.011668668128550053,0.011408668011426926,0.01111600175499916,0.010783334262669086,0.01032333355396986,0.009736667387187481,0.00893066730350256,0.005043333861976862,0.00498333340510726,0.004930002149194479,0.00485466793179512,0.0047760009765625,0.004656667355448008,0.004509334918111563,0.004435334354639053,0.004462001379579306,0.004475332796573639,0.004433333873748779,0.004374001175165176,0.00434533366933465,0.004307334776967764,0.004265335854142904,0.004204666707664728,0.004133333917707205,0.004062667489051819,0.003994668368250132,0.003948668483644724,0.0039206682704389095,0.0038806672673672438,0.003823333652690053,0.0037526674568653107,0.003678668290376663,0.0035866673570126295,0.0035140018444508314,0.0034480008762329817,0.0033973355311900377,0.003354000626131892,0.003316666930913925,0.0032866671681404114,0.003259333549067378,0.0032393347937613726,0.003226000815629959,0.003212000010535121,0.0032073333859443665,0.0032033335883170366,0.003202668158337474,0.0032013345044106245,0.003208000212907791,0.003205999732017517,0.003210000693798065,0.00320666772313416,0.00319666787981987,0.003180667757987976,0.0031533341389149427,0.0030846670269966125,0.002973334165289998,0.002851334633305669,0.0027406674344092607,0.0026920002419501543,0.0026646677870303392,0.0026286665815860033,0.0025626670103520155,0.0024940024595707655,0.002448001177981496,0.002409334061667323,0.0023600012063980103,0.0022926677484065294,0.0022173337638378143,0.002159334719181061,0.0021120000164955854,0.002074000658467412,0.0020273339468985796,0.001963333459571004,0.0018999999156221747,0.00183066725730896,0.0017660012235864997,0.0016946668038144708,0.001605334342457354,0.0014833348104730248,0.0011233339319005609,0.000854000449180603
180,235830,1143,2024-10-24,29.11,29.091,-93.193,-93.173,29.1005,-93.183,11.2,,,30.0,94.8,,,,,,,10.9,19.7,19.7,26.05,26.03,26.17,32.39,33.45,33.58,8.18,7.525,8.862,7.0,6.6,6.1,65.5655,64.4201,35.8191,517.922421359938,0.003345334203913808,0.0037677788641303778,0.0039875563234090805,0.003975112922489643,0.004016667604446411,0.004228667356073856,0.004356001503765583,0.004459334537386894,0.004502445925027132,0.004450000822544098,0.004358889535069466,0.0045273336581885815,0.004690889734774828,0.0044915564358234406,0.0044113341718912125,0.004644223488867283,0.004806668031960726,0.004859111737459898,0.0048011112958192825,0.004846223630011082,0.0052113342098891735,0.005384000949561596,0.005222667939960957,0.005109778605401516,0.005157111678272486,0.005159778520464897,0.005135111976414919,0.005180889740586281,0.005235111806541681,0.0053044455125927925,0.0053535569459199905,0.005405334290117025,0.005468001589179039,0.005546667613089085,0.0057151117362082005,0.005794001743197441,0.005798446014523506,0.005867111496627331,0.005964444950222969,0.006052000913769007,0.006212667562067509,0.006391111761331558,0.00652800127863884,0.006658445578068495,0.006810445338487625,0.006925778463482857,0.00706311222165823,0.0071860007010400295,0.007308890577405691,0.007394000887870789,0.007524444721639156,0.007663333788514137,0.00782666727900505,0.007984444499015808,0.008159334771335125,0.008288000710308552,0.008441112004220486,0.008559112437069416,0.008609778247773647,0.00866333395242691,0.008748000487685204,0.008810888975858688,0.008889555931091309,0.008935779333114624,0.00898000132292509,0.008976001292467117,0.008934668265283108,0.008866000920534134,0.008853556588292122,0.008936223573982716,0.009040890261530876,0.0091122230514884,0.009207556955516338,0.0092853344976902,0.009324667043983936,0.009315778501331806,0.009319111704826355,0.00930577889084816,0.009276668541133404,0.009214667603373528,0.009140890091657639,0.009034222923219204,0.008943334221839905,0.008882888592779636,0.008856000378727913,0.008865556679666042,0.008872889913618565,0.008836222812533379,0.008749334141612053,0.00859800074249506,0.008416001684963703,0.008190668188035488,0.007938890717923641,0.007621778175234795,0.007270668167620897,0.006824445445090532,0.006341557018458843,0.005746444687247276,0.0028906671795994043,0.0028506682720035315,0.0028155562467873096,0.002769778249785304,0.002724000485613942,0.002674222458153963,0.0026097786612808704,0.0025684451684355736,0.0025588897988200188,0.0025353345554322004,0.0025186671409755945,0.0024937791749835014,0.0024775564670562744,0.0024533336982131004,0.0024271118454635143,0.0023971116170287132,0.002361779101192951,0.002324000932276249,0.0022877780720591545,0.0022588903084397316,0.0022304446902126074,0.0021973338443785906,0.002164446283131838,0.0021180014591664076,0.002078889636322856,0.0020275567658245564,0.0019797789864242077,0.001940001267939806,0.001908445148728788,0.0018817790551111102,0.0018604451324790716,0.0018408894538879395,0.001833778340369463,0.001823333790525794,0.0018186672823503613,0.001816223026253283,0.0018144460627809167,0.0018146679503843188,0.0018168898532167077,0.0018191118724644184,0.0018222228391095996,0.0018248897977173328,0.001825112383812666,0.001822223304770887,0.0018173339776694775,0.0018068900099024177,0.001790223061107099,0.0017626674380153418,0.0017097786767408252,0.001653556595556438,0.001602890552021563,0.0015720004448667169,0.0015475563704967499,0.0015117786824703217,0.001462889602407813,0.0014113341458141804,0.0013755559921264648,0.0013495563762262464,0.00132022297475487,0.0012848894111812115,0.0012424455489963293,0.0012040010187774897,0.0011720007751137018,0.0011395567562431097,0.001113778562285006,0.0010815556161105633,0.0010484452359378338,0.0010133348405361176,0.000972889771219343,0.0009291122551076114,0.0008802235824987292,0.000820445129647851,0.0006380010745488107,0.0004833336570300162
181,235831,1143,2024-10-24,28.916,28.903,-92.796,-92.903,28.9095,-92.8495,13.9,,,30.0,101.3,,,,,,,15.0,25.8,25.8,25.45,26.1,26.39,32.33,33.38,33.64,9.161,7.998,10.422,6.9,6.3,6.2,49.9327,53.4372,33.0777,521.8119946889996,0.005175778642296791,0.005565111991018057,0.005720668006688356,0.005690668243914843,0.005725111346691847,0.005915778689086437,0.006052889861166477,0.006134889088571072,0.0061366674490273,0.006079111713916063,0.0059404452331364155,0.006080223713070154,0.006255778484046459,0.006034445483237505,0.0059442236088216305,0.006190445739775896,0.006306889466941357,0.006339112296700478,0.006284445058554411,0.006314222700893879,0.006647556554526091,0.006801334209740162,0.006602445617318153,0.006441556382924318,0.006428889464586973,0.006399333942681551,0.006355778779834509,0.00636044517159462,0.006377334240823984,0.00641688983887434,0.0064393337815999985,0.006466445047408342,0.006502001080662012,0.006539556663483381,0.006658000871539116,0.006679334212094545,0.006634001154452562,0.006668223068118095,0.006744000129401684,0.006824000738561153,0.0069737788289785385,0.007151556666940451,0.007300890050828457,0.007404223084449768,0.007537112571299076,0.007639334537088871,0.007751112338155508,0.00785533431917429,0.007979334332048893,0.008060221560299397,0.008187999948859215,0.008343555964529514,0.008520667441189289,0.008686667308211327,0.008884000591933727,0.009020890109241009,0.009156223386526108,0.009253556840121746,0.009294001385569572,0.009341556578874588,0.009435111656785011,0.009511332958936691,0.00961866695433855,0.009696667082607746,0.00978688895702362,0.009846667759120464,0.009884222410619259,0.009888001717627048,0.009940221905708313,0.010071777738630772,0.010228444822132587,0.010335777886211872,0.010453111492097378,0.010554445907473564,0.010635556653141975,0.010664001107215881,0.010719113051891327,0.010749335400760174,0.010769556276500225,0.010760223492980003,0.010747112333774567,0.010707556270062923,0.010670889168977737,0.01067177765071392,0.010719112120568752,0.010798224247992039,0.010870222002267838,0.010881777852773666,0.010821111500263214,0.010682222433388233,0.010505556128919125,0.01027555763721466,0.010001112706959248,0.009654666297137737,0.00927733350545168,0.008771111257374287,0.008199557662010193,0.007471112534403801,0.003907778766006231,0.003855333663523197,0.0037984454538673162,0.0037384452298283577,0.003682668088003993,0.0036051119677722454,0.0035246668849140406,0.003472444601356983,0.00344755663536489,0.0034204451367259026,0.0034051118418574333,0.0033715565223246813,0.0033500008285045624,0.0033188897650688887,0.0032837791368365288,0.0032417785841971636,0.0031911113765090704,0.00313622341491282,0.003087111981585622,0.003048444865271449,0.003013778477907181,0.0029691127128899097,0.0029215561226010323,0.0028553344309329987,0.0027982229366898537,0.0027217785827815533,0.0026486676651984453,0.0025922234635800123,0.0025466675870120525,0.002509334124624729,0.0024766672868281603,0.0024442230351269245,0.00242555676959455,0.0024064453318715096,0.0024004450533539057,0.0023962233681231737,0.0023991118650883436,0.0024066679179668427,0.0024142228066921234,0.00242444546893239,0.00243955641053617,0.0024508896749466658,0.0024624455254524946,0.0024731121957302094,0.0024731121957302094,0.0024740013759583235,0.0024648893158882856,0.002430667169392109,0.002377111930400133,0.002311778487637639,0.002249334007501602,0.0022140012588351965,0.002171778120100498,0.002115334151312709,0.002048000693321228,0.0019851119723170996,0.0019360011210665107,0.0018986670766025782,0.0018517784774303436,0.001792889554053545,0.0017313340213149786,0.0016751124057918787,0.0016282229917123914,0.0015855564270168543,0.001542000682093203,0.0014953339705243707,0.0014466672437265515,0.0013915561139583588,0.0013377786381170154,0.0012764454586431384,0.0012066670460626483,0.0011220007436349988,0.0008902226691134274,0.0006988901295699179
182,235832,1143,2024-10-24,28.78,28.79,-92.8,-92.774,28.785,-92.787,16.5,,,30.0,63.2,,,,,,,15.9,29.9,29.9,25.92,26.56,27.02,32.67,33.39,34.45,8.077,7.51,6.817,8.3,4.6,3.5,54.2166,56.9558,45.8827,519.0440856652591,0.006783500779420137,0.007221500854939222,0.007429751101881266,0.007321000564843416,0.007353500463068485,0.007602000143378973,0.007667500991374254,0.007737000938504934,0.0077357511036098,0.007615000940859318,0.007474750280380249,0.007608500774949789,0.007774000521749258,0.007552501279860735,0.007425000425428152,0.007671000901609659,0.007789250463247299,0.007843250408768654,0.007755001075565815,0.007760250475257635,0.008096250705420971,0.008244000375270844,0.008056500926613808,0.007882500998675823,0.007854001596570015,0.007824250496923923,0.007773750927299261,0.007778751198202372,0.007783250417560339,0.007807501126080751,0.007825251668691635,0.007849500514566898,0.007888000458478928,0.007919751107692719,0.00804550014436245,0.008098500780761242,0.008057251572608948,0.008086251094937325,0.008179500699043274,0.008261001668870449,0.008414000272750854,0.008607501164078712,0.008783751167356968,0.008903000503778458,0.009040500968694687,0.009140001609921455,0.00927475094795227,0.0093927513808012,0.00951475091278553,0.009596250019967556,0.009733750484883785,0.009881502017378807,0.010066000744700432,0.010238250717520714,0.010440501384437084,0.010579001158475876,0.010730251669883728,0.010853752493858337,0.010891000740230083,0.010929501615464687,0.011023500934243202,0.011087500490248203,0.011181751266121864,0.011245000176131725,0.011313501745462418,0.011344000697135925,0.01135375164449215,0.011347001418471336,0.011384250596165657,0.011494751088321209,0.01164100132882595,0.01175325084477663,0.011872250586748123,0.011970750987529755,0.01205025240778923,0.01205350086092949,0.012088000774383545,0.012117750011384487,0.012119250372052193,0.012085750699043274,0.01205925177782774,0.011988000944256783,0.011930501088500023,0.011915001086890697,0.01193150132894516,0.011990999802947044,0.012044752016663551,0.012034500017762184,0.011959000490605831,0.011787250638008118,0.011568000540137291,0.011300500482320786,0.010995500721037388,0.010616252198815346,0.010191249661147594,0.009631499648094177,0.008999750018119812,0.00818525068461895,0.004317750688642263,0.004262750968337059,0.004206000827252865,0.0041387504898011684,0.004070750437676907,0.003981000743806362,0.0038830009289085865,0.0038207508623600006,0.003800750710070133,0.003773750737309456,0.0037457505241036415,0.003709001000970602,0.0036875014193356037,0.0036617512814700603,0.0036272513680160046,0.0035742507316172123,0.0035095009952783585,0.0034472509287297726,0.0033907508477568626,0.003348001278936863,0.00331350089982152,0.003267250955104828,0.003214250784367323,0.003143751062452793,0.0030837510712444782,0.003003000747412443,0.0029257507994771004,0.0028695003129541874,0.002824251540005207,0.0027805017307400703,0.0027500013820827007,0.0027167503722012043,0.0026972508057951927,0.0026832502335309982,0.0026705004274845123,0.002663250546902418,0.0026600006967782974,0.0026547512970864773,0.002661250066012144,0.00266775069758296,0.00267650093883276,0.0026902509853243828,0.002695750445127487,0.002701000776141882,0.0026992508210241795,0.0026932512409985065,0.002679751254618168,0.002640750724822283,0.002578000072389841,0.0025057513266801834,0.002440000418573618,0.0023977509699761868,0.002347750123590231,0.002282500732690096,0.002202501054853201,0.002132250927388668,0.0020822500810027122,0.002043250948190689,0.001995251514017582,0.0019300011917948723,0.0018620011396706104,0.0017987508326768875,0.0017510009929537773,0.0017062509432435036,0.0016610012389719486,0.0016120001673698425,0.0015585003420710564,0.001503001432865858,0.0014440002851188183,0.0013770004734396935,0.0012995009310543537,0.0012037497945129871,0.0009530005045235157,0.0007565007545053959
183,235833,1143,2024-10-24,28.826,28.802,-92.645,-92.652,28.814,-92.6485,16.5,,,30.0,68.6,,,,,,,16.1,29.7,29.7,26.29,26.31,26.62,33.79,33.81,34.12,7.04,7.09,7.938,6.4,6.4,6.2,63.4356,63.8303,36.3438,,,,,,,,,,,,,,,,,,,,,,,,,,,,,,,,,,,,,,,,,,,,,,,,,,,,,,,,,,,,,,,,,,,,,,,,,,,,,,,,,,,,,,,,,,,,,,,,,,,,,,,,,,,,,,,,,,,,,,,,,,,,,,,,,,,,,,,,,,,,,,,,,,,,,,,,,,,,,,,,,,,,,,,,,,,,,
184,235834,1143,2024-10-24,28.578,28.579,-92.365,-92.395,28.5785,-92.38,22.3,,,30.0,63.2,,,,,,,21.0,39.0,39.0,26.0,26.72,27.16,33.71,34.57,35.76,7.356,6.588,6.036,6.5,6.0,5.9,62.7999,65.426,58.6962,,,,,,,,,,,,,,,,,,,,,,,,,,,,,,,,,,,,,,,,,,,,,,,,,,,,,,,,,,,,,,,,,,,,,,,,,,,,,,,,,,,,,,,,,,,,,,,,,,,,,,,,,,,,,,,,,,,,,,,,,,,,,,,,,,,,,,,,,,,,,,,,,,,,,,,,,,,,,,,,,,,,,,,,,,,,,
185,235835,1143,2024-10-24,28.543,28.538,-92.285,-92.256,28.5405,-92.2705,25.8,,,30.0,26.7,,,,,,,24.0,45.1,45.1,25.62,27.13,27.55,33.75,35.83,36.26,7.432,5.22,5.274,6.6,6.2,5.9,60.4293,79.024,70.0762,481.3975624470534,0.00816133338958025,0.008482001721858978,0.008598667569458485,0.008494667708873749,0.00843933504074812,0.008685334585607052,0.008641333319246769,0.008536000736057758,0.008723334409296513,0.00857200101017952,0.008353333920240402,0.008526667952537537,0.00867533404380083,0.008370667695999146,0.008048001676797867,0.008257334120571613,0.008333333767950535,0.00833133514970541,0.008165333420038223,0.008190668188035488,0.008580000139772892,0.008626001887023449,0.008281335234642029,0.008014000952243805,0.007950001396238804,0.007800667081028223,0.007703334093093872,0.007630668580532074,0.007529334630817175,0.007538667414337397,0.0075073339976370335,0.007450667675584555,0.007417334709316492,0.007398000452667475,0.007486000657081604,0.007492000702768564,0.007407335098832846,0.007342000957578421,0.0072946674190461636,0.007320000324398279,0.0073540001176297665,0.007395333144813776,0.007430000696331263,0.00743600120767951,0.007496000733226538,0.007541333790868521,0.007584667298942804,0.007637999951839447,0.007674667984247208,0.007629334926605225,0.00763533404096961,0.007654666900634766,0.007660668343305588,0.007674001157283783,0.0076793343760073185,0.0076593332923948765,0.007680001202970743,0.007678666617721319,0.00755600119009614,0.007444667164236307,0.007347334176301956,0.007206667214632034,0.007053334265947342,0.006861334200948477,0.0066306679509580135,0.0063606672920286655,0.0060280016623437405,0.005686666816473007,0.005432667676359415,0.005378000438213348,0.005352000240236521,0.005267334636300802,0.005242666695266962,0.005204000975936651,0.005119334906339645,0.005020666867494583,0.004911334719508886,0.004805333912372589,0.0046913339756429195,0.004540668334811926,0.004413334187120199,0.004237333778291941,0.004070668015629053,0.0039460002444684505,0.003838668344542384,0.003791334806010127,0.0037246670108288527,0.0036380004603415728,0.003534668358042836,0.0033680014312267303,0.0032060008961707354,0.003046001074835658,0.002853335114195943,0.0026646677870303392,0.0024580012541264296,0.0022306691389530897,0.0020100015681236982,0.0017660012235864997,0.000751333951484412,0.0007260019774548709,0.0007539999787695706,0.0007326665217988193,0.000708001374732703,0.0006933349068276584,0.0006580017507076263,0.0006506666541099548,0.0006433340604417026,0.0006100001628510654,0.0006193332374095917,0.0006313349003903568,0.0006300012464635074,0.0006020006840117276,0.0005980010027997196,0.0005880010430701077,0.0005720009212382138,0.0005746670067310333,0.0005606673657894135,0.000544001639354974,0.0005366678233258426,0.000524000555742532,0.0005186684429645538,0.0005206677014939487,0.0005173347890377045,0.0005026658182032406,0.0004900011117570102,0.0004786687495652586,0.0004666683671530336,0.0004700012505054474,0.00046533471322618425,0.00046200180076994,0.0004586676659528166,0.00045533478260040283,0.00044866776443086565,0.00045066699385643005,0.000448666512966156,0.000448666512966156,0.0004586676659528166,0.0004560003580991179,0.00045533478260040283,0.0004573352634906769,0.00045733401202596724,0.00045000016689300537,0.00044533362961374223,0.0004360005259513855,0.00041400143527425826,0.0003926666977349669,0.00036866715527139604,0.00035466751432977617,0.0003520014288369566,0.00034799924469552934,0.0003466680645942688,0.0003313335182610899,0.0003193331358488649,0.0003106681106146425,0.0002953335642814636,0.00028533488512039185,0.0002766673860605806,0.0002693335118237883,0.00027133524417877197,0.0002693347632884979,0.00025533512234687805,0.00024466714239679277,0.00023866817355155945,0.00023200114083010703,0.00022933508444111794,0.00021733343601226807,0.0002000008971663192,0.00018200029444415122,0.00016066680836956948,0.00013666848826687783,7.066627586027607e-05,5.9333939134376124e-05
186,235919,1145,2024-10-01,30.127,30.125,-87.746,-87.716,30.126,-87.731,14.6,10.7,36.0,30.0,69.3,,,,3.0,,,,,,,,,,,,,,,,,,,,,511.27791726990887,0.003716445527970791,0.0038515564519912004,0.003940444905310869,0.003828000742942095,0.003835556795820594,0.0040097786113619804,0.004053778480738401,0.004080667160451412,0.004056890495121479,0.003972001373767853,0.003909556195139885,0.004058667458593845,0.00420244550332427,0.004038223531097174,0.003970223944634199,0.004200667608529329,0.004299333784729242,0.0042835562489926815,0.0041935560293495655,0.004206889774650335,0.004486223217099905,0.004556222818791866,0.00435955636203289,0.004205112345516682,0.004196222871541977,0.004172667395323515,0.004150000866502523,0.004164222627878189,0.00417333422228694,0.004198223352432251,0.004199556540697813,0.004205556586384773,0.0042188894003629684,0.004264000803232193,0.004367111716419458,0.0044113341718912125,0.004374222829937935,0.004396222997456789,0.004436889663338661,0.004482889547944069,0.004575334955006838,0.004662001505494118,0.004712444264441729,0.004778000526130199,0.004870889242738485,0.0049502234905958176,0.005029556341469288,0.005112889222800732,0.005188888870179653,0.0052584451623260975,0.005357334390282631,0.005465555936098099,0.00557355722412467,0.005671778228133917,0.005766445305198431,0.005826222710311413,0.005906667560338974,0.005982000380754471,0.005992445629090071,0.006028222851455212,0.006093556527048349,0.006145111285150051,0.006195778027176857,0.006231333594769239,0.006264223251491785,0.006264445371925831,0.006226889789104462,0.006174668204039335,0.006180445197969675,0.006255334243178368,0.006340667139738798,0.006400889717042446,0.006473556160926819,0.0065400018356740475,0.0065740011632442474,0.006565334275364876,0.006558000575751066,0.006524445489048958,0.0064728897996246815,0.0064066676422953606,0.006333556491881609,0.00624355673789978,0.006149334833025932,0.006074889563024044,0.006040224339812994,0.0060255560092628,0.006004223600029945,0.0059560006484389305,0.005869778338819742,0.005744222551584244,0.005592223256826401,0.0054128896445035934,0.005199778825044632,0.004943334497511387,0.004635555669665337,0.00427711196243763,0.0038960007950663567,0.003476667683571577,0.0016526678809896111,0.0016235564835369587,0.0016111114528030157,0.0015922238817438483,0.0015673339366912842,0.0015420014970004559,0.0015151120023801923,0.0014928898308426142,0.0014735563891008496,0.0014446680434048176,0.0014291120460256934,0.0014071116456761956,0.0013911115238443017,0.0013744453899562359,0.0013580011436715722,0.0013382224133238196,0.0013104449026286602,0.0012862227158620954,0.0012640008935704827,0.001249557128176093,0.0012331116013228893,0.001212223549373448,0.0011906669242307544,0.0011644454207271338,0.0011411122977733612,0.0011135563254356384,0.0010897782631218433,0.0010680010309442878,0.0010515558533370495,0.0010393341071903706,0.001028890023007989,0.001022889744490385,0.0010177782969549298,0.0010160005185753107,0.0010184451239183545,0.001018222887068987,0.0010206670267507434,0.001025778939947486,0.0010288895573467016,0.0010304446332156658,0.0010324451141059399,0.001034890185110271,0.0010362234897911549,0.0010348898358643055,0.001032667001709342,0.001024890225380659,0.0010122230742126703,0.0009962233016267419,0.0009742234251461923,0.0009535567369312048,0.0009315564529970288,0.0009053345420397818,0.0008748897816985846,0.0008371112053282559,0.0007975560729391873,0.0007635562215000391,0.0007433348800987005,0.0007251124479807913,0.0007048898842185736,0.0006820004782639444,0.0006586673553101718,0.0006373338401317596,0.0006168902618810534,0.0006000006105750799,0.0005842227838002145,0.0005640010931529105,0.0005468891467899084,0.0005268897511996329,0.00050688988994807,0.00048422274994663894,0.00046089000534266233,0.0004291124641895294,0.0003486672940198332,0.0002846672432497144
187,235920,1145,2024-10-01,30.168,30.143,-87.494,-87.496,30.1555,-87.495,26.5,6.2,,30.0,6.9,,,,25.0,14.0,,,,,,,,,,,,,,,,,,,,500.5042315421555,0.003244667313992977,0.0033015559893101454,0.003310667583718896,0.00320444512180984,0.0032204454764723778,0.0033977788407355547,0.0034255560021847486,0.0034122231882065535,0.00337822362780571,0.0032800009939819574,0.0032057787757366896,0.0033186674118041992,0.00346266757696867,0.003299111733213067,0.0032215556129813194,0.003420446068048477,0.003483333857730031,0.003451778320595622,0.003348445752635598,0.003349112579599023,0.003605556907132268,0.00365088926628232,0.003449556417763233,0.003301779041066766,0.0032915568444877863,0.0032708896324038506,0.0032435564789921045,0.0032517786603420973,0.003259112127125263,0.003279778640717268,0.00327511178329587,0.0032775572035461664,0.003290223190560937,0.0033268891274929047,0.003428445430472493,0.0034660010132938623,0.0034153345040977,0.003423778573051095,0.0034391123335808516,0.0034642235841602087,0.0035275565460324287,0.003563778707757592,0.0035806680098176003,0.003620445728302002,0.0036802233662456274,0.003734889440238476,0.003795779077336192,0.0038613341748714447,0.003908223006874323,0.003946888726204634,0.004007111769169569,0.004068445414304733,0.004126222804188728,0.004183333832770586,0.004233778920024633,0.00425800122320652,0.0043091122061014175,0.004352667834609747,0.004329556133598089,0.00432911142706871,0.0043382225558161736,0.004334667231887579,0.00432533398270607,0.004295778926461935,0.0042577781714499,0.004189112689346075,0.004088445566594601,0.003980444744229317,0.003930001053959131,0.00393933430314064,0.003951111808419228,0.0039453343488276005,0.003964222967624664,0.003981111571192741,0.003971779253333807,0.003931778483092785,0.0038971113972365856,0.0038493338506668806,0.0037900011520832777,0.0037202234379947186,0.003644001204520464,0.0035733345430344343,0.003499333979561925,0.0034273341298103333,0.0033815556671470404,0.003350223181769252,0.0033128890208899975,0.0032620010897517204,0.00319622247479856,0.0031142234802246094,0.0030173345003277063,0.0029091122560203075,0.0027764448896050453,0.0026206672191619873,0.002438000403344631,0.002239556284621358,0.0020344452932476997,0.0018142230110242963,0.0008553341031074524,0.0008371116127818823,0.0008297790191136301,0.0008166676852852106,0.0008053340716287494,0.0007968892459757626,0.0007811118266545236,0.0007693332736380398,0.0007582228281535208,0.0007360006566159427,0.0007215560181066394,0.0007066673133522272,0.0006973345880396664,0.0006871115765534341,0.0006771120824851096,0.000668445834890008,0.0006540003814734519,0.0006413343944586813,0.0006311121978797019,0.0006224450771696866,0.0006097786827012897,0.000599111954215914,0.0005877788062207401,0.0005744451191276312,0.0005640010931529105,0.0005480013787746429,0.0005368896527215838,0.0005262233316898346,0.0005191113450564444,0.0005122232832945883,0.0005060012335889041,0.0005015569622628391,0.0004997787182219326,0.0004993345937691629,0.0005013346672058105,0.0005002237157896161,0.0005013346672058105,0.000503778865095228,0.0005044456920586526,0.0005048902239650488,0.00050688988994807,0.0005082227289676666,0.0005088895559310913,0.0005075559020042419,0.0005046671722084284,0.0004993341863155365,0.0004915565950796008,0.0004831117985304445,0.00046755580115132034,0.0004562238755170256,0.00044422264909371734,0.0004304457106627524,0.00041644522571004927,0.00039466677117161453,0.0003724450070876628,0.0003528897068463266,0.00034155615139752626,0.0003340016701258719,0.0003231118025723845,0.0003128891985397786,0.00030200142646208405,0.0002926679153461009,0.0002833339967764914,0.0002751114370767027,0.0002677792508620769,0.000257111678365618,0.0002497786481399089,0.00024133382248692214,0.00023111121845431626,0.0002204457123298198,0.00020889026927761734,0.00019111235451418906,0.0001473348238505423,0.00010866754746530205
188,235921,1145,2024-10-01,30.349,30.324,-86.892,-86.891,30.3365,-86.8915,21.6,6.9,331.0,30.0,7.5,,,,,12.0,,,,,,,,,,,,,,,,,,,,497.7137810625416,0.003453001379966736,0.003484667045995593,0.0034706678707152605,0.003291334258392453,0.003244000254198909,0.003426334587857127,0.003462000982835889,0.0034426674246788025,0.003399667562916875,0.0032766677904874086,0.0031683333218097687,0.0032840005587786436,0.003391001373529434,0.003143667010590434,0.003023668425157666,0.0032246678601950407,0.0032826680690050125,0.0031970005948096514,0.0030503347516059875,0.0030440010596066713,0.0032960015814751387,0.003316334215924144,0.0030823342967778444,0.0028916678857058287,0.0028350010979920626,0.00278233434073627,0.0027356669306755066,0.0027273341547697783,0.002704000798985362,0.002693668007850647,0.002664667321369052,0.0026313334237784147,0.002614334924146533,0.0026330009568482637,0.002707001520320773,0.0027373346965759993,0.002669667126610875,0.0026363346260041,0.002617334946990013,0.0026146676391363144,0.0026483337860554457,0.002667667344212532,0.002661334350705147,0.002679334254935384,0.0027303334791213274,0.0027580007445067167,0.0027766674757003784,0.0028090011328458786,0.0028283342253416777,0.002842334331944585,0.002880667569115758,0.00291433441452682,0.0029466673731803894,0.0029883335810154676,0.0030173342674970627,0.003012334229424596,0.0030400000978261232,0.0030653339345008135,0.003023001132532954,0.0030143342446535826,0.003031667321920395,0.003034668043255806,0.0030413351487368345,0.0030503340531140566,0.0030463344883173704,0.0030113346874713898,0.002959334524348378,0.002905667992308736,0.0028826668858528137,0.002901001600548625,0.0029166676104068756,0.0029083341360092163,0.00292833405546844,0.0029460012447088957,0.0029336672741919756,0.0029013343155384064,0.002870667725801468,0.002822668058797717,0.0027786672580987215,0.0027276675682514906,0.002676335396245122,0.0026326682418584824,0.0025856674183160067,0.002545000985264778,0.0025240008253604174,0.0025203346740454435,0.0025130019057542086,0.002483667805790901,0.002438001334667206,0.0023906677961349487,0.002339334459975362,0.0022666670847684145,0.0021640018094331026,0.002049000933766365,0.00190800114069134,0.0017436668276786804,0.0015796670923009515,0.001428334042429924,0.0005850009620189667,0.0005670015816576779,0.0005716681480407715,0.0005636668647639453,0.0005506674642674625,0.0005443338304758072,0.0005360015784390271,0.000530001416336745,0.0005110011552460492,0.0004900004714727402,0.00048800124204717577,0.0004753346147481352,0.00046633495367132127,0.00045900107943452895,0.00045233406126499176,0.0004496673645917326,0.00043966807425022125,0.00043233358883298934,0.0004273348895367235,0.0004216674715280533,0.0004110007139388472,0.0003983347269240767,0.00038833418511785567,0.0003736677172128111,0.00036633448326028883,0.0003523336199577898,0.00033700032508932054,0.00032433433807455003,0.00031233392655849457,0.0003060009330511093,0.00030233399593271315,0.00030166716896928847,0.00030233399593271315,0.0003043338656425476,0.00031133368611335754,0.0003133341670036316,0.0003186675312463194,0.0003266675921622664,0.00033366805291734636,0.00033866739249788225,0.00034766769385896623,0.0003523336199577898,0.0003563339414540678,0.000361001119017601,0.0003626681864261627,0.00036066770553588867,0.0003570007684174925,0.0003526676446199417,0.00034533379948697984,0.0003440001455601305,0.0003350010665599257,0.0003240015357732773,0.00030466727912425995,0.000280000880593434,0.0002613340911921114,0.00024133424449246377,0.00022766739130020142,0.00021633505821228027,0.0002016679645748809,0.0001916674227686599,0.00018566784274298698,0.00017766717064660043,0.0001706673501757905,0.00016433435666840523,0.00015700112271588296,0.00014766740787308663,0.00014400047075469047,0.00013633444905281067,0.00012966741633135825,0.00012300039816182107,0.00011600057041505352,0.00010766772174974903,9.833524381974712e-05,9.000053250929341e-05
189,235922,1145,2024-10-01,30.318,30.299,-86.613,-86.631,30.3085,-86.622,25.2,8.3,206.0,30.0,11.3,,,,4.0,8.0,,,,,,,,,,,,,,,,,,,,503.67178880744376,0.003866889514029026,0.0038397787138819695,0.003825334133580327,0.0036715567111968994,0.003607111983001232,0.003742222674190998,0.0037437789142131805,0.003682889509946108,0.0035726672504097223,0.0034535559825599194,0.0033404449932277203,0.003388000885024667,0.003510001115500927,0.003299111733213067,0.003142889589071274,0.0033026672899723053,0.0033600006718188524,0.003290667664259672,0.0031346678733825684,0.003082889597862959,0.003326890291646123,0.0033684452064335346,0.003133556107059121,0.0029326672665774822,0.002881112275645137,0.0028248897287994623,0.002767778467386961,0.002744890283793211,0.002721334109082818,0.002707334468141198,0.0026562234852463007,0.0026262227911502123,0.002602667547762394,0.0026051125023514032,0.0026684452313929796,0.002664889208972454,0.002585778944194317,0.002565777860581875,0.0025562234222888947,0.0025433339178562164,0.0025595570914447308,0.0025720009580254555,0.0025640008971095085,0.0025828895159065723,0.0026177784893661737,0.002638001460582018,0.002654223470017314,0.002680889330804348,0.0026935567148029804,0.0027026673778891563,0.002739778719842434,0.0027773333713412285,0.0028137783519923687,0.0028526675887405872,0.002886668313294649,0.002883556764572859,0.002906223526224494,0.0029231118969619274,0.0028775562532246113,0.002868667710572481,0.002873778808861971,0.00288088945671916,0.002897556871175766,0.002902667038142681,0.002910000504925847,0.002899112878367305,0.002876222599297762,0.0028491115663200617,0.002846444956958294,0.0028733338695019484,0.0028917789459228516,0.0028851116076111794,0.0029017787892371416,0.0029208892956376076,0.002912667114287615,0.0028813336975872517,0.002860001055523753,0.0028140011709183455,0.0027631123084574938,0.0027168893720954657,0.0026737796142697334,0.00264000054448843,0.0026080007664859295,0.0025793341919779778,0.0025728894397616386,0.0025811116211116314,0.002585778711363673,0.0025742228608578444,0.0025466675870120525,0.00251400051638484,0.0024733340833336115,0.002420000731945038,0.002344222506508231,0.0022502231877297163,0.002128445543348789,0.001978668151423335,0.0018140015890821815,0.0016391120152547956,0.0007713341619819403,0.000756000867113471,0.0007562227547168732,0.0007444450166076422,0.0007308899657800794,0.0007228896720334888,0.0007088896236382425,0.0007000014884397388,0.0006877784035168588,0.0006673344178125262,0.0006613342557102442,0.0006522230105474591,0.0006453341338783503,0.0006348892347887158,0.0006282234098762274,0.0006228892598301172,0.0006102232728153467,0.0006028898060321808,0.0005913343629799783,0.0005831122398376465,0.00056955631589517,0.0005546680185943842,0.000544444948900491,0.0005337786278687418,0.0005268905661068857,0.0005144451861269772,0.0005020010867156088,0.0004862224159296602,0.00047622330021113157,0.0004691117210313678,0.0004660006961785257,0.0004631123738363385,0.0004640014667529613,0.0004664452571887523,0.00047266774345189333,0.0004766678612213582,0.0004837786254938692,0.0004911120631732047,0.0004977782373316586,0.0005057781236246228,0.0005128897028043866,0.0005204445915296674,0.000524890492670238,0.0005271128611639142,0.000527556985616684,0.0005251123802736402,0.000520223518833518,0.0005160011351108551,0.0005077781970612705,0.000502445618622005,0.0004913338925689459,0.0004737782874144614,0.0004484450619202107,0.0004168901941739023,0.00039000145625323057,0.0003662229282781482,0.00035111192846670747,0.0003362231655046344,0.0003215566975995898,0.0003068894147872925,0.00029333389829844236,0.0002840012311935425,0.00027200125623494387,0.00026466697454452515,0.00025733435177244246,0.0002462230622768402,0.00023933376360218972,0.00022822369646746665,0.00021866791939828545,0.00020844530081376433,0.00019800083828158677,0.00018511174130253494,0.00015400060510728508,0.00013000104809179902
190,235923,1145,2024-10-01,30.164,30.183,-86.446,-86.465,30.1735,-86.4555,33.3,5.5,253.0,30.0,30.9,,,,3.0,,,,,,,,,,,,,,,,,,,,,498.29265711334307,0.003933112137019634,0.004002445377409458,0.003990889526903629,0.003775778692215681,0.003652667859569192,0.0037768902257084846,0.0038086676504462957,0.003761556465178728,0.003700222820043564,0.003570222994312644,0.0034480008762329817,0.0035348895471543074,0.0036646677181124687,0.003431556047871709,0.0032495553605258465,0.003424667753279209,0.0034897795412689447,0.003428666852414608,0.003266000421717763,0.0032166680321097374,0.003472668118774891,0.003540000645443797,0.0032986674923449755,0.003082445589825511,0.0030368901789188385,0.0029857780318707228,0.0029315564315766096,0.002910889685153961,0.0028860019519925117,0.00286200107075274,0.0028273346833884716,0.0027946671470999718,0.0027564456686377525,0.0027591122779995203,0.0028453341219574213,0.0028662229888141155,0.0027777787763625383,0.0027448898181319237,0.002722223289310932,0.002706445287913084,0.002722890116274357,0.0027422229759395123,0.0027295569889247417,0.002729779342189431,0.00275555532425642,0.002771778730675578,0.0027942226734012365,0.0028155562467873096,0.0028144456446170807,0.002816000720486045,0.002844223054125905,0.002874222816899419,0.0029000015929341316,0.002930223010480404,0.002948666922748089,0.0029273342806845903,0.0029322232585400343,0.0029553340282291174,0.0029153344221413136,0.00288911210373044,0.00289422320201993,0.002890445291996002,0.002876223297789693,0.002851334400475025,0.002832222729921341,0.0028015566058456898,0.0027648902032524347,0.002722445409744978,0.002701778430491686,0.0027175561990588903,0.002721556695178151,0.002698001451790333,0.0026964449789375067,0.002711556851863861,0.0027002228889614344,0.002656889846548438,0.0026226677000522614,0.00257844477891922,0.0025237787049263716,0.0024755559861660004,0.0024377789814025164,0.002396445255726576,0.002362000523135066,0.002328667789697647,0.002307778922840953,0.002302667358890176,0.002300445456057787,0.002280445536598563,0.0022371122613549232,0.0021955566480755806,0.0021548899821937084,0.0021046677138656378,0.0020342234056442976,0.0019488898105919361,0.0018400012049824,0.001702446024864912,0.0015493346145376563,0.0013711117208003998,0.0007142230169847608,0.0006966673536226153,0.0006926676724106073,0.0006820008857175708,0.0006757788360118866,0.0006642233929596841,0.0006482224562205374,0.0006391120259650052,0.000630223483312875,0.0006073344848118722,0.0006008901400491595,0.0005940004484727979,0.0005840009544044733,0.0005724451038986444,0.000560889660846442,0.0005466677248477936,0.0005277784075587988,0.0005135565297678113,0.0005008901352994144,0.000496668100822717,0.0004891115822829306,0.00048000074457377195,0.00047089034342207015,0.0004591118195094168,0.0004555562336463481,0.00044755637645721436,0.00044777823495678604,0.00044288940262049437,0.0004353341064415872,0.0004328895010985434,0.00042777881026268005,0.00042488964390940964,0.00042377866338938475,0.00042311183642596006,0.00042711198329925537,0.0004288897616788745,0.00043022341560572386,0.0004360009334050119,0.00043733377242460847,0.00043844556785188615,0.00044200115371495485,0.00044266798067837954,0.0004448898835107684,0.00044444535160437226,0.00044222341966815293,0.0004382228653412312,0.0004282229347154498,0.0004180003306828439,0.0004053343436680734,0.0003997795283794403,0.0003940011956728995,0.0003844454186037183,0.0003640010254457593,0.0003300011157989502,0.00029822313808836043,0.0002713344292715192,0.0002568898198660463,0.00024844540166668594,0.0002395568590145558,0.0002266673545818776,0.00021822295093443245,0.00021511192608159035,0.00020777847385033965,0.00020755661535076797,0.00020577841496560723,0.0001971129677258432,0.00019333470845595002,0.0001860000193119049,0.00018088975048158318,0.00017444499826524407,0.00016355638217646629,0.00014155564713291824,7.777867722325027e-05,3.422341251280159e-05
191,235924,1145,2024-10-02,30.024,30.018,-86.269,-86.296,30.021,-86.2825,41.9,6.7,329.0,30.0,18.9,,,,,,,,,,,,,,,,,,,,,,,,,498.1410718640014,0.0021206673700362444,0.0020582228899002075,0.0020686674397438765,0.0019266675226390362,0.0018875569803640246,0.002182445488870144,0.002328667789697647,0.0023453347384929657,0.00229533389210701,0.0021237784530967474,0.002027334878221154,0.0022393343970179558,0.002395779360085726,0.002089556772261858,0.0019986676052212715,0.0022737784311175346,0.002440667012706399,0.0023764455690979958,0.0021793341729789972,0.0022031122352927923,0.0025917780585587025,0.0026120005641132593,0.0022855561692267656,0.0020557779353111982,0.002018445171415806,0.001988667529076338,0.0019433344714343548,0.0019268906908109784,0.0019100005738437176,0.0019191118190065026,0.00188644474837929,0.001852667541243136,0.001835556118749082,0.0018711122684180737,0.0020217783749103546,0.0020775562152266502,0.0019924454391002655,0.00196600123308599,0.0019424454076215625,0.0019093342125415802,0.001935334294103086,0.002012667478993535,0.002040444640442729,0.002061334438621998,0.002088000765070319,0.0021077783312648535,0.002141112694516778,0.0021415571682155132,0.0021297787316143513,0.002111556241288781,0.0021228897385299206,0.0021755557972937822,0.0022373339161276817,0.0022946675308048725,0.0023060005623847246,0.00228133425116539,0.002321111736819148,0.0023586670868098736,0.002307556103914976,0.002288889605551958,0.002293779281899333,0.0022886672522872686,0.0022815566044300795,0.0022608903236687183,0.0022277783136814833,0.0021888900082558393,0.002167111961171031,0.0021546673960983753,0.0021553346887230873,0.0021720007061958313,0.0021733343601226807,0.002143778372555971,0.0021528895013034344,0.0021484456956386566,0.0021217784378677607,0.0020986672025173903,0.0020884450059384108,0.0020526680164039135,0.0020082236733287573,0.0019637783989310265,0.0019271117635071278,0.001887334743514657,0.0018542230827733874,0.0018406680319458246,0.001822000602260232,0.0018022233853116632,0.0017944446299225092,0.0017773343715816736,0.0017424453981220722,0.0016953340964391828,0.001649778801947832,0.0016051125712692738,0.0015415562083944678,0.0014693348202854395,0.0013860012404620647,0.0012700007064267993,0.001123778522014618,0.0009422227740287781,0.0004766674537677318,0.00046466788626275957,0.0004597786464728415,0.00044777864241041243,0.0004477790789678693,0.0004375568823888898,0.00040066821384243667,0.0003864454629365355,0.00039688911056146026,0.0003926679491996765,0.0003917780122719705,0.00038155665970407426,0.0003760005929507315,0.0003706676361616701,0.0003586680395528674,0.00034577897167764604,0.00032488961005583405,0.00030755664920434356,0.0002991118235513568,0.000297112186672166,0.0002968899207189679,0.00029377845930866897,0.0002931120397988707,0.00029022328089922667,0.0002875564096029848,0.0002815566258504987,0.0002797788183670491,0.00027488998603075743,0.00027222311473451555,0.000273779034614563,0.00027111254166811705,0.00027155669522471726,0.00027200125623494387,0.0002740000782068819,0.00027888972545042634,0.000277111103059724,0.00028133392333984375,0.0002840008237399161,0.00028488991665653884,0.0002875572245102376,0.0002871114411391318,0.00028800053405575454,0.0002897783415392041,0.0002886673610191792,0.0002864458365365863,0.0002826675772666931,0.0002737782197073102,0.0002631114621181041,0.00024422339629381895,0.00022555681061930954,0.00020955668878741562,0.00019755669927690178,0.00018488988280296326,0.00016822334146127105,0.00015400101256091148,0.00014066736912354827,0.00013888916873838753,0.0001397782762069255,0.00013444531941786408,0.00012866780161857605,0.00012244490790180862,0.00011955615627812222,0.00011555684613995254,0.00011466774594737217,0.00011511188495205715,0.00010911127174040303,0.00010888940596487373,0.00010933395969914272,0.000106667066575028,0.00010288962221238762,9.600073099136353e-05,8.089012408163399e-05,6.73346221446991e-05,5.977849286864512e-05
192,235925,1145,2024-10-02,30.038,30.056,-86.144,-86.124,30.047,-86.134,36.0,0.3,43.0,31.0,18.6,,,,,,,,,,,,,,,,,,,,,,,,,498.0899549007838,0.0018355564679950476,0.0018466678448021412,0.0017804449889808893,0.0015746674034744501,0.0015675561735406518,0.001860667485743761,0.002065112115815282,0.0020735571160912514,0.001996223349124193,0.0018477783305570483,0.0017580012790858746,0.0019226670265197754,0.002073110779747367,0.0017982228891924024,0.0016980009386315942,0.001972667407244444,0.0021415564697235823,0.002048666588962078,0.0018497784622013569,0.0018624452641233802,0.0022360002622008324,0.0022835570853203535,0.0019528898410499096,0.0017148894257843494,0.0016788901994004846,0.0016493350267410278,0.001626001438125968,0.0016073340084403753,0.001577333896420896,0.0015848896000534296,0.0015506669878959656,0.0015171124832704663,0.001508445362560451,0.0015486677875742316,0.0016853341367095709,0.001750222872942686,0.0016800008015707135,0.0016464450163766742,0.0016200004611164331,0.0015933343674987555,0.0016213349299505353,0.0016828899970278144,0.001703556627035141,0.0017217786516994238,0.0017415566835552454,0.0017566672759130597,0.0017835567705333233,0.001778445322997868,0.001764889806509018,0.0017435566987842321,0.0017482233233749866,0.0017953341593965888,0.0018511121161282063,0.0019113346934318542,0.001924889744259417,0.0018946677446365356,0.0019264457514509559,0.0019642231054604053,0.0019091119756922126,0.0018964455230161548,0.001902667572721839,0.0019057790050283074,0.0019106678664684296,0.0018973342375829816,0.001873556524515152,0.0018391120247542858,0.0018264456884935498,0.0018122228793799877,0.0018257783958688378,0.001856445800513029,0.0018542230827733874,0.0018262234516441822,0.0018391124904155731,0.0018288898281753063,0.0018028898630291224,0.001791334361769259,0.001785778789781034,0.001761778723448515,0.0017277789302170277,0.0016920007765293121,0.0016626670258119702,0.0016253342619165778,0.0016011124243959785,0.001583334058523178,0.0015646670944988728,0.0015555561985820532,0.0015588895184919238,0.0015473341336473823,0.0015115559799596667,0.0014726676745340228,0.0014357785694301128,0.0013940011849626899,0.0013357781572267413,0.001272666733711958,0.00120355689432472,0.0011064460268244147,0.0009773349156603217,0.0008140007848851383,0.00039488988113589585,0.0003900006413459778,0.00038422271609306335,0.000367111642844975,0.00036155639099888504,0.0003528897068463266,0.0003260009689256549,0.00031488967943005264,0.0003228895366191864,0.0003197789192199707,0.00031466782093048096,0.0003066679637413472,0.0003048893413506448,0.00029800087213516235,0.0002822230162564665,0.000269112060777843,0.00024377803492825478,0.00022822245955467224,0.00022155667829792947,0.00022111211728770286,0.00022400087618734688,0.00022555638861376792,0.0002264454960823059,0.0002266673545818776,0.0002260005276184529,0.00021711198496632278,0.0002162224700441584,0.00020977937674615532,0.00020844572281930596,0.0002128895721398294,0.00021177862072363496,0.00021244544768705964,0.00021133405971340835,0.000210445374250412,0.00021777881192974746,0.00021866749739274383,0.00022577866911888123,0.0002302237699041143,0.000230445628403686,0.00023422390222549438,0.00023466804123017937,0.0002366681001149118,0.0002395560295553878,0.00024066699552349746,0.00023822320508770645,0.00023577941465191543,0.00022711149358656257,0.00021711157751269639,0.0001993340702028945,0.00018422346329316497,0.00016800107550807297,0.0001531123270979151,0.00014066736912354827,0.0001237789838341996,0.00011555643868632615,0.00010644520079949871,0.00010889023542404175,0.00010844609641935676,0.00010155638301512226,9.288969886256382e-05,8.600080764153972e-05,8.400074148084968e-05,7.955647015478462e-05,8.066743612289429e-05,8.00006091594696e-05,7.222220301628113e-05,7.266757893376052e-05,7.33344058971852e-05,7.333399844355881e-05,7.222303247544914e-05,6.622282671742141e-05,5.444553244160488e-05,5.6445183872710913e-05,6.733420741511509e-05
193,235926,1145,2024-10-02,30.004,30.029,-85.81,-85.815,30.0165,-85.8125,26.3,11.3,59.0,30.0,31.0,,,,,,,,,,,,,,,,,,,,,,,,,513.2381513977708,0.001743112225085497,0.0016402234323322773,0.0016173335025087,0.0015146674122661352,0.001537556410767138,0.001825556973926723,0.00198488961905241,0.0019835559651255608,0.0018960005836561322,0.0016742232255637646,0.0015715559711679816,0.0017740014009177685,0.0019044461660087109,0.0016542226076126099,0.0015937781427055597,0.001861778786405921,0.00198377831839025,0.0018466669134795666,0.0016155553748831153,0.0016628897283226252,0.002044667722657323,0.0020346669480204582,0.0016964450478553772,0.0014455566415563226,0.001382445334456861,0.0013322229497134686,0.0013068901607766747,0.0012955570127815008,0.0012642227811738849,0.0012626672396436334,0.0012113344855606556,0.001177778234705329,0.001160000334493816,0.0012091121170669794,0.0013606676366180182,0.001402667025104165,0.0013148896396160126,0.0013015560107305646,0.001288445433601737,0.0012451116926968098,0.001266000559553504,0.0013302224688231945,0.001349778613075614,0.0013564452528953552,0.0013733349042013288,0.0013953348388895392,0.0014160010032355785,0.0014051124453544617,0.0013837789883837104,0.0013568898430094123,0.0013568898430094123,0.0014035569038242102,0.0014651119709014893,0.0015275569166988134,0.0015428893966600299,0.0015135564608499408,0.001556889503262937,0.0016002232441678643,0.0015504459151998162,0.0015488900244235992,0.001572222332470119,0.0015848896000534296,0.0016115563921630383,0.0016362228197976947,0.0016495560994371772,0.00164488994050771,0.001649112324230373,0.0016602232353761792,0.0016935563180595636,0.001731556374579668,0.0017433344619348645,0.001730889081954956,0.0017597787082195282,0.0017693345434963703,0.0017557790270075202,0.0017555566737428308,0.0017753347055986524,0.0017673344118520617,0.00175155617762357,0.0017357782926410437,0.001726889400742948,0.0017135565867647529,0.0017053344054147601,0.0017059999518096447,0.0016984447138383985,0.0016995564801618457,0.0017151120118796825,0.0017115556402131915,0.0016853341367095709,0.0016495556337758899,0.0016215568175539374,0.0015888892812654376,0.0015506674535572529,0.0015037788543850183,0.0014384447131305933,0.0013566674897447228,0.0012466675834730268,0.0011100007686764002,0.0005933340289629996,0.0005795562174171209,0.0005653347470797598,0.0005491123301908374,0.0005424453411251307,0.0005291116540320218,0.0005026679136790335,0.0004897788166999817,0.0004971122834831476,0.0004948899149894714,0.00048733377479948103,0.00047800110769458115,0.00047088993596844375,0.0004622228443622589,0.000445334444520995,0.0004357794823590666,0.0004160011012572795,0.0004037780163343996,0.00039800131344236434,0.0003933343687094748,0.00039755593752488494,0.00039399994420818985,0.00039622269105166197,0.0003931116661988199,0.00038400126504711807,0.00036911212373524904,0.0003564452927093953,0.00034488862729631364,0.00033977918792515993,0.0003395568928681314,0.00033577863359823823,0.00033466765307821333,0.0003397795953787863,0.00034222297836095095,0.00035111233592033386,0.00035177916288375854,0.00035444481181912124,0.0003626669349614531,0.0003666674892883748,0.0003755560319405049,0.0003755560319405049,0.0003766674199141562,0.0003795565862674266,0.0003797788522206247,0.00038111250614747405,0.0003791124327108264,0.0003706684510689229,0.00035911178565584123,0.00033822364639490843,0.00031889023375697434,0.00029755631112493575,0.0002802229719236493,0.0002673342823982239,0.0002504454751033336,0.00024222292995546013,0.00023244527983479202,0.00022800100850872695,0.00022222350526135415,0.00021044578170403838,0.0002002231776714325,0.00019044552755076438,0.0001828894019126892,0.00017444540571887046,0.00016888976097106934,0.00016244541620835662,0.00014955633378122002,0.00014200061559677124,0.00013866771769244224,0.00013555627083405852,0.00013244524598121643,0.0001264450402231887,0.00011777836334658787,0.00013933454465586692,0.00015911170339677483
194,235927,1145,2024-10-02,29.787,29.812,-85.584,-85.585,29.7995,-85.5845,26.7,10.8,47.0,30.0,79.1,,,,,,,,,,,,,,,,,,,,,,,,,535.3425227613548,0.001185556291602552,0.0010937782935798168,0.001056445180438459,0.00097977789118886,0.0009846671018749475,0.0011960002593696117,0.0014037787914276123,0.0013944448437541723,0.0013064456870779395,0.001165111898444593,0.0010815560817718506,0.0012760008685290813,0.0014260009629651904,0.0011657790746539831,0.001092000980861485,0.0013377782888710499,0.0014922230038791895,0.0013928902335464954,0.0011906673898920417,0.0012317788787186146,0.0016222231788560748,0.001651556114666164,0.0013402228942140937,0.0011182228336110711,0.0010742226149886847,0.0010428891982883215,0.0010215560905635357,0.0010117789497599006,0.0009800009429454803,0.0009831110946834087,0.0009560005273669958,0.0009293336770497262,0.0009193341829814017,0.000967334141023457,0.0011062228586524725,0.0011620004661381245,0.0011006672866642475,0.0010982225649058819,0.0010904459049925208,0.0010586674325168133,0.0010866671800613403,0.0011584456078708172,0.0011888896115124226,0.0012091121170669794,0.0012371117481961846,0.001266890554688871,0.001295556197874248,0.0012926678173244,0.0012884462485089898,0.0012668897397816181,0.0012700007064267993,0.001332445302978158,0.001412000972777605,0.0014940007822588086,0.0015206685056909919,0.0015004455344751477,0.001545334467664361,0.0015986673533916473,0.0015633346047252417,0.0015726672718301415,0.0016100009670481086,0.001638667075894773,0.0016753338277339935,0.0017024452099576592,0.001721779117360711,0.0017380006611347198,0.0017800008645281196,0.001818889519199729,0.0018700013170018792,0.0019326681504026055,0.001957556465640664,0.0019548898562788963,0.0020055563654750586,0.002025333931669593,0.002029556781053543,0.0020460011437535286,0.0020777785684913397,0.002091111848130822,0.0020860012155026197,0.0020784453954547644,0.0020864452235400677,0.002078668214380741,0.0020780013874173164,0.0020842228550463915,0.0020806672982871532,0.002095334231853485,0.002115334151312709,0.0021215565502643585,0.0021106679923832417,0.0020915567874908447,0.0020746674854308367,0.002061111619696021,0.0020411114674061537,0.002015556674450636,0.0019720010459423065,0.0018915563123300672,0.0017708899686113,0.001590667525306344,0.0009922231547534466,0.000982666970230639,0.000968222797382623,0.0009513340191915631,0.0009435564279556274,0.0009268894791603088,0.0008924450376071036,0.0008755562012083828,0.0008926677401177585,0.0008988897898234427,0.0008957783575169742,0.0008891121251508594,0.0008844456169754267,0.0008731120033189654,0.0008564450545236468,0.0008400008082389832,0.0008157785632647574,0.0007977787754498422,0.0007833341951481998,0.0007793348631821573,0.0007775566773489118,0.0007740010623820126,0.0007728897035121918,0.0007617779774591327,0.0007515561883337796,0.0007335564587265253,0.000720445066690445,0.0007080005016177893,0.0007002225611358881,0.0006951122777536511,0.0006897788844071329,0.0006833341321907938,0.000684223254211247,0.0006860006251372397,0.0006902230088599026,0.0006920003797858953,0.0006977787707000971,0.0007053344743326306,0.0007115565240383148,0.0007184458081610501,0.0007206673617474735,0.0007233333890326321,0.000727112521417439,0.0007266679313033819,0.0007262233993969858,0.0007208904717117548,0.0007106665871106088,0.0006948899826966226,0.0006642225780524313,0.0006331114564090967,0.0006008893251419067,0.0005771120195277035,0.0005580008728429675,0.0005397784407250583,0.0005215559503994882,0.0005046675796620548,0.0004984450642950833,0.0004888896946795285,0.0004735564289148897,0.00045844499254599214,0.000442445685621351,0.00043066756916232407,0.00042200047755613923,0.00041155642247758806,0.00040333386277779937,0.0003886669874191284,0.00037711154436692595,0.00036911212373524904,0.0003593336441554129,0.0003471126256044954,0.0003297788498457521,0.000302444736007601,0.00025066814851015806,0.00021866749739274383
195,235928,1145,2024-10-02,29.674,29.654,-85.623,-85.641,29.664,-85.632,29.8,9.7,25.0,30.0,19.0,,,,1.0,8.0,,,,,,,,,,,,,,,,,,,,516.8095958650271,0.0013922229409217834,0.0013102234806865454,0.0013264459557831287,0.001229778747074306,0.0012260004878044128,0.001504445681348443,0.0016655565705150366,0.0016593345208093524,0.0016075563617050648,0.0014146678149700165,0.0013155564665794373,0.0015580004546791315,0.0017351122805848718,0.0014700008323416114,0.001392667880281806,0.0016346672782674432,0.001762223313562572,0.00168177904561162,0.001495334436185658,0.0015453340020030737,0.0019351119408383965,0.0019637788645923138,0.0016533351736143231,0.0014286679215729237,0.001397112151607871,0.0013671120395883918,0.001321778167039156,0.0013037787284702063,0.0012862230651080608,0.0012908896896988153,0.0012571120169013739,0.0012355566723272204,0.001235111732967198,0.001279111485928297,0.0014144455781206489,0.0014828898711130023,0.001406444818712771,0.0013771123485639691,0.0013702226569876075,0.0013408897211775184,0.0013604453997686505,0.001439334242604673,0.0014691116521134973,0.0014777779579162598,0.001500001410022378,0.0015242232475429773,0.0015622228384017944,0.0015568903181701899,0.0015408893814310431,0.0015155565924942493,0.0015182229690253735,0.001571556320413947,0.0016453340649604797,0.0017162230797111988,0.001733112265355885,0.0017068899469450116,0.001730667194351554,0.001768889487721026,0.001728000701405108,0.0017302230698987842,0.0017566672759130597,0.0017640007426962256,0.0017771129496395588,0.0017837794730439782,0.0017804449889808893,0.001776667544618249,0.0017944446299225092,0.0018133347621187568,0.0018380010733380914,0.0018746674759313464,0.0018897780682891607,0.0018704450922086835,0.0018935567932203412,0.0018917785491794348,0.0018757788930088282,0.001870890031568706,0.0018780003301799297,0.0018677785992622375,0.0018460010178387165,0.0018244447419419885,0.0018104459159076214,0.0017888894071802497,0.0017793340375646949,0.0017762234201654792,0.0017675571143627167,0.0017777784960344434,0.0017880006926134229,0.001783112296834588,0.00176511169411242,0.0017360006459057331,0.0017175562679767609,0.001694889971986413,0.001658223569393158,0.0016142228851094842,0.001553778420202434,0.0014606676995754242,0.0013302229344844818,0.0011513344943523407,0.0006940008606761694,0.0006791113410145044,0.0006682227249257267,0.0006517784204334021,0.0006477783317677677,0.0006337786908261478,0.0006022229790687561,0.000593111733905971,0.0006073344848118722,0.000606445362791419,0.0006015561521053314,0.0005920007824897766,0.0005866669816896319,0.0005802230443805456,0.0005633338587358594,0.0005484446883201599,0.0005246677901595831,0.0005004451377317309,0.000489111989736557,0.0004897784092463553,0.0004884459776803851,0.0004906679387204349,0.0004940016660839319,0.00048711150884628296,0.00048533413792029023,0.00047755613923072815,0.0004724454483948648,0.00046488974476233125,0.0004617782833520323,0.00046022317837923765,0.0004586672584991902,0.0004562226531561464,0.0004573344485834241,0.00045888996100984514,0.0004628896713256836,0.00046444559120573103,0.0004668906331062317,0.0004717786214314401,0.0004720004799310118,0.0004766674537677318,0.0004791120591107756,0.00048044571303762496,0.0004837790329474956,0.0004813339910469949,0.00047866752720437944,0.0004753337998408824,0.0004662229912355542,0.0004508901038207114,0.0004231122729834169,0.00039488988113589585,0.00036844529677182436,0.00035200061392970383,0.00034288980532437563,0.00032844519591890275,0.0003140001790598035,0.0002995563845615834,0.0002931116323452443,0.0002913334174081683,0.00028511261916719377,0.0002768900594674051,0.00026822337531484663,0.00026444552349857986,0.00025733435177244246,0.0002551124198362231,0.0002533342340029776,0.00024400072288699448,0.00024000016856007278,0.0002368903806200251,0.0002340012142667547,0.0002271119155921042,0.0002160010189982131,0.0001966675918083638,0.00015222321962937713,0.00012311215687077492
196,235929,1145,2024-10-02,29.474,29.452,-85.389,-85.403,29.463,-85.396,26.7,5.9,60.0,30.0,20.6,,,,3.0,12.0,,,,,,,,,,,,,,,,,,,,511.4596177402703,0.00300511228851974,0.002969556488096714,0.0028657792136073112,0.0026362231001257896,0.002692888490855694,0.00302133453078568,0.003176889382302761,0.003124000271782279,0.0030886675231158733,0.0029575559310615063,0.002894000383093953,0.003085111500695348,0.003139778971672058,0.002849334618076682,0.0027871110942214727,0.0030497785191982985,0.003213333897292614,0.0031475562136620283,0.002949112094938755,0.0029324451461434364,0.0033186674118041992,0.0033735567703843117,0.0030604456551373005,0.002871779026463628,0.0028353342786431313,0.002797778695821762,0.0027635565493255854,0.0027360005769878626,0.0026971122715622187,0.002696667332202196,0.002668666420504451,0.002624667249619961,0.002625556429848075,0.0026899997610598803,0.002789333462715149,0.0028020006138831377,0.0027380005922168493,0.0027204458601772785,0.00269333366304636,0.0026246681809425354,0.0026646677870303392,0.0027720006182789803,0.002809111960232258,0.0028026672080159187,0.002842223970219493,0.0028851127717643976,0.0028977792244404554,0.0029024449177086353,0.002901556668803096,0.0028864454943686724,0.0029160003177821636,0.002974222879856825,0.003039778908714652,0.0031197788193821907,0.003172889817506075,0.003149778116494417,0.0031840007286518812,0.0032122230622917414,0.0031682224944233894,0.0031771117355674505,0.0032108898740261793,0.0032168892212212086,0.0032360004261136055,0.003202445339411497,0.003150223521515727,0.0031651121098548174,0.0032260019797831774,0.0032715562265366316,0.003309111576527357,0.0033524450846016407,0.003369334153831005,0.0033553342800587416,0.003388666780665517,0.003385111689567566,0.0033620011527091265,0.003361112205311656,0.0033626677468419075,0.003338445909321308,0.003285779384896159,0.0032284455373883247,0.003185112029314041,0.0031548896804451942,0.0031426677014678717,0.003131111850962043,0.0031188896391540766,0.003120667766779661,0.003120667766779661,0.0031060008332133293,0.003063334384933114,0.00299688964150846,0.0029575563967227936,0.002926667220890522,0.0028746675234287977,0.0028173336759209633,0.002724000485613942,0.0025771120563149452,0.0023433337919414043,0.0019733337685465813,0.00119489012286067,0.001170444767922163,0.0011540009872987866,0.001130666583776474,0.0011155563406646252,0.0010793337132781744,0.001021333853714168,0.000998444389551878,0.0010160008678212762,0.0010184451239183545,0.0010146676795557141,0.0009973339037969708,0.00098044506739825,0.0009657790069468319,0.0009326674044132233,0.0008962228894233704,0.0008451123139820993,0.0007884457008913159,0.0007619998650625348,0.0007577787037007511,0.0007597791845910251,0.0007722232840023935,0.0007826664950698614,0.0007755561964586377,0.0007722240989096463,0.0007624456193298101,0.0007533340249210596,0.0007475565071217716,0.0007500015199184418,0.0007511124713346362,0.000748667458537966,0.0007477791514247656,0.0007484451634809375,0.0007517784833908081,0.0007577787037007511,0.0007613350753672421,0.0007655571098439395,0.000769111851695925,0.000769111851695925,0.0007693341467529535,0.0007635557558387518,0.0007635574438609183,0.0007684450247325003,0.0007655567023903131,0.0007644461002200842,0.0007560013327747583,0.0007411117549054325,0.0007213337812572718,0.0006833345396444201,0.0006297773215919733,0.0005848896107636392,0.000543334404937923,0.00050688988994807,0.00046911215758882463,0.00042844522977247834,0.0004017787578050047,0.00039755593752488494,0.00040066655492410064,0.0003893346292898059,0.0003686683776322752,0.00034466839861124754,0.00033466724562458694,0.00033422393607906997,0.000336222758051008,0.00033888925099745393,0.00033133395481854677,0.0003297780058346689,0.0003257791104260832,0.00032466856646351516,0.0003175561723764986,0.0002931120397988707,0.00024911182117648423,0.00010777803254313767,5.112754024594324e-06
197,235930,1145,2024-10-02,29.539,29.526,-85.191,-85.216,29.5325,-85.2035,15.9,5.8,119.0,30.0,5.3,,,,1.0,,,,,,,,,,,,,,,,,,,,,544.3136736822592,0.001332222600467503,0.0012875563697889447,0.0013535557081922889,0.00119489012286067,0.001175111741758883,0.0014802230289205909,0.0016368901124224067,0.001709556789137423,0.0016651120968163013,0.001465556095354259,0.0014868895523250103,0.001693779369816184,0.0018080013105645776,0.0016180011443793774,0.0015688902931287885,0.0018317782087251544,0.0020428900606930256,0.002001778921112418,0.0018002233700826764,0.0018422226421535015,0.0022584456019103527,0.0023460006341338158,0.0020780013874173164,0.0018995561404153705,0.0019091119756922126,0.001901334384456277,0.0018671122379601002,0.0018437786493450403,0.00185822369530797,0.001916890381835401,0.0019042235799133778,0.0019128902349621058,0.001954668201506138,0.0020224452018737793,0.002198445610702038,0.00229133409447968,0.002227555960416794,0.0022386680357158184,0.0022884453646838665,0.0022928896360099316,0.002344000618904829,0.002477334113791585,0.0025566676631569862,0.0026102231349796057,0.0026806676760315895,0.002747555961832404,0.002832668134942651,0.002859333762899041,0.0028795567341148853,0.0029100014362484217,0.0029651117511093616,0.0030437782406806946,0.0031720006372779608,0.003305334597826004,0.0033806664869189262,0.003397333435714245,0.003488000947982073,0.003588001010939479,0.0036055566743016243,0.003651111386716366,0.003705778857693076,0.0037820013239979744,0.0038706676568835974,0.003907778766006231,0.003935556393116713,0.003995112143456936,0.004086667206138372,0.004171556327491999,0.004279335029423237,0.004399111960083246,0.004483111668378115,0.004526667296886444,0.004620445892214775,0.004686444997787476,0.00473666749894619,0.004793556407094002,0.004860667046159506,0.004900222644209862,0.004905112087726593,0.004903334192931652,0.004922444932162762,0.004940223414450884,0.004966889973729849,0.0049975560978055,0.005032445769757032,0.005076223518699408,0.005116223357617855,0.005128445103764534,0.005111111328005791,0.005054222885519266,0.004995112307369709,0.004959556274116039,0.004908667411655188,0.004832445178180933,0.004745778627693653,0.004594890400767326,0.004340889398008585,0.003932667430490255,0.002659779042005539,0.0026462231762707233,0.002622223924845457,0.002600001869723201,0.002574889687821269,0.0025208902079612017,0.0024471122305840254,0.0024173338897526264,0.002449111780151725,0.0024537784047424793,0.002451334148645401,0.00244066771119833,0.002436667215079069,0.0024177792947739363,0.002384667517617345,0.002333111595362425,0.0022693341597914696,0.0022075565066188574,0.0021706679835915565,0.002160889795050025,0.002160667208954692,0.0021604448556900024,0.0021502231247723103,0.002120889723300934,0.0020993342623114586,0.0020600007846951485,0.002032667864114046,0.0020100006368011236,0.002000445267185569,0.00198777811601758,0.001973779173567891,0.001957556465640664,0.0019428899977356195,0.0019362233579158783,0.0019304454326629639,0.001922000665217638,0.0019253343343734741,0.0019253343343734741,0.001932000508531928,0.0019360011210665107,0.0019362233579158783,0.001941112568601966,0.001938889385201037,0.00194666744209826,0.0019504448864609003,0.0019451127154752612,0.0019286680035293102,0.001898445188999176,0.0018386667361482978,0.0017715567955747247,0.0017184449825435877,0.0016715563833713531,0.0016333344392478466,0.0015864454908296466,0.0015260005602613091,0.001486223191022873,0.001467111986130476,0.001449555973522365,0.0014237785944715142,0.0013731122016906738,0.0013253340730443597,0.0012904455652460456,0.0012593339197337627,0.0012380004627630115,0.001209778944030404,0.0011762231588363647,0.0011488894233480096,0.0011188896605744958,0.0010826674988493323,0.0010397785808891058,0.0009817787213250995,0.000902889936696738,0.000710445165168494,0.00056666717864573
198,235931,1145,2024-10-02,29.448,29.422,-85.166,-85.163,29.435,-85.1645,25.2,8.6,117.0,30.0,23.6,,,,3.0,9.0,,,,,,,,,,,,,,,,,,,,520.5447983837244,0.0013280002167448401,0.0012735567288473248,0.00131555600091815,0.0011742226779460907,0.001186444889754057,0.0015284456312656403,0.0017051117029041052,0.0017220010049641132,0.001637111883610487,0.0015055566327646375,0.0015393341891467571,0.0017366678221151233,0.0018715568585321307,0.001678000669926405,0.0016342236194759607,0.0018813341157510877,0.002066667191684246,0.0020120004191994667,0.0018335564527660608,0.0018900007707998157,0.0023208893835544586,0.002378445118665695,0.002096001524478197,0.0019144448451697826,0.0019311114447191358,0.0019151113228872418,0.001879556686617434,0.0018704450922086835,0.0018811122281476855,0.0019300013082101941,0.001907334546558559,0.0019231127807870507,0.0019635562784969807,0.002004222245886922,0.002168000675737858,0.002262667752802372,0.002202000468969345,0.0022151123266667128,0.0022431123070418835,0.0022304451558738947,0.00228533404879272,0.002402444602921605,0.0024680006317794323,0.002522445283830166,0.0025884455535560846,0.0026526679284870625,0.0027344445697963238,0.002753778826445341,0.002757556736469269,0.0027753342874348164,0.0028353342786431313,0.0029166671447455883,0.0030384452547878027,0.0031544454395771027,0.0032115562353283167,0.0032282231841236353,0.0033035564702004194,0.003386223455891013,0.0033926682081073523,0.0034164455719292164,0.0034604454413056374,0.0035142232663929462,0.0035577784292399883,0.0035466679837554693,0.0035202233120799065,0.0035311111714690924,0.003563778707757592,0.003592445282265544,0.0036482231225818396,0.0037062230985611677,0.0037422229070216417,0.003751778742298484,0.0038017784245312214,0.0038344459608197212,0.0038357782177627087,0.003836889285594225,0.0038437785115092993,0.003830667119473219,0.0037886674981564283,0.0037335562519729137,0.003695111721754074,0.0036580003798007965,0.003637111745774746,0.0036217793822288513,0.0036013340577483177,0.0035957784857600927,0.0035988891031593084,0.0035840007476508617,0.0035342229530215263,0.0034442234318703413,0.0033493349328637123,0.0032748898956924677,0.003195778466761112,0.0030917786061763763,0.00295933336019516,0.002772890031337738,0.002506667049601674,0.002125334460288286,0.001251333742402494,0.0012393341166898608,0.0012248898856341839,0.0012004449963569641,0.0011788900010287762,0.0011433338513597846,0.0010764454491436481,0.0010455561568960547,0.0010704451706260443,0.0010744445025920868,0.001068445504643023,0.001060446142219007,0.0010566674172878265,0.0010413341224193573,0.001009778818115592,0.0009664450190030038,0.0009080010349862278,0.000858222832903266,0.0008315559825859964,0.0008291113772429526,0.000838223029859364,0.0008451123139820993,0.0008508902392350137,0.0008388898568227887,0.0008348897099494934,0.0008226674399338663,0.0008177782292477787,0.0008184450562112033,0.0008208896615542471,0.0008217787835747004,0.0008231119718402624,0.000822445610538125,0.0008202232420444489,0.000822001020424068,0.0008233342668972909,0.0008204455371014774,0.0008273340063169599,0.000831112265586853,0.0008346678223460913,0.000837778439745307,0.0008346674148924649,0.0008382234373129904,0.0008371116127818823,0.0008415563497692347,0.0008413340547122061,0.0008313345606438816,0.0008137784898281097,0.000783778727054596,0.0007337782881222665,0.000682890007738024,0.0006417789263650775,0.0006102232728153467,0.0005824454128742218,0.0005502228741534054,0.0005091122584417462,0.00048422274994663894,0.0004768905637320131,0.00047022310900501907,0.00046133415889926255,0.0004346672794781625,0.00041355605935677886,0.0004062230291310698,0.0003986677329521626,0.000398223171941936,0.00039466802263632417,0.00038577907253056765,0.00038244493771344423,0.0003768892784137279,0.00036800073576159775,0.000355778873199597,0.0003355559310875833,0.00029555667424574494,0.00018533402180764824,0.00010511196160223335
199,235932,1145,2024-10-02,29.4,29.388,-85.009,-85.034,29.394,-85.0215,24.0,8.7,145.0,30.0,72.3,,,,3.0,9.0,,,,,,,,,,,,,,,,,,,,522.2670841700259,0.0009446677868254483,0.0008953344076871872,0.0007836681907065213,0.0006913331453688443,0.0007999998633749783,0.0010643340647220612,0.0012570004910230637,0.0012590009719133377,0.001167668611742556,0.0010516680777072906,0.0010786677012220025,0.0013220006367191672,0.0014523336431011558,0.0012026677140966058,0.0011613337555900216,0.0014706682413816452,0.0016276668757200241,0.0015836674720048904,0.0014636671403422952,0.0015190014382824302,0.0019290013005957007,0.00199066661298275,0.0017026675632223487,0.0014790017157793045,0.0014740010956302285,0.0014650007942691445,0.0014620000729337335,0.0014960002154111862,0.001508668065071106,0.001540000201202929,0.0015303343534469604,0.0015233345329761505,0.0015483349561691284,0.0016253329813480377,0.0018050005892291665,0.0019056672463193536,0.0018656676402315497,0.001875000656582415,0.0019023343920707703,0.0019043342908844352,0.0019730005878955126,0.0021020006388425827,0.002186667872592807,0.002247999655082822,0.002319667488336563,0.0023963339626789093,0.002482334151864052,0.0025163341779261827,0.0025433339178562164,0.0025656677316874266,0.002631334587931633,0.0027286664117127657,0.002833668142557144,0.0029630002100020647,0.0030413337517529726,0.0030783333349972963,0.0031780011486262083,0.00327233481220901,0.0032806668896228075,0.0033130005467683077,0.003384000388905406,0.0034456674475222826,0.0034840006846934557,0.003476334735751152,0.0034636675845831633,0.003462333930656314,0.0034816667903214693,0.0035170011688023806,0.0035570014733821154,0.0035983335692435503,0.003648667363449931,0.003660334274172783,0.00371466763317585,0.003758668201044202,0.003765334142372012,0.0037646666169166565,0.0037846677005290985,0.0037740010302513838,0.0037336673121899366,0.0036870010662823915,0.00365133467130363,0.0036100007127970457,0.00357866776175797,0.0035633340012282133,0.0035353340208530426,0.003523334162309766,0.003530000103637576,0.003505667671561241,0.003456334350630641,0.003362000687047839,0.0032573335338383913,0.0031720001716166735,0.003074000356718898,0.002956334501504898,0.0028080008924007416,0.0026046670973300934,0.002340334700420499,0.001962334616109729,0.0011210007360205054,0.0011093337088823318,0.0010996671626344323,0.0010696673998609185,0.001048001111485064,0.0010106669506058097,0.0009436669643037021,0.0009216666221618652,0.0009420011192560196,0.0009510014206171036,0.0009556673467159271,0.0009403328294865787,0.0009330008178949356,0.0009200007771141827,0.0008936673402786255,0.0008613330428488553,0.0008123349398374557,0.0007723334128968418,0.0007496674661524594,0.0007403343915939331,0.0007496662437915802,0.0007456683670170605,0.0007450015400536358,0.0007363340700976551,0.0007296682451851666,0.0007243342697620392,0.0007256672834046185,0.0007243336294777691,0.0007253345102071762,0.0007323336903937161,0.0007320009171962738,0.0007316675037145615,0.0007350009982474148,0.0007306679035536945,0.0007326683844439685,0.0007310013170354068,0.0007363346521742642,0.0007420014590024948,0.0007430010591633618,0.0007516679470427334,0.0007493346929550171,0.0007526676054112613,0.0007590018212795258,0.000757334753870964,0.0007520013605244458,0.0007406684453599155,0.0007220003753900528,0.0006916678394190967,0.0006483346223831177,0.0005986678297631443,0.0005606680060736835,0.0005370005965232849,0.0005130010540597141,0.0004893342847935855,0.0004510004073381424,0.0004270008357707411,0.0004186667501926422,0.00041100135422311723,0.0004060013743583113,0.00038633434451185167,0.0003716678766068071,0.0003613332810346037,0.0003580016491468996,0.00035733418189920485,0.0003546668740455061,0.0003456678241491318,0.00033700093626976013,0.00032900148653425276,0.0003216682525817305,0.00031333541846834123,0.0002946679887827486,0.000259000196820125,0.00017100076365750283,0.0001133338882937096
200,235933,1145,2024-10-03,29.592,29.573,-84.902,-84.883,29.5825,-84.8925,13.2,2.8,234.0,30.0,263.4,,,,,,,,,,,,,,,,,,,,,,,,,,,,,,,,,,,,,,,,,,,,,,,,,,,,,,,,,,,,,,,,,,,,,,,,,,,,,,,,,,,,,,,,,,,,,,,,,,,,,,,,,,,,,,,,,,,,,,,,,,,,,,,,,,,,,,,,,,,,,,,,,,,,,,,,,,,,,,,,,,,,,,,,,,,,,,,,,,,,,,,,,,,,,,,,,,,,,
201,235934,1145,2024-10-03,29.69,29.689,-84.469,-84.498,29.6895,-84.4835,16.5,5.4,334.0,30.0,33.3,,,,,,,,,,,,,,,,,,,,,,,,,,,,,,,,,,,,,,,,,,,,,,,,,,,,,,,,,,,,,,,,,,,,,,,,,,,,,,,,,,,,,,,,,,,,,,,,,,,,,,,,,,,,,,,,,,,,,,,,,,,,,,,,,,,,,,,,,,,,,,,,,,,,,,,,,,,,,,,,,,,,,,,,,,,,,,,,,,,,,,,,,,,,,,,,,,,,,
202,235935,1145,2024-10-03,29.689,29.689,-84.363,-84.363,29.689,-84.363,,5.4,351.0,,,,,,,,,,,,,,,,,,,,,,,,,,,,,,,,,,,,,,,,,,,,,,,,,,,,,,,,,,,,,,,,,,,,,,,,,,,,,,,,,,,,,,,,,,,,,,,,,,,,,,,,,,,,,,,,,,,,,,,,,,,,,,,,,,,,,,,,,,,,,,,,,,,,,,,,,,,,,,,,,,,,,,,,,,,,,,,,,,,,,,,,,,,,,,,,,,,,,,,
203,235936,1145,2024-10-03,29.709,29.733,-84.153,-84.162,29.721,-84.1575,16.5,9.8,135.0,30.0,202.1,,,,,,,,,,,,,,,,,,,,,,,,,522.7736635846599,0.0006570015102624893,0.001199999824166298,0.0014290008693933487,0.001219000667333603,0.0011149998754262924,0.0012550000101327896,0.0013540014624595642,0.001354999840259552,0.0013020001351833344,0.0011340007185935974,0.0010390020906925201,0.0012370012700557709,0.001370999962091446,0.0011010002344846725,0.0009760018438100815,0.0010730009526014328,0.0011350009590387344,0.0011609997600317001,0.001005999743938446,0.0009740013629198074,0.0013410001993179321,0.0014300011098384857,0.0011410005390644073,0.0009040012955665588,0.0008300002664327621,0.0008110012859106064,0.0007720012217760086,0.0007780008018016815,0.0007990002632141113,0.0008010007441043854,0.0007540006190538406,0.0007040016353130341,0.0007199998944997787,0.0007690023630857468,0.000861000269651413,0.0009060017764568329,0.0008330009877681732,0.0008030012249946594,0.0007690023630857468,0.0007400009781122208,0.0007520020008087158,0.0007550008594989777,0.000719001516699791,0.0007210001349449158,0.0007490012794733047,0.0007370002567768097,0.0007430016994476318,0.0007650014013051987,0.0007620006799697876,0.0007670000195503235,0.0007920004427433014,0.0007860008627176285,0.0007890015840530396,0.0008060000836849213,0.0008110012859106064,0.0008129999041557312,0.0008300002664327621,0.0008580014109611511,0.0008300021290779114,0.0008140001446008682,0.0008240006864070892,0.0008170008659362793,0.0008269995450973511,0.0008460003882646561,0.000882001593708992,0.0008760020136833191,0.0008660014718770981,0.0008690021932125092,0.000890001654624939,0.0009250007569789886,0.0009330008178949356,0.0009199995547533035,0.0009410008788108826,0.0009739995002746582,0.0009780023247003555,0.0009640008211135864,0.0009800009429454803,0.0009870007634162903,0.0009800009429454803,0.0010020006448030472,0.0010130014270544052,0.0010050013661384583,0.0010090004652738571,0.0010090004652738571,0.0009930003434419632,0.0010030008852481842,0.001026000827550888,0.001034000888466835,0.0010210014879703522,0.001006999984383583,0.0009900014847517014,0.0009410008788108826,0.0009110011160373688,0.000882001593708992,0.000843999907374382,0.0008250009268522263,0.0007970016449689865,0.0008050017058849335,0.0004400014877319336,0.0004200004041194916,0.0004100017249584198,0.00040800124406814575,0.0004079993814229965,0.0003820005804300308,0.000370001420378685,0.0003760010004043579,0.0003500021994113922,0.00031900033354759216,0.00032700225710868835,0.0003490019589662552,0.00035300105810165405,0.0003500021994113922,0.0003390014171600342,0.00033800117671489716,0.00033299997448921204,0.00032800063490867615,0.0003350004553794861,0.00034200213849544525,0.000350000336766243,0.00034799985587596893,0.000342000275850296,0.0003240015357732773,0.0002990011125802994,0.00028200075030326843,0.00027799978852272034,0.0002660006284713745,0.0002690013498067856,0.0002850014716386795,0.00029299966990947723,0.0003050006926059723,0.00031900033354759216,0.00032800063490867615,0.0003400016576051712,0.00035100057721138,0.000360000878572464,0.00036800093948841095,0.0003670006990432739,0.0003750007599592209,0.00038700178265571594,0.00038800016045570374,0.00039300136268138885,0.00039800070226192474,0.00039900094270706177,0.0004010014235973358,0.00040400028228759766,0.00040200166404247284,0.0003940016031265259,0.000379001721739769,0.0003560017794370651,0.00032700225710868835,0.0002910010516643524,0.0002810005098581314,0.00028300099074840546,0.0002760011702775955,0.0002720002084970474,0.00025300122797489166,0.00023600086569786072,0.00022800080478191376,0.0002150014042854309,0.00019199959933757782,0.00017900019884109497,0.00015899911522865295,0.00015200115740299225,0.00014800019562244415,0.00013200007379055023,0.00012199953198432922,0.00011100061237812042,0.00010300055146217346,0.00010100007057189941,0.00012100115418434143,0.00021400116384029388,0.0002459995448589325
204,235937,1145,2024-10-03,29.534,29.534,-84.211,-84.239,29.534,-84.225,22.1,7.5,86.0,30.0,128.5,,,,,,,,,,,,,,,,,,,,,,,,,512.0682380242886,0.00234333542175591,0.002850666642189026,0.0029920004308223724,0.0028986670076847076,0.0029626674950122833,0.0032233335077762604,0.0032253339886665344,0.003204668639227748,0.0032419997733086348,0.003129334421828389,0.0029666684567928314,0.0031660001259297132,0.0032926686108112335,0.0029500003438442945,0.002874000696465373,0.003208667039871216,0.003263333113864064,0.003200666280463338,0.0031106683891266584,0.003046001074835658,0.003293332876637578,0.003374667139723897,0.0031200002413243055,0.0028926667291671038,0.0028520002961158752,0.0027826677542179823,0.002714000642299652,0.0027100008446723223,0.002698667347431183,0.002706666709855199,0.002656667260453105,0.0026346680242568254,0.0026580009143799543,0.002663335530087352,0.0027346673887223005,0.002783334581181407,0.002714000642299652,0.0026733342092484236,0.002700667828321457,0.0026973336935043335,0.002690666588023305,0.002736669033765793,0.0027733345050364733,0.0027933355886489153,0.002833334030583501,0.0028553344309329987,0.002888001501560211,0.0029253337997943163,0.0029326677322387695,0.00295533356256783,0.002982667414471507,0.0030160013120621443,0.00306199979968369,0.0030993346590548754,0.0031353335361927748,0.0031580019276589155,0.003214000491425395,0.003244000254198909,0.0032033335883170366,0.003191334428265691,0.003214000491425395,0.003218001453205943,0.0032353338319808245,0.003236000658944249,0.003226000815629959,0.003226000815629959,0.0032326665241271257,0.003228001296520233,0.0032566674053668976,0.00331333396025002,0.003360667498782277,0.0033680014312267303,0.0033593338448554277,0.003376667620614171,0.003378666937351227,0.0033460010308772326,0.0033380005042999983,0.0033160001039505005,0.0032606672029942274,0.0031780004501342773,0.003129334421828389,0.003109334735199809,0.0031119994819164276,0.003091332735493779,0.003078001318499446,0.0030986678320914507,0.003103334456682205,0.0030913352966308594,0.003068668069317937,0.0030273348093032837,0.002965334802865982,0.0029106661677360535,0.0028566669207066298,0.002785333665087819,0.0026913348119705915,0.0025493341963738203,0.0023626673500984907,0.002142667770385742,0.0010926673421636224,0.001062000752426684,0.0010393349220976233,0.0010086683323606849,0.0009873347589746118,0.0009599998593330383,0.0009400025010108948,0.0009180009365081787,0.0009053349494934082,0.0009066686034202576,0.0009106670622713864,0.0009073342080228031,0.0009060005540959537,0.0009006683831103146,0.0008893336053006351,0.000870000571012497,0.0008446673746220767,0.0008386671543121338,0.000826667994260788,0.0008220014278776944,0.0008259999449364841,0.0008033339981921017,0.0007880019838921726,0.0007686677272431552,0.0007586677675135434,0.0007433344726450741,0.0007380011375062168,0.0007366687059402466,0.0007340013980865479,0.0007340001757256687,0.0007386679644696414,0.0007466661627404392,0.0007440000772476196,0.0007580009405501187,0.0007660004193894565,0.0007746678893454373,0.0007953345775604248,0.0008040021057240665,0.0008220014278776944,0.0008293340797536075,0.0008346674148924649,0.0008420012891292572,0.000842000066768378,0.0008453342015855014,0.000842000066768378,0.0008380003273487091,0.0008240006864070892,0.0007973338360898197,0.0007693357765674591,0.0007506683468818665,0.0007226690649986267,0.0006940017337910831,0.0006473350222222507,0.0005960017442703247,0.0005713340942747891,0.0005500006373040378,0.0005353341693989933,0.0005106677417643368,0.00048133483505807817,0.00045400112867355347,0.0004286679031793028,0.0004133333859499544,0.00039333352469839156,0.0003700008091982454,0.00035000094794668257,0.0003220016660634428,0.00030733519815839827,0.0002940023841802031,0.0002853336336556822,0.00027933469391427934,0.00025400021695531905,0.00024466714239679277,0.0002593348326627165,0.00029866769909858704
205,235938,1145,2024-10-03,29.407,29.404,-84.041,-84.069,29.4055,-84.055,23.6,9.5,98.0,30.0,321.3,,,,50.0,5.0,,,,,,,,,,,,,,,,,,,,511.90581612490803,0.002084223320707679,0.00242955656722188,0.002611556090414524,0.002577334176748991,0.0026571121998131275,0.002856000792235136,0.0029151125345379114,0.0029944453854113817,0.003009556792676449,0.002900446066632867,0.002793334424495697,0.002962223021313548,0.003060445189476013,0.0028393343091011047,0.0027828903403133154,0.0030404457356780767,0.0031373342499136925,0.0030577790457755327,0.0029377792961895466,0.0029400011990219355,0.0032120011746883392,0.0032535558566451073,0.003008000086992979,0.0028366674669086933,0.002819777699187398,0.002776001114398241,0.002721778117120266,0.0027046676259487867,0.0026891110464930534,0.002702889731153846,0.002683556405827403,0.0026646670885384083,0.002663556020706892,0.002693556249141693,0.00278711155988276,0.0027997782453894615,0.002724000485613942,0.0027217785827815533,0.0027140011079609394,0.0026875559706240892,0.0027411128394305706,0.0028042225167155266,0.0028402230236679316,0.0028868902008980513,0.0029433344025164843,0.002986667910590768,0.0030264449305832386,0.0030608894303441048,0.003092667320743203,0.0031017789151519537,0.003137555904686451,0.0031797790434211493,0.003237556666135788,0.003303555538877845,0.0033680004999041557,0.0034011113457381725,0.0034508900716900826,0.003473334014415741,0.00344644533470273,0.0034528905525803566,0.0034795557148754597,0.0034928901586681604,0.0034955565351992846,0.0034597786143422127,0.0034360012505203485,0.0034391123335808516,0.003456222591921687,0.0034711116459220648,0.003508223919197917,0.0035597789101302624,0.0035931121092289686,0.0036093341186642647,0.0036328898277133703,0.0036544448230415583,0.003661778289824724,0.0036402232944965363,0.0036253342404961586,0.003594000358134508,0.003527112305164337,0.003452889621257782,0.0034064454957842827,0.003382889786735177,0.003370890161022544,0.0033628898672759533,0.003366445191204548,0.00338600086979568,0.0034006673377007246,0.003389778546988964,0.0033435560762882233,0.0032537791412323713,0.003161112079396844,0.003087111283093691,0.0030195568688213825,0.0029284453485161066,0.002805778058245778,0.002631112467497587,0.0023900005035102367,0.0020571122877299786,0.0010697779944166541,0.0010486675892025232,0.0010395566932857037,0.0010222233831882477,0.0010035567684099078,0.00096866738749668,0.0009191118879243731,0.0008960005943663418,0.0008920005057007074,0.0008906676666811109,0.0009006679756566882,0.0009004452731460333,0.0008993339142762125,0.0008822228410281241,0.0008564454619772732,0.000820667773950845,0.0007728892960585654,0.0007466677925549448,0.0007322232122533023,0.0007313344976864755,0.000733555993065238,0.0007262233993969858,0.0007197782397270203,0.0007055567111819983,0.0006993346614763141,0.0006904444890096784,0.0006893343525007367,0.0006915562553331256,0.0007002229685895145,0.000709111918695271,0.0007157789077609777,0.0007231123745441437,0.0007322236197069287,0.0007424445357173681,0.0007595560746267438,0.0007735561230219901,0.0007926672697067261,0.0008122234139591455,0.0008266671793535352,0.0008444454870186746,0.0008588896598666906,0.0008713346323929727,0.0008808900020085275,0.0008888898883014917,0.0008904449641704559,0.0008846678538247943,0.0008742229547351599,0.0008522230782546103,0.0008188899955712259,0.0007760007283650339,0.0007317778072319925,0.0006824454758316278,0.0006264452240429819,0.0005784448585473001,0.0005395561456680298,0.0005115564563311636,0.0004946672124788165,0.0004726673068944365,0.00044222301221452653,0.00040822351002134383,0.0003795561788138002,0.00036088956403546035,0.00034777820110321045,0.00033266760874539614,0.00032022304367274046,0.0003026674094144255,0.0002891123294830322,0.0002804456453304738,0.00026800110936164856,0.000253334641456604,0.00022844556951895356,0.0002033350319834426,0.00017933423805516213,0.00017222306632902473
206,235939,1145,2024-10-03,29.379,29.378,-84.2,-84.229,29.3785,-84.2145,26.5,8.2,89.0,30.0,48.6,,,,40.0,7.0,,,,,,,,,,,,,,,,,,,,508.830838043539,0.003144890535622835,0.0035568897146731615,0.003715334227308631,0.0036426675505936146,0.00372066767886281,0.0039948890917003155,0.004027556162327528,0.004054667428135872,0.004087999928742647,0.004006223753094673,0.003894889960065484,0.004045778885483742,0.004149334970861673,0.003870445303618908,0.0038064448162913322,0.004110667854547501,0.0041860006749629974,0.0041466667316854,0.004026445560157299,0.003998889587819576,0.004270666744560003,0.004317556507885456,0.004054222721606493,0.0038340005557984114,0.0037942230701446533,0.003738000988960266,0.003662445582449436,0.003648889483883977,0.0036268900148570538,0.0036213339772075415,0.003600222757086158,0.003579778829589486,0.0035773341078311205,0.003594445763155818,0.003682890208438039,0.003710223129019141,0.003631333587691188,0.0036004451103508472,0.003611556254327297,0.0036177784204483032,0.0036600003950297832,0.0037360014393925667,0.0037922230549156666,0.0038331118412315845,0.003885777899995446,0.003917334135621786,0.00396666768938303,0.004010000266134739,0.004037556704133749,0.0040584453381598,0.004102000966668129,0.004155556205660105,0.004217334091663361,0.00427511241286993,0.004351334180682898,0.004394667223095894,0.004448445048183203,0.00448555639013648,0.00446333410218358,0.004460444673895836,0.0044877789914608,0.004496890120208263,0.004511556588113308,0.004492222331464291,0.004472667351365089,0.0044728899374604225,0.004467111546546221,0.004449556581676006,0.004469112027436495,0.004533556289970875,0.004593334160745144,0.004613557364791632,0.004633111879229546,0.004653112031519413,0.004653334151953459,0.004618667531758547,0.004596223589032888,0.004553111270070076,0.004476889967918396,0.004384000785648823,0.004317111801356077,0.004264667630195618,0.0042320010252296925,0.004208444617688656,0.0041993348859250546,0.0042115566320717335,0.004212889354676008,0.004187779501080513,0.004130222834646702,0.0040228902362287045,0.0039020006079226732,0.0037904446944594383,0.0036700007040053606,0.0035317784640938044,0.003375555854290724,0.0031562233343720436,0.0028788899071514606,0.00253844540566206,0.0012815562076866627,0.0012540005845949054,0.0012348898453637958,0.0012084452901035547,0.0011817788472399116,0.0011397791095077991,0.0011028903536498547,0.0010793345281854272,0.0010700010461732745,0.001067112316377461,0.0010693342192098498,0.0010682237334549427,0.0010662232525646687,0.0010548904538154602,0.0010293341474607587,0.000996445189230144,0.0009555559954605997,0.0009335565264336765,0.0009228897397406399,0.0009217787883244455,0.0009253339376300573,0.0009111120598390698,0.0008973346557468176,0.0008755562012083828,0.0008624448673799634,0.000846889684908092,0.0008388902642764151,0.0008388902642764151,0.0008397793862968683,0.0008444442646577954,0.0008477783994749188,0.0008537785615772009,0.0008582224254496396,0.0008688900270499289,0.000881555606611073,0.000893555989023298,0.000911556591745466,0.0009253339376300573,0.0009415567619726062,0.0009537790319882333,0.0009620007476769388,0.00097155652474612,0.000977334100753069,0.000979334581643343,0.0009786677546799183,0.0009731116588227451,0.0009573341812938452,0.0009335561189800501,0.0008991124923340976,0.0008651121752336621,0.0008253339328803122,0.0007811126415617764,0.0007255569798871875,0.0006731119356118143,0.0006406675674952567,0.0006162230274640024,0.0006008893251419067,0.0005733341677114367,0.0005384456017054617,0.0005033343331888318,0.00047200091648846865,0.0004526674747467041,0.00043488998198881745,0.00041422247886657715,0.00039555630064569414,0.00036889067268930376,0.0003495572309475392,0.0003340016701258719,0.0003193339507561177,0.00030577927827835083,0.0002791119914036244,0.00025911215925589204,0.0002617786230985075,0.00028488991665653884
207,235940,1145,2024-10-03,29.499,29.508,-84.373,-84.399,29.5035,-84.386,26.3,12.1,109.0,30.0,30.0,,,,,10.0,,,,,,,,,,,,,,,,,,,,,,,,,,,,,,,,,,,,,,,,,,,,,,,,,,,,,,,,,,,,,,,,,,,,,,,,,,,,,,,,,,,,,,,,,,,,,,,,,,,,,,,,,,,,,,,,,,,,,,,,,,,,,,,,,,,,,,,,,,,,,,,,,,,,,,,,,,,,,,,,,,,,,,,,,,,,,,,,,,,,,,,,,,,,,,,,
208,235941,1145,2024-10-03,29.453,29.452,-84.472,-84.501,29.4525,-84.4865,28.0,9.3,64.0,30.0,143.8,,,,8.0,14.0,,,,,,,,,,,,,,,,,,,,,,,,,,,,,,,,,,,,,,,,,,,,,,,,,,,,,,,,,,,,,,,,,,,,,,,,,,,,,,,,,,,,,,,,,,,,,,,,,,,,,,,,,,,,,,,,,,,,,,,,,,,,,,,,,,,,,,,,,,,,,,,,,,,,,,,,,,,,,,,,,,,,,,,,,,,,,,,,,,,,,,,,,,,,,,,,
209,235942,1145,2024-10-03,29.166,29.165,-84.262,-84.29,29.1655,-84.276,30.0,6.3,47.0,30.0,80.7,,,,9.0,,,,,,,,,,,,,,,,,,,,,509.41690011688,0.0005559995770454407,0.001189999282360077,0.001722000539302826,0.002062000334262848,0.002270001918077469,0.0027559995651245117,0.003033999353647232,0.0031759999692440033,0.003480002284049988,0.0035740025341510773,0.0036780014634132385,0.004006002098321915,0.004230000078678131,0.004298001527786255,0.004335999488830566,0.0046619996428489685,0.005130000412464142,0.005288001149892807,0.005100000649690628,0.005124002695083618,0.005648002028465271,0.005752000957727432,0.005458001047372818,0.005336001515388489,0.005405999720096588,0.005414001643657684,0.005405999720096588,0.0054020024836063385,0.005403999239206314,0.005458001047372818,0.0054959990084171295,0.005545999854803085,0.005600001662969589,0.005681999027729034,0.00583600252866745,0.005898002535104752,0.005952000617980957,0.006098002195358276,0.00620800256729126,0.006252001971006393,0.006397999823093414,0.006682001054286957,0.006978001445531845,0.007152002304792404,0.007318001240491867,0.00747000053524971,0.007628001272678375,0.007740002125501633,0.007835999131202698,0.00797400251030922,0.008128002285957336,0.00822800025343895,0.008406002074480057,0.008590001612901688,0.008788000792264938,0.008907999843358994,0.009018000215291977,0.009192001074552536,0.009201999753713608,0.009212002158164978,0.009322002530097961,0.00935399904847145,0.009374000132083893,0.009336002171039581,0.009279999881982803,0.009296000003814697,0.009258002042770386,0.00912800058722496,0.009126000106334686,0.009215999394655228,0.009282000362873077,0.009374000132083893,0.009482000023126602,0.009508002549409866,0.009460002183914185,0.009385999292135239,0.009339999407529831,0.009279999881982803,0.009150002151727676,0.008923999965190887,0.008749999105930328,0.008632000535726547,0.008556000888347626,0.008494000881910324,0.008486002683639526,0.008508000522851944,0.0085580013692379,0.008510001003742218,0.008354000747203827,0.008110001683235168,0.007794000208377838,0.00745600089430809,0.00711200013756752,0.0067100003361701965,0.006230000406503677,0.005720000714063644,0.005111999809741974,0.004314001649618149,0.001997999846935272,0.0019780024886131287,0.0019600018858909607,0.001916002482175827,0.001873999834060669,0.0018200017511844635,0.001744002103805542,0.00171000137925148,0.0016980022192001343,0.0016960017383098602,0.0017120018601417542,0.001703999936580658,0.0016840025782585144,0.0016580000519752502,0.0016120001673698425,0.0015440024435520172,0.0014720000326633453,0.0014260001480579376,0.001400001347064972,0.0014079995453357697,0.0014140009880065918,0.0013980008661746979,0.0013980008661746979,0.0013720020651817322,0.0013599991798400879,0.0013420023024082184,0.0013100020587444305,0.0012960024178028107,0.0012940019369125366,0.0012920014560222626,0.0012979991734027863,0.0013040006160736084,0.0013100020587444305,0.0013180002570152283,0.0013360008597373962,0.0013500005006790161,0.001345999538898468,0.0013700015842914581,0.0013759993016719818,0.001386001706123352,0.00140400230884552,0.00140400230884552,0.001400001347064972,0.0013980008661746979,0.001382000744342804,0.0013779997825622559,0.001361999660730362,0.0013340003788471222,0.0012960024178028107,0.001230001449584961,0.0011680014431476593,0.0010920017957687378,0.0010180026292800903,0.0009439997375011444,0.0008940026164054871,0.000872001051902771,0.0008400008082389832,0.0008160024881362915,0.0007680021226406097,0.0007099993526935577,0.0006799995899200439,0.0006520003080368042,0.0006339997053146362,0.0006039999425411224,0.0005760006606578827,0.0005380026996135712,0.0005140006542205811,0.0005020014941692352,0.00048800185322761536,0.00047200173139572144,0.0004200004041194916,0.0003760010004043579,0.00031800195574760437,0.0002900026738643646
210,235943,1145,2024-10-04,29.273,29.274,-84.593,-84.621,29.2735,-84.607,33.1,5.1,280.0,30.0,71.9,,,,,,,,,,,,,,,,,,,,,,,,,,,,,,,,,,,,,,,,,,,,,,,,,,,,,,,,,,,,,,,,,,,,,,,,,,,,,,,,,,,,,,,,,,,,,,,,,,,,,,,,,,,,,,,,,,,,,,,,,,,,,,,,,,,,,,,,,,,,,,,,,,,,,,,,,,,,,,,,,,,,,,,,,,,,,,,,,,,,,,,,,,,,,,,,,,,,,
211,235944,1145,2024-10-04,29.129,29.14,-84.772,-84.798,29.1345,-84.785,36.9,6.1,43.0,30.0,82.7,,,,,,,,,,,,,,,,,,,,,,,,,,,,,,,,,,,,,,,,,,,,,,,,,,,,,,,,,,,,,,,,,,,,,,,,,,,,,,,,,,,,,,,,,,,,,,,,,,,,,,,,,,,,,,,,,,,,,,,,,,,,,,,,,,,,,,,,,,,,,,,,,,,,,,,,,,,,,,,,,,,,,,,,,,,,,,,,,,,,,,,,,,,,,,,,,,,,,
212,235945,1145,2024-10-04,29.026,29.027,-84.718,-84.747,29.0265,-84.7325,39.5,5.0,102.0,30.0,36.1,,,,,,,,,,,,,,,,,,,,,,,,,,,,,,,,,,,,,,,,,,,,,,,,,,,,,,,,,,,,,,,,,,,,,,,,,,,,,,,,,,,,,,,,,,,,,,,,,,,,,,,,,,,,,,,,,,,,,,,,,,,,,,,,,,,,,,,,,,,,,,,,,,,,,,,,,,,,,,,,,,,,,,,,,,,,,,,,,,,,,,,,,,,,,,,,,,,,,
213,235946,1145,2024-10-04,28.791,28.816,-84.511,-84.509,28.8035,-84.51,42.8,13.6,145.0,30.0,35.1,,,,,,,,,,,,,,,,,,,,,,,,,,,,,,,,,,,,,,,,,,,,,,,,,,,,,,,,,,,,,,,,,,,,,,,,,,,,,,,,,,,,,,,,,,,,,,,,,,,,,,,,,,,,,,,,,,,,,,,,,,,,,,,,,,,,,,,,,,,,,,,,,,,,,,,,,,,,,,,,,,,,,,,,,,,,,,,,,,,,,,,,,,,,,,,,,,,,,
214,235947,1145,2024-10-04,28.63,28.648,-84.212,-84.232,28.639,-84.222,38.4,12.3,105.0,30.0,17.0,,,,50.0,4.0,,,,,,,,,,,,,,,,,,,,,,,,,,,,,,,,,,,,,,,,,,,,,,,,,,,,,,,,,,,,,,,,,,,,,,,,,,,,,,,,,,,,,,,,,,,,,,,,,,,,,,,,,,,,,,,,,,,,,,,,,,,,,,,,,,,,,,,,,,,,,,,,,,,,,,,,,,,,,,,,,,,,,,,,,,,,,,,,,,,,,,,,,,,,,,,,
215,235948,1145,2024-10-04,28.634,28.64,-84.486,-84.513,28.637,-84.4995,47.4,10.2,103.0,30.0,14.4,,,,70.0,7.0,,,,,,,,,,,,,,,,,,,,,,,,,,,,,,,,,,,,,,,,,,,,,,,,,,,,,,,,,,,,,,,,,,,,,,,,,,,,,,,,,,,,,,,,,,,,,,,,,,,,,,,,,,,,,,,,,,,,,,,,,,,,,,,,,,,,,,,,,,,,,,,,,,,,,,,,,,,,,,,,,,,,,,,,,,,,,,,,,,,,,,,,,,,,,,,,
216,235949,1145,2024-10-04,28.645,28.652,-84.602,-84.628,28.6485,-84.615,51.4,7.9,199.0,30.0,8.2,,,,9.0,,,,,,,,,,,,,,,,,,,,,,,,,,,,,,,,,,,,,,,,,,,,,,,,,,,,,,,,,,,,,,,,,,,,,,,,,,,,,,,,,,,,,,,,,,,,,,,,,,,,,,,,,,,,,,,,,,,,,,,,,,,,,,,,,,,,,,,,,,,,,,,,,,,,,,,,,,,,,,,,,,,,,,,,,,,,,,,,,,,,,,,,,,,,,,,,,
217,235950,1145,2024-10-04,28.595,28.608,-84.72,-84.743,28.6015,-84.7315,56.7,1.5,2.0,30.0,17.8,,,,9.0,,,,,,,,,,,,,,,,,,,,,,,,,,,,,,,,,,,,,,,,,,,,,,,,,,,,,,,,,,,,,,,,,,,,,,,,,,,,,,,,,,,,,,,,,,,,,,,,,,,,,,,,,,,,,,,,,,,,,,,,,,,,,,,,,,,,,,,,,,,,,,,,,,,,,,,,,,,,,,,,,,,,,,,,,,,,,,,,,,,,,,,,,,,,,,,,,
218,235951,1146,2024-10-14,28.389,28.407,-84.455,-84.436,28.398,-84.4455,56.5,9.0,340.0,30.0,27.2,,,,,,,,,,,,,,,,,,,,,,,,,,,,,,,,,,,,,,,,,,,,,,,,,,,,,,,,,,,,,,,,,,,,,,,,,,,,,,,,,,,,,,,,,,,,,,,,,,,,,,,,,,,,,,,,,,,,,,,,,,,,,,,,,,,,,,,,,,,,,,,,,,,,,,,,,,,,,,,,,,,,,,,,,,,,,,,,,,,,,,,,,,,,,,,,,,,,,
219,235952,1146,2024-10-14,28.209,28.186,-84.362,-84.374,28.1975,-84.368,56.0,6.3,322.0,30.0,6.1,,,,1.0,23.0,,,,,,,,,,,,,,,,,,,,,,,,,,,,,,,,,,,,,,,,,,,,,,,,,,,,,,,,,,,,,,,,,,,,,,,,,,,,,,,,,,,,,,,,,,,,,,,,,,,,,,,,,,,,,,,,,,,,,,,,,,,,,,,,,,,,,,,,,,,,,,,,,,,,,,,,,,,,,,,,,,,,,,,,,,,,,,,,,,,,,,,,,,,,,,,,
220,235953,1146,2024-10-14,28.168,28.148,-84.209,-84.189,28.158,-84.199,49.9,5.8,328.0,30.0,7.9,,,,1.0,10.0,,,,,,,,,,,,,,,,,,,,,,,,,,,,,,,,,,,,,,,,,,,,,,,,,,,,,,,,,,,,,,,,,,,,,,,,,,,,,,,,,,,,,,,,,,,,,,,,,,,,,,,,,,,,,,,,,,,,,,,,,,,,,,,,,,,,,,,,,,,,,,,,,,,,,,,,,,,,,,,,,,,,,,,,,,,,,,,,,,,,,,,,,,,,,,,,
221,235954,1146,2024-10-14,28.028,28.042,-84.352,-84.375,28.035,-84.3635,65.3,5.5,14.0,30.0,8.1,,,,,31.0,,,,,,,,,,,,,,,,,,,,,,,,,,,,,,,,,,,,,,,,,,,,,,,,,,,,,,,,,,,,,,,,,,,,,,,,,,,,,,,,,,,,,,,,,,,,,,,,,,,,,,,,,,,,,,,,,,,,,,,,,,,,,,,,,,,,,,,,,,,,,,,,,,,,,,,,,,,,,,,,,,,,,,,,,,,,,,,,,,,,,,,,,,,,,,,,
222,235955,1146,2024-10-14,27.957,27.933,-84.252,-84.242,27.945,-84.247,58.5,4.8,293.0,30.0,7.4,,,,,15.0,,,,,,,,,,,,,,,,,,,,,,,,,,,,,,,,,,,,,,,,,,,,,,,,,,,,,,,,,,,,,,,,,,,,,,,,,,,,,,,,,,,,,,,,,,,,,,,,,,,,,,,,,,,,,,,,,,,,,,,,,,,,,,,,,,,,,,,,,,,,,,,,,,,,,,,,,,,,,,,,,,,,,,,,,,,,,,,,,,,,,,,,,,,,,,,,
223,235956,1146,2024-10-14,27.721,27.745,-84.238,-84.239,27.733,-84.2385,67.1,5.7,331.0,30.0,15.7,,,,,17.0,,,,,,,,,,,,,,,,,,,,,,,,,,,,,,,,,,,,,,,,,,,,,,,,,,,,,,,,,,,,,,,,,,,,,,,,,,,,,,,,,,,,,,,,,,,,,,,,,,,,,,,,,,,,,,,,,,,,,,,,,,,,,,,,,,,,,,,,,,,,,,,,,,,,,,,,,,,,,,,,,,,,,,,,,,,,,,,,,,,,,,,,,,,,,,,,
224,235957,1146,2024-10-14,27.65,27.669,-84.165,-84.183,27.6595,-84.174,62.7,8.6,320.0,30.0,14.2,,,,,,,,,,,,,,,,,,,,,,,,,,,,,,,,,,,,,,,,,,,,,,,,,,,,,,,,,,,,,,,,,,,,,,,,,,,,,,,,,,,,,,,,,,,,,,,,,,,,,,,,,,,,,,,,,,,,,,,,,,,,,,,,,,,,,,,,,,,,,,,,,,,,,,,,,,,,,,,,,,,,,,,,,,,,,,,,,,,,,,,,,,,,,,,,,,,,,
225,235958,1146,2024-10-15,27.72,27.736,-83.92,-83.898,27.728,-83.909,52.1,5.3,251.0,30.0,15.2,,,,,,,,,,,,,,,,,,,,,,,,,498.8594705051279,0.004769778810441494,0.0050773341208696365,0.005343556869775057,0.005410222802311182,0.005520889535546303,0.005833779461681843,0.006058223079890013,0.006238000933080912,0.006326667498797178,0.006288222968578339,0.0062475563026964664,0.006434667855501175,0.006623112130910158,0.006414000876247883,0.006298446096479893,0.006550667807459831,0.006659556645900011,0.006636667996644974,0.006502667907625437,0.006474889814853668,0.006754444912075996,0.006784001365303993,0.006477111950516701,0.006206001155078411,0.006090667564421892,0.005953779444098473,0.005811778828501701,0.005732000805437565,0.0056582228280603886,0.005610667169094086,0.005561111494898796,0.005522890016436577,0.005482667591422796,0.005461112596094608,0.005512000527232885,0.005488000810146332,0.005369556602090597,0.005340890027582645,0.005356223322451115,0.005386667791754007,0.00548755656927824,0.005597112700343132,0.005663778632879257,0.005719112232327461,0.005789334420114756,0.005836890544742346,0.005894222762435675,0.005944889038801193,0.005982889793813229,0.0060182237066328526,0.006094667129218578,0.006180889438837767,0.006263333838433027,0.006352445110678673,0.006457778159528971,0.006519556976854801,0.0065828897058963776,0.006649112328886986,0.006647112313657999,0.00665777875110507,0.006698889657855034,0.0067322226241230965,0.006768445018678904,0.006776000838726759,0.006754889618605375,0.006666222587227821,0.006504222750663757,0.006324890069663525,0.0062284450978040695,0.006248000543564558,0.006303111556917429,0.006331333890557289,0.006375111639499664,0.00640200125053525,0.006394889671355486,0.006349777802824974,0.006318666972219944,0.006266000214964151,0.006179334595799446,0.006081556901335716,0.005977779161185026,0.005846445448696613,0.005713555961847305,0.005612889304757118,0.005553779192268848,0.0055246674455702305,0.005492445081472397,0.005416445899754763,0.005292890127748251,0.005125556606799364,0.00491311214864254,0.004674222785979509,0.004403778817504644,0.004096889868378639,0.003760667284950614,0.003394667524844408,0.0030222227796912193,0.00263422355055809,0.0011362230870872736,0.0011100003030151129,0.0010979999788105488,0.0010826674988493323,0.0010671110358089209,0.0010488902917131782,0.0010351124219596386,0.0010202229022979736,0.0010015562875196338,0.000978889991529286,0.0009713342878967524,0.0009675563778728247,0.0009662227239459753,0.0009595565497875214,0.0009466670453548431,0.000929777801502496,0.0009031117660924792,0.0008826669654808939,0.0008722224738448858,0.0008648890652693808,0.0008584451279602945,0.0008442227845080197,0.0008275554282590747,0.0008035567007027566,0.0007897785399109125,0.000777112552896142,0.0007657789392396808,0.0007611119654029608,0.0007551126182079315,0.0007511120638810098,0.0007504456443712115,0.0007504452369175851,0.0007555571501143277,0.0007648894097656012,0.0007771120872348547,0.0007897785399109125,0.0008068900206126273,0.0008228897349908948,0.000841112167108804,0.0008575564716011286,0.0008713342249393463,0.0008857788052409887,0.0008960001869127154,0.000900889455806464,0.0009004452731460333,0.0008951115305535495,0.0008820005459710956,0.0008695560391061008,0.0008495569927617908,0.0008362233638763428,0.000817778636701405,0.0007926672697067261,0.0007520007784478366,0.0006966681685298681,0.0006448899512179196,0.0005995568935759366,0.0005764447851106524,0.0005595568218268454,0.0005433339974842966,0.0005246673827059567,0.0005017783842049539,0.00048600012087263167,0.0004706672625616193,0.00046088919043540955,0.000449556449893862,0.0004346676869317889,0.0004226677119731903,0.0004088899295311421,0.00039377849316224456,0.0003755564393941313,0.0003526674408931285,0.0003164455993101001,0.00021177902817726135,0.00013822276378050447
226,235959,1146,2024-10-15,27.564,27.541,-83.902,-83.915,27.5525,-83.9085,53.9,5.3,251.0,30.0,19.0,,,,,,,,,,,,,,,,,,,,,,,,,490.5329502545031,0.0044168890453875065,0.004729778505861759,0.004978223238140345,0.005003557074815035,0.005131778307259083,0.005475111771374941,0.005672223400324583,0.005824223626405001,0.005927556194365025,0.005931778345257044,0.005905333440750837,0.0061062234453856945,0.0063060009852051735,0.006115779280662537,0.006020223256200552,0.006297112442553043,0.006412666756659746,0.0063973343931138515,0.006281556561589241,0.006288890261203051,0.00659911148250103,0.00660955673083663,0.006321334280073643,0.006082001142203808,0.0059857782907783985,0.005878666881471872,0.005771778989583254,0.005711112171411514,0.005665333475917578,0.005646445322781801,0.005609111860394478,0.005589112173765898,0.0055622230283916,0.0055544450879096985,0.005633779335767031,0.005635334178805351,0.00552888959646225,0.005498223938047886,0.0055153341963887215,0.005543556995689869,0.0056222230195999146,0.00570688908919692,0.005748889409005642,0.005791556090116501,0.005850000772625208,0.00589955598115921,0.005962889641523361,0.006018000654876232,0.006055111531168222,0.006090222857892513,0.006155779119580984,0.0062177786603569984,0.006276667583733797,0.006341778673231602,0.0064228898845613,0.006468445062637329,0.006522667594254017,0.006565778516232967,0.006528222933411598,0.006508445367217064,0.0065013337880373,0.006472000852227211,0.006427334621548653,0.006347111891955137,0.006236890330910683,0.006066890433430672,0.005810889415442944,0.005541333928704262,0.005380445159971714,0.005350890103727579,0.005364222917705774,0.0053519997745752335,0.005355333909392357,0.0053524449467659,0.005315778777003288,0.005246667191386223,0.00517844595015049,0.005095556378364563,0.004994889721274376,0.004879111889749765,0.0047546676360070705,0.004605334717780352,0.004459778778254986,0.00433733407407999,0.004250667989253998,0.0041960012167692184,0.004140667617321014,0.004061555955559015,0.003949333913624287,0.0038035560864955187,0.003635778557509184,0.003442666959017515,0.0032202238216996193,0.002980223624035716,0.0027215564623475075,0.002441111486405134,0.0021635559387505054,0.0018884456949308515,0.0007748901844024658,0.0007566672866232693,0.0007540008518844843,0.0007400016183964908,0.0007260006968863308,0.000719111820217222,0.0007151116733439267,0.0007044453523121774,0.000686667044647038,0.0006686672568321228,0.0006691126618534327,0.0006642229855060577,0.0006586673553101718,0.000649334629997611,0.0006406675674952567,0.0006306672003120184,0.0006148897809907794,0.0006011124351061881,0.0005922234850004315,0.000582889944780618,0.0005768897826783359,0.0005673344130627811,0.0005557785625569522,0.0005464458372443914,0.00053444504737854,0.000521334121003747,0.0005148897762410343,0.0005057785310782492,0.0005006678402423859,0.0005002237157896161,0.0004991122987121344,0.0005000010132789612,0.0005071121850050986,0.0005133342347107828,0.0005235568387433887,0.0005328890983946621,0.0005446676514111459,0.0005562235019169748,0.0005671121180057526,0.0005784452660009265,0.0005873346235603094,0.0005966677563264966,0.0006042230525054038,0.0006064449553377926,0.0006075563724152744,0.0006024452741257846,0.0005915562505833805,0.0005842223763465881,0.0005746674141846597,0.0005651116371154785,0.0005557785625569522,0.0005382233066484332,0.0005020010867156088,0.00046422332525253296,0.0004251115024089813,0.00039066706085577607,0.0003733341000042856,0.0003604454395826906,0.0003497790894471109,0.0003391119244042784,0.0003246673149988055,0.00031488967943005264,0.0003033342363778502,0.00029444528627209365,0.00028800053405575454,0.00027844516444019973,0.0002704448997974396,0.00026133449864573777,0.00025088959955610335,0.00023755637812428176,0.00022088942932896316,0.00019511167192831635,0.00011088988685514778,4.35560941696167e-05
227,235960,1146,2024-10-15,27.326,27.309,-83.778,-83.757,27.3175,-83.7675,55.0,5.3,316.0,30.0,35.2,,,,,,,,,,,,,,,,,,,,,,,,,484.4435091662511,0.0050697787664830685,0.00535866804420948,0.005575777962803841,0.005622222553938627,0.00573355657979846,0.00606488948687911,0.006253556814044714,0.006399556528776884,0.0065057785250246525,0.006512444466352463,0.006507778540253639,0.006720222532749176,0.006914444733411074,0.006734889931976795,0.006656000390648842,0.0069322227500379086,0.00704688997939229,0.007025111000984907,0.00693111214786768,0.0069384449161589146,0.007222667336463928,0.007254444994032383,0.006968223489820957,0.006728446111083031,0.006647111847996712,0.006535779219120741,0.006430001463741064,0.006383778527379036,0.0063371118158102036,0.006331333890557289,0.006307334639132023,0.006276222877204418,0.006256445311009884,0.006261778995394707,0.006333112251013517,0.006329111289232969,0.006226667668670416,0.006200667470693588,0.006208445411175489,0.006215333938598633,0.006280000787228346,0.0063468897715210915,0.006371112074702978,0.006405333522707224,0.0064697787165641785,0.0065168896690011024,0.006571111734956503,0.006622000597417355,0.0066522229462862015,0.006683556362986565,0.006743112578988075,0.006787778809666634,0.006823556497693062,0.006866000592708588,0.006926445290446281,0.006944667082279921,0.00696288887411356,0.006969778798520565,0.006896667648106813,0.006833334919065237,0.006768445018678904,0.006678000558167696,0.006574445404112339,0.006424889899790287,0.006241334602236748,0.006000666879117489,0.005678889807313681,0.005357111804187298,0.005150223150849342,0.005086445715278387,0.005065778270363808,0.0050308904610574245,0.0050126672722399235,0.004991334863007069,0.0049406676553189754,0.004850445315241814,0.0047700004652142525,0.0046653347089886665,0.004550001118332148,0.004419333767145872,0.004278445616364479,0.0041271112859249115,0.003972889389842749,0.003838667878881097,0.0037455568090081215,0.0036848895251750946,0.0036248895339667797,0.0035400008782744408,0.0034304452128708363,0.003295556642115116,0.0031408891081809998,0.0029697781428694725,0.002773111453279853,0.0025624451227486134,0.0023302228655666113,0.0020884457044303417,0.0018462232546880841,0.001600890071131289,0.0006497788126580417,0.000637334247585386,0.0006360001862049103,0.000629556248895824,0.0006193348672240973,0.0006093345582485199,0.0005986674223095179,0.0005908902385272086,0.0005777784390375018,0.0005631115636788309,0.0005580004653893411,0.0005508897011168301,0.0005471122567541897,0.0005393342580646276,0.0005331122083589435,0.0005284448270685971,0.0005180012085475028,0.0005073336069472134,0.0004973341128788888,0.0004900011117570102,0.00048155669355764985,0.0004717786214314401,0.0004646674497053027,0.00045155652333050966,0.00044466802501119673,0.00043755603837780654,0.00043377900146879256,0.00042777840280905366,0.00041822303319349885,0.0004137787618674338,0.0004115559859201312,0.00041133371996693313,0.00041444558883085847,0.0004193339846096933,0.0004286674957256764,0.00043422315502539277,0.00044333437108434737,0.0004526674747467041,0.0004597790539264679,0.0004671116766985506,0.000472889601951465,0.00048000074457377195,0.0004828899400308728,0.00048577826237306,0.0004844446084462106,0.0004800011811312288,0.0004731122753582895,0.000465333869215101,0.00045355656766332686,0.0004473341105040163,0.00043977878522127867,0.0004288893542252481,0.00040755668305791914,0.00037466693902388215,0.00034222297836095095,0.0003126677474938333,0.0002964453597087413,0.0002888892195187509,0.0002822230162564665,0.000273779034614563,0.0002633333206176758,0.000256223400356248,0.00024911182117648423,0.0002451112668495625,0.00024266706896014512,0.00023422307276632637,0.00022644508862867951,0.00021222316718194634,0.00020222282910253853,0.00019266745948698372,0.0001804456114768982,0.00015755619097035378,7.155662024160847e-05,3.5564105473895324e-06
228,235961,1146,2024-10-15,27.313,27.312,-83.587,-83.559,27.3125,-83.573,50.1,3.9,331.0,30.0,76.0,,,,,,,,,,,,,,,,,,,,,,,,,485.0618762294708,0.0053235567174851894,0.005553556140512228,0.005777333863079548,0.005830890033394098,0.005966667085886002,0.006280222907662392,0.0064544458873569965,0.00658800033852458,0.006687111221253872,0.006687555927783251,0.006652667187154293,0.006858001463115215,0.007093111518770456,0.006901556625962257,0.006794223561882973,0.0070800017565488815,0.007210890296846628,0.007197333499789238,0.0070748901925981045,0.007082889322191477,0.007395555730909109,0.00743288965895772,0.00713933352380991,0.006888445466756821,0.0068080006167292595,0.006701779086142778,0.006594445090740919,0.006544667761772871,0.006502000615000725,0.006487778853625059,0.006460889242589474,0.006439778488129377,0.006416889373213053,0.006418889854103327,0.006493778899312019,0.0064935567788779736,0.006395334377884865,0.006360667757689953,0.006369555834680796,0.0063948906026780605,0.006471334490925074,0.006535334046930075,0.006554445251822472,0.00659911148250103,0.006668223068118095,0.006723778788000345,0.006792889907956123,0.006844000890851021,0.006874444894492626,0.0069135562516748905,0.006980889476835728,0.007038446143269539,0.007084445096552372,0.007137557025998831,0.00720844604074955,0.0072311111725866795,0.007262001279741526,0.0072820005007088184,0.007214223500341177,0.0071524446830153465,0.007091777864843607,0.006999112665653229,0.006895333994179964,0.006753334775567055,0.0065764463506639,0.006334223784506321,0.00600489042699337,0.00567711191251874,0.005467778071761131,0.005402667447924614,0.005390889942646027,0.0053626676090061665,0.005345111712813377,0.005324223078787327,0.00527488999068737,0.005187556613236666,0.0051046679727733135,0.005004445090889931,0.004886666778475046,0.004755556583404541,0.004610445816069841,0.00444822246208787,0.004282889887690544,0.004140667617321014,0.004038000945001841,0.003971556201577187,0.003911556676030159,0.003824000945314765,0.0037060007452964783,0.003563334234058857,0.0034008899237960577,0.0032175560481846333,0.0030066680628806353,0.002780000679194927,0.002530889818444848,0.00226800050586462,0.002001111628487706,0.0017377784242853522,0.000682890007738024,0.0006666679983027279,0.0006675563054159284,0.0006613342557102442,0.0006488900980912149,0.0006384451990015805,0.0006291121244430542,0.000617555866483599,0.0006035562255419791,0.000587334216106683,0.000585333735216409,0.0005746665992774069,0.0005684457719326019,0.000558223167899996,0.0005533338990062475,0.0005502237472683191,0.0005355568137019873,0.0005255556898191571,0.0005144451861269772,0.0005048902239650488,0.0004957777564413846,0.00048466731095686555,0.0004753342072945088,0.0004582226974889636,0.0004502232768572867,0.00044044561218470335,0.0004342227475717664,0.0004260014393366873,0.0004184457066003233,0.0004137783544138074,0.00041111226892098784,0.00041066730045713484,0.0004131119349040091,0.0004180003306828439,0.0004262237052898854,0.0004295565886422992,0.00043733417987823486,0.00044577859807759523,0.00045177838183008134,0.0004595559439621866,0.00046466788626275957,0.00046911215758882463,0.00047333413385786116,0.0004760014417115599,0.0004760010342579335,0.00047200091648846865,0.0004655569791793823,0.00045955635141581297,0.0004520010552369058,0.00044755678391084075,0.0004388900997582823,0.00042600103188306093,0.00040644448017701507,0.00037466734647750854,0.00034422302269376814,0.00031489008688367903,0.00029911226010881364,0.0002926670713350177,0.00028533488512039185,0.0002782220544759184,0.00026800070190802217,0.00026089034508913755,0.00025488933897577226,0.00025088959955610335,0.00024844540166668594,0.00024022285651881248,0.0002340012142667547,0.00022400046873372048,0.0002140009601134807,0.00020577924442477524,0.00019222332048229873,0.0001671115605859086,7.844550418667495e-05,1.1334403097862378e-05
229,235962,1146,2024-10-15,27.387,27.387,-83.309,-83.281,27.387,-83.295,37.9,6.6,312.0,30.0,28.7,,,,,,,,,,,,,,,,,,,,,,,,,503.2489525462263,0.0034606680274009705,0.0037013329565525055,0.0038126676809042692,0.0038266684859991074,0.0038986678700894117,0.004191001411527395,0.004397000651806593,0.004510000813752413,0.004572667647153139,0.0045813340693712234,0.004603334236890078,0.004794333595782518,0.004975335206836462,0.004816667642444372,0.0047463346272706985,0.00503400107845664,0.005169333890080452,0.005164667498320341,0.00504833459854126,0.005055001005530357,0.005386000033468008,0.005473667755723,0.005242668092250824,0.005062333773821592,0.005020000506192446,0.004970334470272064,0.004904001485556364,0.004875000566244125,0.004867667332291603,0.004871667828410864,0.004852334503084421,0.004849001299589872,0.004857333842664957,0.004867334384471178,0.004944334272295237,0.004950001370161772,0.004884000401943922,0.004918333142995834,0.004959001671522856,0.00499366782605648,0.005107667297124863,0.005228667985647917,0.0052913338877260685,0.005352334585040808,0.0054456680081784725,0.005541667342185974,0.005627333652228117,0.005704334005713463,0.005753668025135994,0.005812667775899172,0.0059293340891599655,0.006034000311046839,0.006147667299956083,0.006259001325815916,0.006369000766426325,0.006427667569369078,0.006482668220996857,0.006544334348291159,0.00653500109910965,0.006527333986014128,0.006564667914062738,0.006598000880330801,0.006623334717005491,0.006646001245826483,0.006655001547187567,0.006600667256861925,0.006496667396277189,0.006365001201629639,0.006302333902567625,0.006352333817631006,0.006440000608563423,0.006498001050204039,0.006553000304847956,0.006590668112039566,0.006612000986933708,0.0065830000676214695,0.00655366713181138,0.006517333909869194,0.006451000925153494,0.006372333969920874,0.006292667705565691,0.006183000281453133,0.006084334570914507,0.006012667436152697,0.00597799988463521,0.005978001281619072,0.0059806667268276215,0.005947668105363846,0.005865000654011965,0.005737334489822388,0.005559001583606005,0.005331000778824091,0.00506800040602684,0.00476300111040473,0.004390667658299208,0.003977333661168814,0.0035546671133488417,0.003126334398984909,0.001264334307052195,0.0012316672364249825,0.0012263344833627343,0.001210000365972519,0.0011920016258955002,0.0011763343354687095,0.0011603335151448846,0.0011413345346227288,0.0011126672616228461,0.0010880008339881897,0.0010760010918602347,0.001055000931955874,0.0010426677763462067,0.0010346677154302597,0.0010246671736240387,0.0010096672922372818,0.0009903343161568046,0.0009610007400624454,0.0009430007194168866,0.0009260009974241257,0.0009100015158765018,0.0008926670998334885,0.0008703352068550885,0.0008466672152280807,0.0008243340998888016,0.0008063347195275128,0.0007906680111773312,0.0007710009813308716,0.000753334432374686,0.0007393347914330661,0.0007253338699229062,0.0007190002943389118,0.0007213341887108982,0.0007216676021926105,0.0007266675238497555,0.0007300010765902698,0.0007356678252108395,0.0007480016793124378,0.0007560004596598446,0.0007660010014660656,0.0007776673883199692,0.0007850012625567615,0.0007950005237944424,0.0008023350383155048,0.0008000011439435184,0.0007940009236335754,0.0007836676086299121,0.0007716678082942963,0.0007590005989186466,0.000754334032535553,0.000745333731174469,0.0007276677642948925,0.000698000832926482,0.000656668096780777,0.0006156669114716351,0.0005793341551907361,0.0005630012601613998,0.0005500006373040378,0.0005386676639318466,0.000523000955581665,0.0005050009931437671,0.0004910013522021472,0.0004793343541678041,0.0004749999789055437,0.00047100023948587477,0.0004643338324967772,0.00045166784548200667,0.0004366673529148102,0.00042066723108291626,0.0004060007631778717,0.00038400167250074446,0.00035100057721138,0.0002333341835765168,0.00014600034046452492
230,235963,1146,2024-10-15,27.568,27.544,-83.432,-83.438,27.556,-83.435,39.3,4.3,319.0,30.0,11.6,,,,2.0,17.0,,,,,,,,,,,,,,,,,,,,490.4090183936789,0.0032251121010631323,0.003494000993669033,0.0036613340489566326,0.003653111634775996,0.0037740005645900965,0.004072445444762707,0.00425289012491703,0.004424223210662603,0.004489111714065075,0.004472667351365089,0.004480445291846991,0.00467311218380928,0.004938445519655943,0.004797112196683884,0.004722666926681995,0.005033555906265974,0.005179334431886673,0.0051971119828522205,0.005127778742462397,0.005166444927453995,0.005510223098099232,0.0056084454990923405,0.005384000483900309,0.005188668146729469,0.00514800101518631,0.005105111747980118,0.00506511190906167,0.005060223862528801,0.005066223442554474,0.005094001069664955,0.005101778544485569,0.00512066762894392,0.005144445225596428,0.0051933336071670055,0.005323778372257948,0.0053944457322359085,0.0053466674871742725,0.0053695570677518845,0.005432667676359415,0.005484888330101967,0.005585112143307924,0.005681778769940138,0.005740445107221603,0.005818667821586132,0.005923556163907051,0.006017112173140049,0.006122668273746967,0.006216445472091436,0.0062844459898769855,0.00635022297501564,0.0064400010742247105,0.0065293340012431145,0.006603334564715624,0.006677556782960892,0.006769111845642328,0.006812223698943853,0.00686444528400898,0.006906889844685793,0.006860889494419098,0.006815556436777115,0.006762668024748564,0.006684000603854656,0.006597334519028664,0.006470667198300362,0.006304889917373657,0.006082223728299141,0.005786223337054253,0.005486667156219482,0.005300668068230152,0.005252667237073183,0.005254000891000032,0.00522977951914072,0.00522666797041893,0.005220001097768545,0.005188001319766045,0.00511689018458128,0.005041112191975117,0.004951111506670713,0.004843777511268854,0.004724223632365465,0.004595556762069464,0.004441333934664726,0.00428911205381155,0.0041688899509608746,0.0040886676870286465,0.004036666825413704,0.003979778382927179,0.0039055566303431988,0.0038031120784580708,0.0036680002231150866,0.0035100008826702833,0.0033335562329739332,0.003123778384178877,0.002892445307224989,0.002640445251017809,0.0023720008321106434,0.0020940015092492104,0.0018184450455009937,0.0007180012762546539,0.0006984451320022345,0.0006960005266591907,0.0006900011794641614,0.0006824454758316278,0.0006706677377223969,0.0006631128489971161,0.0006557785673066974,0.0006382225546985865,0.0006144452490843832,0.0006133342976681888,0.0006093341507948935,0.0006033343379385769,0.0005931121413595974,0.0005824450054205954,0.0005728896358050406,0.0005566676263697445,0.0005413339240476489,0.0005351122817955911,0.0005262229242362082,0.0005182235036045313,0.0005073340144008398,0.0004933339660055935,0.00047777924919500947,0.0004693340160883963,0.0004586672584991902,0.00045089051127433777,0.00044355622958391905,0.0004357790749054402,0.0004322230815887451,0.0004268897173460573,0.0004251119098626077,0.00042755570029839873,0.00043088942766189575,0.00043866742635145783,0.00044333437108434737,0.0004480005009099841,0.0004528893332462758,0.0004580012755468488,0.0004628896713256836,0.00046555616427212954,0.0004693344235420227,0.00047377869486808777,0.00047489008284173906,0.0004742232558783144,0.00047111179446801543,0.00046466788626275957,0.00046088959788903594,0.00045400072121992707,0.00045422298717312515,0.00044866776443086565,0.00044088935828767717,0.0004197789530735463,0.00038822367787361145,0.00035800080513581634,0.0003288897278252989,0.0003144455549772829,0.0003073347907047719,0.0003002236189786345,0.00029377845930866897,0.0002833344042301178,0.00027644552756100893,0.0002700007753446698,0.0002642232575453818,0.00026155676459893584,0.0002506669261492789,0.00024577893782407045,0.00023688955116085708,0.0002302229404449463,0.00022088985133450478,0.0002068893809337169,0.00018177843594457954,9.466790652368218e-05,3.0000590413692407e-05
231,235964,1146,2024-10-15,27.621,27.642,-83.153,-83.138,27.6315,-83.1455,27.6,1.4,332.0,30.0,181.2,,,,1.0,3.0,,,,,,,,,,,,,,,,,,,,537.0391526721953,0.0015986678190529346,0.0016977782361209393,0.0017866670386865735,0.0016797780990600586,0.0016802235040813684,0.0018777785589918494,0.0019546684343367815,0.0020226677879691124,0.002027334412559867,0.0019400008022785187,0.001871334621682763,0.0020111119374632835,0.0021828897297382355,0.002000889740884304,0.0018904453609138727,0.002096445532515645,0.0021824452560395002,0.00216422276571393,0.0020513348281383514,0.0020462225656956434,0.002318667946383357,0.0024044455494731665,0.0022086675744503736,0.0020293344277888536,0.001998667838051915,0.0019586682319641113,0.001916223089210689,0.0019166676793247461,0.001901556272059679,0.001893556327559054,0.0018697786144912243,0.0018415567465126514,0.0018144457135349512,0.0018173339776694775,0.0018946669297292829,0.00191911228466779,0.0018446673639118671,0.0018217791803181171,0.0018084450857713819,0.001793112140148878,0.0018117784056812525,0.0018233346054330468,0.0017993343062698841,0.0017915567150339484,0.0018051122315227985,0.0018124452326446772,0.0018240006174892187,0.001835556118749082,0.0018271120497956872,0.001819778699427843,0.0018404448637738824,0.001857556402683258,0.0018775558564811945,0.0018957791617140174,0.001912889420054853,0.0018915558466687799,0.0018922231392934918,0.001907111844047904,0.001869334140792489,0.0018584454664960504,0.0018700009677559137,0.0018788898596540093,0.0018884452292695642,0.0019017788581550121,0.0019260016269981861,0.0019313341472297907,0.0019402235047891736,0.0019557783380150795,0.001983556430786848,0.002028667600825429,0.0020720006432384253,0.002098445314913988,0.0021524454932659864,0.002213778905570507,0.0022708901669830084,0.002310445299372077,0.0023708902299404144,0.002420667093247175,0.002473334548994899,0.002531778533011675,0.0025960011407732964,0.0026660007424652576,0.002740667900070548,0.0028071121778339148,0.0028720004484057426,0.0029517794027924538,0.0030284449458122253,0.0030742234084755182,0.003079334506765008,0.0030495552346110344,0.0029920008964836597,0.0029097783844918013,0.0028040010947734118,0.002685333602130413,0.002547111362218857,0.002398223616182804,0.002230000915005803,0.0020411121658980846,0.0013188897864893079,0.001280889380723238,0.001256446004845202,0.001234445720911026,0.001215111929923296,0.0011926678707823157,0.0011786669492721558,0.001163111417554319,0.001142001012340188,0.0011173345847055316,0.0011086666490882635,0.0011086674639955163,0.0011111117200925946,0.0011137790279462934,0.0011124449083581567,0.0011097784154117107,0.001100001623854041,0.0010893340222537518,0.001081113237887621,0.00107355578802526,0.0010637781815603375,0.0010475566377863288,0.001030667801387608,0.001006667036563158,0.0009888894855976105,0.0009684446849860251,0.0009504457120783627,0.0009360015392303467,0.0009253339376300573,0.0009195568854920566,0.0009182232315652072,0.0009226675028912723,0.0009384445147588849,0.0009620011551305652,0.0009942232863977551,0.0010315560502931476,0.001080445945262909,0.0011353343725204468,0.0011944456491619349,0.001258889795280993,0.001325334538705647,0.0013933338923379779,0.0014608895871788263,0.0015224454691633582,0.0015773342456668615,0.0016215563518926501,0.0016537780174985528,0.0016728895716369152,0.0016760011203587055,0.0016760006546974182,0.0016597786452621222,0.0016293347580358386,0.0015766674187034369,0.0015060012228786945,0.0014342231443151832,0.0013695566449314356,0.0013237781822681427,0.0012895568506792188,0.0012553342385217547,0.0012157787568867207,0.001170667470432818,0.0011311119887977839,0.0010951115982607007,0.0010611125035211444,0.001032667001709342,0.0009946682257577777,0.0009553345735184848,0.0009164449875243008,0.0008755562012083828,0.0008348897099494934,0.0007900007767602801,0.000731556792743504,0.0005633342661894858,0.00043133480357937515
232,235965,1146,2024-10-15,27.923,27.937,-83.176,-83.2,27.93,-83.188,22.9,8.2,296.0,30.0,53.8,,,,3.0,3.0,,,,,,,,,,,,,,,,,,,,537.1802286715094,0.000628223002422601,0.000754890323150903,0.0008591123623773456,0.0008077786769717932,0.0008322228095494211,0.001028222730383277,0.0011646677739918232,0.0012753340415656567,0.0012895563850179315,0.00122711225412786,0.0011642231838777661,0.0013228894677013159,0.001538001000881195,0.0013573343167081475,0.0012373336357995868,0.0014791116118431091,0.001598889590241015,0.001594444504007697,0.001497333636507392,0.0014915565261617303,0.0018111115787178278,0.00195133441593498,0.0017555563244968653,0.001576889306306839,0.0015711121959611773,0.001548889558762312,0.0015211118152365088,0.001533334027044475,0.0015366673469543457,0.001548000960610807,0.0015417784452438354,0.0015415570233017206,0.0015400006668642163,0.0015657783951610327,0.0016657784581184387,0.0017113345675170422,0.0016597791109234095,0.0016653338680043817,0.0016791117377579212,0.001688001910224557,0.0017295567085966468,0.0017673344118520617,0.0017646679189056158,0.0017751115374267101,0.0018068895442411304,0.0018415567465126514,0.0018811114132404327,0.0019111119909211993,0.001920222770422697,0.0019231124315410852,0.0019604451954364777,0.002009333809837699,0.0020504456479102373,0.0020853334572166204,0.002123556099832058,0.0021304450929164886,0.0021560010500252247,0.002197111723944545,0.0021795567590743303,0.0021873340010643005,0.0022160012740641832,0.002240222878754139,0.002268667798489332,0.002300000749528408,0.002338445745408535,0.0023500004317611456,0.0023595558013767004,0.0023795561864972115,0.0024184456560760736,0.002479334594681859,0.0025373336393386126,0.002563334070146084,0.0026177784893661737,0.002690889872610569,0.002747111488133669,0.00277711171656847,0.00282577914185822,0.0028626674320548773,0.0028893339913338423,0.0029124456923455,0.002939334837719798,0.0029680009465664625,0.0029957788065075874,0.0030133340042084455,0.0030411125626415014,0.0030768897850066423,0.003116000909358263,0.003138667205348611,0.00313177821226418,0.0031046669464558363,0.003066667355597019,0.0030180008616298437,0.0029520003590732813,0.002874444704502821,0.002774446038529277,0.0026397788897156715,0.0024786675348877907,0.0022820006124675274,0.001413556863553822,0.0013840007595717907,0.001364444731734693,0.0013417787849903107,0.0013231118209660053,0.0013013341231271625,0.0012922236928716302,0.0012788892490789294,0.001257778494618833,0.001234001130796969,0.001220889389514923,0.0012160009937360883,0.0012177787721157074,0.001215111929923296,0.0012071124510839581,0.001193556934595108,0.0011735566658899188,0.0011526676826179028,0.0011391122825443745,0.0011304446961730719,0.0011217788560315967,0.0011068901512771845,0.0010911114513874054,0.0010651113698258996,0.0010453338036313653,0.001021111966110766,0.0010017789900302887,0.000986222643405199,0.0009737784857861698,0.0009637785260565579,0.0009557786979712546,0.0009491124656051397,0.0009506675996817648,0.0009555559954605997,0.0009708892903290689,0.0009877788834273815,0.0010126675479114056,0.0010420017642900348,0.0010722229490056634,0.0011095566442236304,0.0011428892612457275,0.0011788891861215234,0.0012148900423198938,0.001246223459020257,0.0012728902511298656,0.0012935565318912268,0.0013060006313025951,0.0013131113955751061,0.0013106667902320623,0.0013124453835189342,0.0013022231869399548,0.0012788900639861822,0.0012280005030333996,0.0011584447929635644,0.0010924463858827949,0.001033334294334054,0.000997778493911028,0.0009708892903290689,0.0009408899350091815,0.0009100006427615881,0.0008742225472815335,0.0008488897583447397,0.0008293340797536075,0.0008082228596322238,0.0007917785551398993,0.0007664449512958527,0.0007435563602484763,0.0007206677692010999,0.0006957795121707022,0.0006700013182125986,0.0006355564692057669,0.0005862232646904886,0.00044355622958391905,0.0003397783439140767
233,235966,1146,2024-10-15,27.957,27.959,-83.442,-83.415,27.958,-83.4285,31.8,6.6,334.0,30.0,53.5,,,,2.0,,,,,,,,,,,,,,,,,,,,,508.51248716161183,0.003570001106709242,0.0037205719854682684,0.0038511434104293585,0.0037814287934452295,0.003913429100066423,0.004183715675026178,0.004306572489440441,0.004498286638408899,0.004685429390519857,0.004637143574655056,0.004582858644425869,0.004760286305099726,0.005046000238507986,0.004904286004602909,0.004704285878688097,0.004961715079843998,0.005171429831534624,0.005184000823646784,0.005097429733723402,0.00515885790809989,0.005506571382284164,0.005625430028885603,0.0053945728577673435,0.005141428671777248,0.005100572016090155,0.005120858084410429,0.005100571550428867,0.005077143665403128,0.005043715238571167,0.005068287253379822,0.005036572925746441,0.005007143598049879,0.005002286285161972,0.0050294301472604275,0.005154858343303204,0.00519885728135705,0.005102857947349548,0.005096571985632181,0.005153715144842863,0.005193142686039209,0.005282572004944086,0.005396001506596804,0.005483143962919712,0.0055391439236700535,0.005594286136329174,0.005662858951836824,0.005766571965068579,0.005848858039826155,0.005890572909265757,0.00594428600743413,0.00603742990642786,0.0061237141489982605,0.006211142987012863,0.006298571825027466,0.006406858563423157,0.006467144005000591,0.006510858424007893,0.006560285575687885,0.006545429117977619,0.006538572255522013,0.006566858384758234,0.00660971412435174,0.006661715917289257,0.0066920011304318905,0.006721715442836285,0.006692573428153992,0.006624001078307629,0.0065502868965268135,0.0065322876907885075,0.006592001765966415,0.006662001367658377,0.00670342892408371,0.006745714228600264,0.006769429426640272,0.006772857159376144,0.006738572847098112,0.006680571939796209,0.006615143269300461,0.006560000125318766,0.006473715882748365,0.006372572388499975,0.006283714901655912,0.006222571711987257,0.006163429003208876,0.0061311437748372555,0.0061622862704098225,0.006211429368704557,0.006198002491146326,0.00611714506521821,0.006020286586135626,0.005891142878681421,0.005696000996977091,0.005470858421176672,0.005204572342336178,0.004896285943686962,0.004505428485572338,0.004083429463207722,0.0036285726819187403,0.0017342859646305442,0.0016828578663989902,0.0016685730079188943,0.0016522870864719152,0.0016208572778850794,0.001592000713571906,0.0015722864773124456,0.0015534290578216314,0.0015294296899810433,0.0014977146638557315,0.0014742867788299918,0.001454572076909244,0.0014457149663940072,0.0014391435543075204,0.0014328573597595096,0.0014111442724242806,0.0013865733053535223,0.0013620012905448675,0.001344572752714157,0.0013274295488372445,0.0013231438351795077,0.001296286121942103,0.0012740014353767037,0.0012511435197666287,0.0012225721729919314,0.0012008579215034842,0.001176572754047811,0.0011517155217006803,0.0011297155870124698,0.00112171471118927,0.0011174295796081424,0.0011117144022136927,0.0011137148831039667,0.001114286482334137,0.0011191436788067222,0.0011311434209346771,0.0011457146611064672,0.0011502871057018638,0.001153144403360784,0.0011591437505558133,0.0011602869490161538,0.0011640004813671112,0.0011737154563888907,0.0011740012560039759,0.0011742865899577737,0.0011705724755302072,0.001158001134172082,0.001141715212725103,0.001126000890508294,0.0011202868772670627,0.001108859316445887,0.0010894292499870062,0.0010400015162304044,0.000976572628132999,0.0009208577102981508,0.0008694290299899876,0.0008428575820289552,0.0008254285203292966,0.0008040001266635954,0.0007825722568668425,0.0007582860416732728,0.0007368581718765199,0.0007202864508144557,0.0007068578852340579,0.0006868578493595123,0.0006648578564636409,0.0006465725600719452,0.0006240010261535645,0.0006074293632991612,0.0005817152559757233,0.0005477150552906096,0.0005068582249805331,0.00037914354470558465,0.00030314442119561136
234,235967,1146,2024-10-16,28.005,28.014,-83.804,-83.83,28.0095,-83.817,43.5,3.8,300.0,30.0,180.8,,,,,,,,,,,,,,,,,,,,,,,,,,,,,,,,,,,,,,,,,,,,,,,,,,,,,,,,,,,,,,,,,,,,,,,,,,,,,,,,,,,,,,,,,,,,,,,,,,,,,,,,,,,,,,,,,,,,,,,,,,,,,,,,,,,,,,,,,,,,,,,,,,,,,,,,,,,,,,,,,,,,,,,,,,,,,,,,,,,,,,,,,,,,,,,,,,,,,
235,235968,1146,2024-10-16,28.091,28.066,-83.924,-83.922,28.0785,-83.923,44.4,3.9,44.0,30.0,264.3,,,,,,,,,,,,,,,,,,,,,,,,,,,,,,,,,,,,,,,,,,,,,,,,,,,,,,,,,,,,,,,,,,,,,,,,,,,,,,,,,,,,,,,,,,,,,,,,,,,,,,,,,,,,,,,,,,,,,,,,,,,,,,,,,,,,,,,,,,,,,,,,,,,,,,,,,,,,,,,,,,,,,,,,,,,,,,,,,,,,,,,,,,,,,,,,,,,,,
236,235969,1146,2024-10-16,28.173,28.147,-83.757,-83.757,28.16,-83.757,37.7,5.7,54.0,30.0,113.6,,,,,,,,,,,,,,,,,,,,,,,,,,,,,,,,,,,,,,,,,,,,,,,,,,,,,,,,,,,,,,,,,,,,,,,,,,,,,,,,,,,,,,,,,,,,,,,,,,,,,,,,,,,,,,,,,,,,,,,,,,,,,,,,,,,,,,,,,,,,,,,,,,,,,,,,,,,,,,,,,,,,,,,,,,,,,,,,,,,,,,,,,,,,,,,,,,,,,
237,235970,1146,2024-10-16,28.146,28.125,-83.596,-83.611,28.1355,-83.6035,32.9,4.9,44.0,30.0,40.7,,,,,,,,,,,,,,,,,,,,,,,,,,,,,,,,,,,,,,,,,,,,,,,,,,,,,,,,,,,,,,,,,,,,,,,,,,,,,,,,,,,,,,,,,,,,,,,,,,,,,,,,,,,,,,,,,,,,,,,,,,,,,,,,,,,,,,,,,,,,,,,,,,,,,,,,,,,,,,,,,,,,,,,,,,,,,,,,,,,,,,,,,,,,,,,,,,,,,
238,235971,1146,2024-10-16,28.248,28.225,-83.296,-83.308,28.2365,-83.302,20.7,18.0,12.0,30.0,91.8,,,,,,,,,,,,,,,,,,,,,,,,,,,,,,,,,,,,,,,,,,,,,,,,,,,,,,,,,,,,,,,,,,,,,,,,,,,,,,,,,,,,,,,,,,,,,,,,,,,,,,,,,,,,,,,,,,,,,,,,,,,,,,,,,,,,,,,,,,,,,,,,,,,,,,,,,,,,,,,,,,,,,,,,,,,,,,,,,,,,,,,,,,,,,,,,,,,,,
239,235972,1147,2024-06-04,28.486,28.465,-89.995,-89.992,28.4755,-89.9935,54.5,16.5,145.0,30.0,,,,,50.0,,,52.5,103.0,,27.86,22.58,20.37,36.33,36.34,36.25,0.07,0.267,0.1,6.5,5.7,4.1,94.8024,93.559,80.8635,,,,,,,,,,,,,,,,,,,,,,,,,,,,,,,,,,,,,,,,,,,,,,,,,,,,,,,,,,,,,,,,,,,,,,,,,,,,,,,,,,,,,,,,,,,,,,,,,,,,,,,,,,,,,,,,,,,,,,,,,,,,,,,,,,,,,,,,,,,,,,,,,,,,,,,,,,,,,,,,,,,,,,,,,,,,,
240,235973,1147,2024-06-04,28.349,28.331,-90.132,-90.145,28.34,-90.1385,43.3,13.4,148.0,30.0,23.3,,,,50.0,,,40.0,76.0,,28.13,24.47,21.45,36.26,36.53,36.52,0.029,0.084,1.016,6.5,7.0,4.5,94.775,95.1985,38.3799,,,,,,,,,,,,,,,,,,,,,,,,,,,,,,,,,,,,,,,,,,,,,,,,,,,,,,,,,,,,,,,,,,,,,,,,,,,,,,,,,,,,,,,,,,,,,,,,,,,,,,,,,,,,,,,,,,,,,,,,,,,,,,,,,,,,,,,,,,,,,,,,,,,,,,,,,,,,,,,,,,,,,,,,,,,,,
241,235974,1147,2024-06-05,28.287,28.266,-90.18,-90.186,28.2765,-90.183,49.6,7.5,133.0,30.0,20.7,,,,,,,44.0,85.0,,28.06,24.49,20.96,36.25,36.5,36.54,0.105,0.25,0.671,6.5,6.8,4.8,95.103,94.5397,50.6839,467.01142457978204,0.010709000751376152,0.010981501080095768,0.011160501278936863,0.010948000475764275,0.010902500711381435,0.011165001429617405,0.011416002176702023,0.011595500633120537,0.01167450100183487,0.01160450093448162,0.011551001109182835,0.011781500652432442,0.01186200138181448,0.011573501862585545,0.011523501947522163,0.01178700104355812,0.011925499886274338,0.011899000965058804,0.011686000972986221,0.011726000346243382,0.012082500383257866,0.012023001909255981,0.011603000573813915,0.011308500543236732,0.01118400041013956,0.010997500270605087,0.010854500345885754,0.010722501203417778,0.01060400065034628,0.010532001033425331,0.010374000295996666,0.01022800151258707,0.010108000598847866,0.010054501704871655,0.010060501284897327,0.009912000969052315,0.009653501212596893,0.009475001133978367,0.009310501627624035,0.009091001003980637,0.008907000534236431,0.008820000104606152,0.008711500093340874,0.008578500710427761,0.008475000970065594,0.008420000784099102,0.008381000719964504,0.008299000561237335,0.008230000734329224,0.008075001649558544,0.007929501123726368,0.007829001173377037,0.007677501067519188,0.007562501356005669,0.007466000504791737,0.007363001815974712,0.00727000180631876,0.0071455007418990135,0.006909000687301159,0.006678001023828983,0.006422500126063824,0.006151000969111919,0.005885000340640545,0.005599500611424446,0.005268000066280365,0.004908001981675625,0.004505000077188015,0.004164501093327999,0.003972999751567841,0.0038865013048052788,0.0037965010851621628,0.003686000593006611,0.0035940008237957954,0.003520500846207142,0.0034265005961060524,0.003313000313937664,0.0032210005447268486,0.0031390003859996796,0.0030305013060569763,0.002912500873208046,0.0027959998697042465,0.0026565007865428925,0.0025400016456842422,0.0024410011246800423,0.002349001355469227,0.00229050125926733,0.0022315001115202904,0.002170001156628132,0.0020815012976527214,0.0019715018570423126,0.001880001276731491,0.0017770007252693176,0.0016465019434690475,0.0015420010313391685,0.0014475006610155106,0.001378001645207405,0.0012970007956027985,0.0011865012347698212,0.0006705010309815407,0.0006505008786916733,0.0006170012056827545,0.0005780002102255821,0.0005639996379613876,0.000536501407623291,0.0005260016769170761,0.000523000955581665,0.0005000010132789612,0.0004860004410147667,0.0004995018243789673,0.00048250146210193634,0.00047200173139572144,0.00044450070708990097,0.00042800139635801315,0.00041700154542922974,0.00039700139313936234,0.0003955010324716568,0.00039300043135881424,0.00040700100362300873,0.00041200127452611923,0.0004165004938840866,0.0004110010340809822,0.00039900001138448715,0.00039250124245882034,0.0003820005804300308,0.00038350094109773636,0.0003850003704428673,0.00039250031113624573,0.00039200112223625183,0.0003960011526942253,0.0003965003415942192,0.0003950009122490883,0.00039300136268138885,0.00039850175380706787,0.00039200112223625183,0.0003854995593428612,0.0003864997997879982,0.00037800054997205734,0.0003800000995397568,0.0003760000690817833,0.0003760010004043579,0.0003805011510848999,0.0003760010004043579,0.0003725001588463783,0.00036300066858530045,0.00034800171852111816,0.0003385022282600403,0.00034200120717287064,0.00035750120878219604,0.000369001179933548,0.00036250054836273193,0.00031900033354759216,0.0002755019813776016,0.00025800056755542755,0.0002485020086169243,0.0002590008080005646,0.00024300068616867065,0.00022650137543678284,0.00021050125360488892,0.0001954995095729828,0.00019800011068582535,0.00018749944865703583,0.00017850007861852646,0.00016800127923488617,0.00014800019562244415,0.00013150181621313095,0.0001245010644197464,0.00012150034308433533,0.00011100154370069504,9.450037032365799e-05,7.350090891122818e-05,9.200163185596466e-05,0.00017250049859285355
242,235975,1147,2024-06-05,28.344,28.326,-90.621,-90.636,28.335,-90.6285,27.7,16.1,151.0,30.0,25.1,,,,,,,25.5,49.0,,27.85,26.61,23.25,36.27,36.33,30.37,0.047,0.035,1.489,6.4,6.7,6.5,95.6073,95.4739,70.2914,468.61752655766855,0.006387334316968918,0.006554445251822472,0.006779557093977928,0.0069028898142278194,0.00706688966602087,0.007416667882353067,0.007660666946321726,0.007950890809297562,0.00810355693101883,0.008119110949337482,0.00819355621933937,0.008473112247884274,0.008650889620184898,0.008484667167067528,0.008472222834825516,0.008827111683785915,0.009057334624230862,0.008996223099529743,0.008902890607714653,0.009058000519871712,0.009455778636038303,0.00950000062584877,0.009224001318216324,0.00900622271001339,0.00895288959145546,0.008858446031808853,0.00876555684953928,0.008726000785827637,0.008676666766405106,0.008658667095005512,0.008578222244977951,0.008488667197525501,0.00840889010578394,0.00839999970048666,0.008472222834825516,0.008418889716267586,0.00824822299182415,0.008123556151986122,0.007996444590389729,0.007837334647774696,0.007712889928370714,0.007662223652005196,0.007576445583254099,0.007493778131902218,0.007474001031368971,0.007474001031368971,0.0074953343719244,0.007476667407900095,0.007457112427800894,0.007369111757725477,0.0072646671906113625,0.007210222538560629,0.0071233343333005905,0.0070537785068154335,0.00701044499874115,0.0069191111251711845,0.006860667839646339,0.006776667665690184,0.0065480004996061325,0.006331779062747955,0.006095333956182003,0.005833556409925222,0.00555422343313694,0.0052473340183496475,0.004901778418570757,0.004535556770861149,0.004131779074668884,0.0037771116476505995,0.003558889962732792,0.0034691120963543653,0.0033857785165309906,0.0032997780945152044,0.003243334125727415,0.0031762239523231983,0.0030835557263344526,0.002986001083627343,0.002907778602093458,0.0028208892326802015,0.002719779033213854,0.0026140015106648207,0.0025077781174331903,0.0023766676895320415,0.0022648891899734735,0.0021757781505584717,0.002086223103106022,0.0020266675855964422,0.001977111678570509,0.0019166676793247461,0.0018468900816515088,0.001757556339725852,0.0016655565705150366,0.0015606677625328302,0.0014404455432668328,0.0013491117861121893,0.0012760005192831159,0.0011935564689338207,0.001102666836231947,0.0010031118290498853,0.0005526670720428228,0.0005417789216153324,0.0005237791338004172,0.0004962231614626944,0.00047155635547824204,0.0004480005009099841,0.00043688961886800826,0.00043155666207894683,0.0004202235140837729,0.0004124459228478372,0.00041044544195756316,0.00040866725612431765,0.00040466792415827513,0.0003953340055886656,0.0003800011472776532,0.00036066770553588867,0.00034377805422991514,0.0003388896584510803,0.000340889731887728,0.0003515564603731036,0.0003546670777723193,0.0003535561263561249,0.0003493341209832579,0.00034111199784092605,0.0003395560779608786,0.00032777877640910447,0.0003297792572993785,0.0003311125037726015,0.00033088939380832016,0.0003377787070348859,0.000336667726514861,0.00033844553399831057,0.00033533366513438523,0.00033511180663481355,0.0003364458680152893,0.0003364454605616629,0.00033489035558886826,0.0003331117331981659,0.0003335562942083925,0.0003331117331981659,0.0003297796647530049,0.0003266682324465364,0.0003231113951187581,0.00032155588269233704,0.00031822340679354966,0.0003100012836512178,0.00030466707539744675,0.00030222287750802934,0.0003031119704246521,0.00031888982630334795,0.00032377822208218277,0.00030888948822394013,0.0002757782640401274,0.00023355624580290169,0.00021844523143954575,0.00021533419203478843,0.00021200088667683303,0.0002031115145655349,0.0001864449877757579,0.0001673342485446483,0.00015733391046524048,0.00015555611753370613,0.00014555620145983994,0.00013888959074392915,0.00013177924847695976,0.00011333450675010681,0.00010777803254313767,0.00010555693006608635,0.000103334168670699,0.00010222362470813096,9.066735947271809e-05,7.333399844355881e-05,8.088970935204998e-05,0.0001271126966457814
243,235976,1147,2024-06-05,28.357,28.34,-90.945,-90.957,28.3485,-90.951,28.0,17.0,166.0,30.0,14.1,,,,,,,29.5,57.0,,27.93,26.16,22.75,36.01,36.36,36.53,,0.109,2.021,6.4,6.2,5.1,95.6728,95.2968,58.181,466.32651942850487,0.0032320022583007812,0.0028319992125034332,0.002922002226114273,0.0033420026302337646,0.003466002643108368,0.003602001816034317,0.00406000018119812,0.004523999989032745,0.004413999617099762,0.004238002002239227,0.004386000335216522,0.004736002534627914,0.004966001957654953,0.004861999303102493,0.004654001444578171,0.004836000502109528,0.00518600270152092,0.005216002464294434,0.0051719993352890015,0.0053640007972717285,0.005712002515792847,0.005772002041339874,0.005522001534700394,0.005292002111673355,0.005286000669002533,0.005249999463558197,0.0051739998161792755,0.005138002336025238,0.005122002214193344,0.005178000777959824,0.00512000173330307,0.005010001361370087,0.004966001957654953,0.004994001239538193,0.005139999091625214,0.005111999809741974,0.004976000636816025,0.004930000752210617,0.004840001463890076,0.0046800002455711365,0.004494000226259232,0.004464000463485718,0.004502002149820328,0.0044420026242733,0.004426002502441406,0.004429999738931656,0.00445999950170517,0.00445600226521492,0.004410002380609512,0.004326000809669495,0.004250001162290573,0.004195999354124069,0.004130002111196518,0.00410199910402298,0.004057999700307846,0.003995999693870544,0.003990001976490021,0.003922000527381897,0.003758002072572708,0.0036379992961883545,0.0034999996423721313,0.0033459998667240143,0.003140002489089966,0.002938002347946167,0.002734001725912094,0.0024840012192726135,0.002238001674413681,0.002062000334262848,0.0019519999623298645,0.001930002123117447,0.001857999712228775,0.0017820000648498535,0.0018000006675720215,0.0017360001802444458,0.0016719996929168701,0.0016680024564266205,0.0016500018537044525,0.0015880018472671509,0.0015280023217201233,0.0014440007507801056,0.00138000026345253,0.0013100020587444305,0.0012580007314682007,0.001230001449584961,0.001194000244140625,0.0011620000004768372,0.0011180005967617035,0.0010720007121562958,0.00102199986577034,0.0009540021419525146,0.000890001654624939,0.0008639991283416748,0.0008000023663043976,0.0007240027189254761,0.000682000070810318,0.0006479993462562561,0.0005840025842189789,0.00046800076961517334,0.00028200075030326843,0.0002660006284713745,0.00027200207114219666,0.0002540014684200287,0.0002240017056465149,0.00019999966025352478,0.00017600134015083313,0.00016799941658973694,0.0001819990575313568,0.00019799917936325073,0.00020600110292434692,0.00020600110292434692,0.00020600110292434692,0.00019999966025352478,0.00017200037837028503,0.00016200169920921326,0.00015199929475784302,0.00014600157737731934,0.0001340024173259735,0.00012800097465515137,0.00011999905109405518,0.00010799989104270935,0.00012800097465515137,0.00014200061559677124,0.00013799965381622314,0.00014800205826759338,0.00014600157737731934,0.00015800073742866516,0.00017600134015083313,0.00019200146198272705,0.00020400062203407288,0.00019600242376327515,0.00019799917936325073,0.00018399953842163086,0.00017800182104110718,0.000190000981092453,0.00019200146198272705,0.00019999966025352478,0.00020200014114379883,0.00019200146198272705,0.00017800182104110718,0.00017600134015083313,0.00018000230193138123,0.00018800050020217896,0.00019600242376327515,0.000190000981092453,0.00016999989748001099,0.00016600266098976135,0.00016200169920921326,0.0001600012183189392,0.0001640021800994873,0.00014200061559677124,0.0001100003719329834,7.800012826919556e-05,6.600096821784973e-05,6.400048732757568e-05,6.600096821784973e-05,6.600096821784973e-05,5.200132727622986e-05,3.600120544433594e-05,2.7999281883239746e-05,2.0001083612442017e-05,2.2001564502716064e-05,1.600012183189392e-05,1.000240445137024e-05,2.4002045392990112e-05,2.0001083612442017e-05,2.2001564502716064e-05,3.400072455406189e-05,2.2001564502716064e-05,1.800060272216797e-05,2.0001083612442017e-05,-1.800060272216797e-05,-1.800060272216797e-05
244,235977,1147,2024-06-07,26.599,26.577,-96.513,-96.507,26.588,-96.51,53.8,8.5,96.0,30.0,23.1,,,,,,,49.0,97.0,,29.38,22.27,20.58,33.24,36.46,36.52,0.094,0.492,0.168,6.3,6.1,5.2,95.3128,95.7469,68.5558,489.23673693918124,0.0024260003119707108,0.002528000622987747,0.002561001107096672,0.0022840015590190887,0.002193000167608261,0.002336999401450157,0.002398001030087471,0.0025150012224912643,0.0026150010526180267,0.002537000924348831,0.002431001514196396,0.002557002007961273,0.0026270002126693726,0.002366000786423683,0.002233000472187996,0.0024260003119707108,0.00255499966442585,0.002570001408457756,0.0024330001324415207,0.0024650022387504578,0.0026840008795261383,0.0028200000524520874,0.0027950014919042587,0.0026520006358623505,0.0026600025594234467,0.0026350021362304688,0.0026030000299215317,0.0026260018348693848,0.0026300009340047836,0.0026400014758110046,0.0026520006358623505,0.0026230011135339737,0.002555999904870987,0.0026330016553401947,0.0027890000492334366,0.002859000116586685,0.0027840007096529007,0.0027719996869564056,0.002764001488685608,0.002782002091407776,0.002849999815225601,0.002917001023888588,0.0029660016298294067,0.002950001507997513,0.0029739998281002045,0.0030330009758472443,0.0030889995396137238,0.0031530018895864487,0.0031790006905794144,0.0031350012868642807,0.0031350012868642807,0.0031350012868642807,0.0031170006841421127,0.0031560007482767105,0.003208000212907791,0.003267001360654831,0.0033020004630088806,0.0033110007643699646,0.003261001780629158,0.0031940005719661713,0.0031610000878572464,0.0031090006232261658,0.003080001100897789,0.003069000318646431,0.003010999411344528,0.002891000360250473,0.002717001363635063,0.002528000622987747,0.0024449992924928665,0.0024500004947185516,0.002423001453280449,0.002384999766945839,0.002363000065088272,0.0023490004241466522,0.0023010000586509705,0.0022640004754066467,0.0022449996322393417,0.0021570008248090744,0.002106001600623131,0.0020909998565912247,0.002018999308347702,0.001901000738143921,0.0018070004880428314,0.0017629992216825485,0.001715000718832016,0.0016590021550655365,0.0016380008310079575,0.0016090013086795807,0.001547001302242279,0.0014920011162757874,0.0014380011707544327,0.0013330020010471344,0.0012079998850822449,0.0011330023407936096,0.001049000769853592,0.0009700004011392593,0.0009289998561143875,0.0009300000965595245,0.00039800070226192474,0.0003850013017654419,0.0003810003399848938,0.00037400051951408386,0.00034400075674057007,0.00030300021171569824,0.00032800063490867615,0.0003490019589662552,0.00033299997448921204,0.0003350004553794861,0.0003250017762184143,0.0003150012344121933,0.0003160014748573303,0.0003100018948316574,0.0002960003912448883,0.0002950020134449005,0.0003120005130767822,0.00032200105488300323,0.0003390014171600342,0.00035900063812732697,0.00034800171852111816,0.00034400075674057007,0.00034400075674057007,0.00032200105488300323,0.0003160014748573303,0.0002900008112192154,0.0002740025520324707,0.00027700141072273254,0.00026700086891651154,0.00028300099074840546,0.00027800165116786957,0.0002660006284713745,0.0002580024302005768,0.0002490021288394928,0.0002540014684200287,0.0002610012888908386,0.00026700086891651154,0.0002600010484457016,0.00026200152933597565,0.00026800110936164856,0.0002610012888908386,0.0002650003880262375,0.00026700086891651154,0.0002500005066394806,0.0002550017088651657,0.00025200098752975464,0.00024300254881381989,0.0002610012888908386,0.0002650022506713867,0.00029800087213516235,0.0003310013562440872,0.0003250017762184143,0.0002940017729997635,0.0002480018883943558,0.00023500248789787292,0.00021900050342082977,0.00023200176656246185,0.00022800080478191376,0.00020800158381462097,0.00021600164473056793,0.00021400116384029388,0.00021200068295001984,0.00019100122153759003,0.00016999989748001099,0.0001560002565383911,0.00013300031423568726,0.00013000145554542542,0.0001290012151002884,0.00011900253593921661,0.0001140013337135315,0.00010799989104270935,9.000115096569061e-05,6.800144910812378e-05,9.800121188163757e-05
245,235978,1147,2024-06-07,26.427,26.405,-96.392,-96.383,26.416,-96.3875,49.6,7.3,71.0,30.0,33.6,,,,,,,,,,,,,,,,,,,,,,,,,,,,,,,,,,,,,,,,,,,,,,,,,,,,,,,,,,,,,,,,,,,,,,,,,,,,,,,,,,,,,,,,,,,,,,,,,,,,,,,,,,,,,,,,,,,,,,,,,,,,,,,,,,,,,,,,,,,,,,,,,,,,,,,,,,,,,,,,,,,,,,,,,,,,,,,,,,,,,,,,,,,,,,,,,,,,,
246,235979,1147,2024-06-07,26.278,26.267,-96.397,-96.376,26.2725,-96.3865,43.7,6.7,84.0,30.0,22.8,,,,75.0,,,48.0,94.0,,28.91,22.04,20.45,35.15,36.51,36.58,0.271,0.584,0.151,6.4,5.6,4.8,93.7864,95.6941,78.009,,,,,,,,,,,,,,,,,,,,,,,,,,,,,,,,,,,,,,,,,,,,,,,,,,,,,,,,,,,,,,,,,,,,,,,,,,,,,,,,,,,,,,,,,,,,,,,,,,,,,,,,,,,,,,,,,,,,,,,,,,,,,,,,,,,,,,,,,,,,,,,,,,,,,,,,,,,,,,,,,,,,,,,,,,,,,
247,235980,1147,2024-06-07,26.172,26.15,-96.418,-96.424,26.161,-96.421,41.4,2.6,221.0,30.0,39.5,,,,50.0,,,38.5,75.0,,29.69,22.37,21.39,35.44,36.49,36.44,0.082,1.43,0.487,6.4,5.9,5.4,94.4038,93.0624,,,,,,,,,,,,,,,,,,,,,,,,,,,,,,,,,,,,,,,,,,,,,,,,,,,,,,,,,,,,,,,,,,,,,,,,,,,,,,,,,,,,,,,,,,,,,,,,,,,,,,,,,,,,,,,,,,,,,,,,,,,,,,,,,,,,,,,,,,,,,,,,,,,,,,,,,,,,,,,,,,,,,,,,,,,,,,
248,235981,1147,2024-06-07,26.165,26.154,-96.694,-96.673,26.1595,-96.6835,26.5,12.7,69.0,30.0,23.6,,,,50.0,,,23.5,45.0,,28.54,23.35,21.57,33.99,36.25,36.35,0.128,0.328,1.567,6.4,6.5,5.4,93.3866,94.7674,62.7243,,,,,,,,,,,,,,,,,,,,,,,,,,,,,,,,,,,,,,,,,,,,,,,,,,,,,,,,,,,,,,,,,,,,,,,,,,,,,,,,,,,,,,,,,,,,,,,,,,,,,,,,,,,,,,,,,,,,,,,,,,,,,,,,,,,,,,,,,,,,,,,,,,,,,,,,,,,,,,,,,,,,,,,,,,,,,
249,235982,1147,2024-06-07,25.985,25.985,-97.022,-96.997,25.985,-97.0095,14.2,17.2,74.0,30.0,70.7,,,,50.0,,,12.5,23.0,,28.19,26.63,23.72,35.42,35.55,35.6,0.246,0.57,1.404,6.5,6.1,4.0,81.0791,84.3333,41.2817,,,,,,,,,,,,,,,,,,,,,,,,,,,,,,,,,,,,,,,,,,,,,,,,,,,,,,,,,,,,,,,,,,,,,,,,,,,,,,,,,,,,,,,,,,,,,,,,,,,,,,,,,,,,,,,,,,,,,,,,,,,,,,,,,,,,,,,,,,,,,,,,,,,,,,,,,,,,,,,,,,,,,,,,,,,,,
250,235983,1147,2024-06-08,26.071,26.054,-96.977,-96.961,26.0625,-96.969,16.1,15.4,83.0,30.0,92.0,,,,25.0,,,14.5,27.0,,28.68,25.89,23.38,34.83,35.23,35.79,0.209,0.988,1.836,6.4,5.9,3.0,91.0306,79.7498,14.7491,,,,,,,,,,,,,,,,,,,,,,,,,,,,,,,,,,,,,,,,,,,,,,,,,,,,,,,,,,,,,,,,,,,,,,,,,,,,,,,,,,,,,,,,,,,,,,,,,,,,,,,,,,,,,,,,,,,,,,,,,,,,,,,,,,,,,,,,,,,,,,,,,,,,,,,,,,,,,,,,,,,,,,,,,,,,,
251,235984,1147,2024-06-08,26.136,26.125,-97.081,-97.06,26.1305,-97.0705,10.7,14.3,98.0,30.0,80.8,,,,,,,10.0,18.0,,27.74,27.42,25.36,34.38,34.6,34.46,0.337,0.835,2.956,4.1,4.6,5.3,92.6965,88.4166,35.7741,,,,,,,,,,,,,,,,,,,,,,,,,,,,,,,,,,,,,,,,,,,,,,,,,,,,,,,,,,,,,,,,,,,,,,,,,,,,,,,,,,,,,,,,,,,,,,,,,,,,,,,,,,,,,,,,,,,,,,,,,,,,,,,,,,,,,,,,,,,,,,,,,,,,,,,,,,,,,,,,,,,,,,,,,,,,,
252,235985,1147,2024-06-08,26.309,26.291,-97.023,-97.008,26.3,-97.0155,15.2,10.2,111.0,30.0,91.1,,,,,,,13.5,26.0,,29.03,25.1,24.49,32.73,35.08,35.43,0.161,1.11,1.863,5.6,5.6,5.2,94.4099,90.7102,53.3702,,,,,,,,,,,,,,,,,,,,,,,,,,,,,,,,,,,,,,,,,,,,,,,,,,,,,,,,,,,,,,,,,,,,,,,,,,,,,,,,,,,,,,,,,,,,,,,,,,,,,,,,,,,,,,,,,,,,,,,,,,,,,,,,,,,,,,,,,,,,,,,,,,,,,,,,,,,,,,,,,,,,,,,,,,,,,
253,235986,1147,2024-06-08,26.408,26.389,-96.857,-96.843,26.3985,-96.85,22.7,6.6,123.0,30.0,13.5,,,,,,,,,,,,,,,,,,,,,,,,,,,,,,,,,,,,,,,,,,,,,,,,,,,,,,,,,,,,,,,,,,,,,,,,,,,,,,,,,,,,,,,,,,,,,,,,,,,,,,,,,,,,,,,,,,,,,,,,,,,,,,,,,,,,,,,,,,,,,,,,,,,,,,,,,,,,,,,,,,,,,,,,,,,,,,,,,,,,,,,,,,,,,,,,,,,,,
254,235987,1147,2024-06-08,26.645,26.627,-96.739,-96.722,26.636,-96.7305,35.7,6.4,123.0,31.0,29.6,,,,,,,32.0,63.0,,29.29,24.09,21.8,33.71,36.41,36.43,0.099,0.332,,6.1,6.7,5.8,95.4033,95.8423,68.5038,,,,,,,,,,,,,,,,,,,,,,,,,,,,,,,,,,,,,,,,,,,,,,,,,,,,,,,,,,,,,,,,,,,,,,,,,,,,,,,,,,,,,,,,,,,,,,,,,,,,,,,,,,,,,,,,,,,,,,,,,,,,,,,,,,,,,,,,,,,,,,,,,,,,,,,,,,,,,,,,,,,,,,,,,,,,,
255,235988,1147,2024-06-08,26.942,26.922,-96.621,-96.611,26.932,-96.616,54.0,6.5,114.0,30.0,16.1,,,,,,,,,,,,,,,,,,,,,,,,,,,,,,,,,,,,,,,,,,,,,,,,,,,,,,,,,,,,,,,,,,,,,,,,,,,,,,,,,,,,,,,,,,,,,,,,,,,,,,,,,,,,,,,,,,,,,,,,,,,,,,,,,,,,,,,,,,,,,,,,,,,,,,,,,,,,,,,,,,,,,,,,,,,,,,,,,,,,,,,,,,,,,,,,,,,,,
256,235989,1147,2024-06-08,26.86,26.843,-96.932,-96.917,26.8515,-96.9245,27.4,5.2,137.0,30.0,27.2,,,,25.0,,,24.0,47.0,,29.78,24.05,21.75,30.16,35.65,36.33,0.142,0.422,0.459,6.4,5.4,5.1,94.2889,94.0243,61.7864,,,,,,,,,,,,,,,,,,,,,,,,,,,,,,,,,,,,,,,,,,,,,,,,,,,,,,,,,,,,,,,,,,,,,,,,,,,,,,,,,,,,,,,,,,,,,,,,,,,,,,,,,,,,,,,,,,,,,,,,,,,,,,,,,,,,,,,,,,,,,,,,,,,,,,,,,,,,,,,,,,,,,,,,,,,,,
257,235990,1147,2024-06-08,26.874,26.854,-97.249,-97.237,26.864,-97.243,12.9,13.0,116.0,30.0,12.4,,,,25.0,,,11.5,21.0,,29.47,29.25,28.52,30.73,31.0,32.3,0.451,0.649,0.647,6.4,6.2,5.5,93.1163,93.1546,84.0616,,,,,,,,,,,,,,,,,,,,,,,,,,,,,,,,,,,,,,,,,,,,,,,,,,,,,,,,,,,,,,,,,,,,,,,,,,,,,,,,,,,,,,,,,,,,,,,,,,,,,,,,,,,,,,,,,,,,,,,,,,,,,,,,,,,,,,,,,,,,,,,,,,,,,,,,,,,,,,,,,,,,,,,,,,,,,
258,235991,1147,2024-06-09,27.166,27.147,-97.007,-96.994,27.1565,-97.0005,21.5,16.3,145.0,30.0,50.5,,,,25.0,,,18.5,35.0,,30.1,27.13,22.11,30.07,35.16,36.28,0.212,0.345,0.311,5.1,5.8,4.4,93.5186,94.5301,41.239,,,,,,,,,,,,,,,,,,,,,,,,,,,,,,,,,,,,,,,,,,,,,,,,,,,,,,,,,,,,,,,,,,,,,,,,,,,,,,,,,,,,,,,,,,,,,,,,,,,,,,,,,,,,,,,,,,,,,,,,,,,,,,,,,,,,,,,,,,,,,,,,,,,,,,,,,,,,,,,,,,,,,,,,,,,,,
259,235992,1147,2024-06-09,27.048,27.026,-96.767,-96.765,27.037,-96.766,39.6,11.7,132.0,30.0,16.4,,,,,,,35.5,69.0,,29.64,23.91,21.42,31.09,36.4,36.51,0.224,0.453,0.248,6.4,6.6,5.3,94.2287,95.6562,59.3289,,,,,,,,,,,,,,,,,,,,,,,,,,,,,,,,,,,,,,,,,,,,,,,,,,,,,,,,,,,,,,,,,,,,,,,,,,,,,,,,,,,,,,,,,,,,,,,,,,,,,,,,,,,,,,,,,,,,,,,,,,,,,,,,,,,,,,,,,,,,,,,,,,,,,,,,,,,,,,,,,,,,,,,,,,,,,
260,235993,1147,2024-06-09,27.176,27.155,-96.604,-96.609,27.1655,-96.6065,49.9,14.8,141.0,30.0,12.7,,,,,,,44.5,88.0,,29.67,24.25,21.22,33.83,36.65,37.08,0.021,0.31,0.225,6.3,5.9,5.3,95.4511,96.1367,41.1963,,,,,,,,,,,,,,,,,,,,,,,,,,,,,,,,,,,,,,,,,,,,,,,,,,,,,,,,,,,,,,,,,,,,,,,,,,,,,,,,,,,,,,,,,,,,,,,,,,,,,,,,,,,,,,,,,,,,,,,,,,,,,,,,,,,,,,,,,,,,,,,,,,,,,,,,,,,,,,,,,,,,,,,,,,,,,
261,235994,1147,2024-06-09,27.399,27.377,-96.537,-96.536,27.388,-96.5365,45.8,12.8,152.0,30.0,10.8,,,,,,,41.5,79.0,,29.47,24.28,21.71,32.03,36.55,36.43,0.234,0.18,0.15,6.3,6.6,5.0,94.9315,96.2674,59.543,,,,,,,,,,,,,,,,,,,,,,,,,,,,,,,,,,,,,,,,,,,,,,,,,,,,,,,,,,,,,,,,,,,,,,,,,,,,,,,,,,,,,,,,,,,,,,,,,,,,,,,,,,,,,,,,,,,,,,,,,,,,,,,,,,,,,,,,,,,,,,,,,,,,,,,,,,,,,,,,,,,,,,,,,,,,,
262,235995,1147,2024-06-09,27.518,27.497,-96.832,-96.836,27.5075,-96.834,21.9,10.3,152.0,30.0,23.7,,,,,,,20.0,38.0,,29.51,26.38,22.37,28.22,33.74,36.21,0.611,0.249,0.285,4.5,4.0,4.0,92.6451,93.4691,47.8625,,,,,,,,,,,,,,,,,,,,,,,,,,,,,,,,,,,,,,,,,,,,,,,,,,,,,,,,,,,,,,,,,,,,,,,,,,,,,,,,,,,,,,,,,,,,,,,,,,,,,,,,,,,,,,,,,,,,,,,,,,,,,,,,,,,,,,,,,,,,,,,,,,,,,,,,,,,,,,,,,,,,,,,,,,,,,
263,235996,1147,2024-06-09,27.512,27.491,-97.037,-97.047,27.5015,-97.042,14.7,11.7,145.0,30.0,19.5,,,,,,,13.5,25.0,,29.66,29.49,25.64,28.02,28.14,34.0,0.503,0.75,0.383,8.6,5.0,5.5,92.6558,93.0243,34.5857,,,,,,,,,,,,,,,,,,,,,,,,,,,,,,,,,,,,,,,,,,,,,,,,,,,,,,,,,,,,,,,,,,,,,,,,,,,,,,,,,,,,,,,,,,,,,,,,,,,,,,,,,,,,,,,,,,,,,,,,,,,,,,,,,,,,,,,,,,,,,,,,,,,,,,,,,,,,,,,,,,,,,,,,,,,,,
264,235997,1147,2024-06-09,27.435,27.412,-97.138,-97.144,27.4235,-97.141,13.0,16.1,140.0,30.0,5.9,,,,,,,13.5,23.0,,29.64,29.57,25.83,27.99,28.04,33.66,0.463,0.6,0.857,6.4,6.1,1.5,93.2023,93.2673,40.9037,,,,,,,,,,,,,,,,,,,,,,,,,,,,,,,,,,,,,,,,,,,,,,,,,,,,,,,,,,,,,,,,,,,,,,,,,,,,,,,,,,,,,,,,,,,,,,,,,,,,,,,,,,,,,,,,,,,,,,,,,,,,,,,,,,,,,,,,,,,,,,,,,,,,,,,,,,,,,,,,,,,,,,,,,,,,,
265,235998,1147,2024-06-09,27.596,27.576,-97.127,-97.138,27.586,-97.1325,9.8,15.0,136.0,30.0,7.7,,,,50.0,,,8.5,15.0,,29.96,29.65,29.35,28.17,28.34,29.33,0.526,0.727,0.864,6.5,6.5,5.2,92.5096,92.7087,87.0414,,,,,,,,,,,,,,,,,,,,,,,,,,,,,,,,,,,,,,,,,,,,,,,,,,,,,,,,,,,,,,,,,,,,,,,,,,,,,,,,,,,,,,,,,,,,,,,,,,,,,,,,,,,,,,,,,,,,,,,,,,,,,,,,,,,,,,,,,,,,,,,,,,,,,,,,,,,,,,,,,,,,,,,,,,,,,
266,235999,1147,2024-06-09,27.624,27.602,-96.901,-96.895,27.613,-96.898,16.1,14.1,140.0,30.0,41.3,,,,25.0,,,14.5,27.0,,29.95,27.88,24.89,27.35,32.08,35.29,1.375,0.289,0.283,6.9,3.5,3.8,86.4068,89.7972,43.17,,,,,,,,,,,,,,,,,,,,,,,,,,,,,,,,,,,,,,,,,,,,,,,,,,,,,,,,,,,,,,,,,,,,,,,,,,,,,,,,,,,,,,,,,,,,,,,,,,,,,,,,,,,,,,,,,,,,,,,,,,,,,,,,,,,,,,,,,,,,,,,,,,,,,,,,,,,,,,,,,,,,,,,,,,,,,
267,236000,1147,2024-06-10,27.744,27.725,-96.71,-96.699,27.7345,-96.7045,18.6,11.2,134.0,30.0,27.3,,,,25.0,,,16.0,30.0,,29.89,27.71,24.35,26.46,33.6,35.52,1.603,0.341,0.289,7.1,5.2,3.4,86.0171,94.3336,62.7388,,,,,,,,,,,,,,,,,,,,,,,,,,,,,,,,,,,,,,,,,,,,,,,,,,,,,,,,,,,,,,,,,,,,,,,,,,,,,,,,,,,,,,,,,,,,,,,,,,,,,,,,,,,,,,,,,,,,,,,,,,,,,,,,,,,,,,,,,,,,,,,,,,,,,,,,,,,,,,,,,,,,,,,,,,,,,
268,236001,1147,2024-06-10,27.781,27.76,-96.581,-96.57,27.7705,-96.5755,22.0,10.1,125.0,30.0,16.9,,,,,,,19.5,37.0,,29.98,26.38,22.09,25.96,34.78,36.2,0.723,0.24,0.339,6.7,5.2,3.9,92.0654,94.0878,34.2088,,,,,,,,,,,,,,,,,,,,,,,,,,,,,,,,,,,,,,,,,,,,,,,,,,,,,,,,,,,,,,,,,,,,,,,,,,,,,,,,,,,,,,,,,,,,,,,,,,,,,,,,,,,,,,,,,,,,,,,,,,,,,,,,,,,,,,,,,,,,,,,,,,,,,,,,,,,,,,,,,,,,,,,,,,,,,
269,236002,1147,2024-06-10,27.61,27.589,-96.506,-96.502,27.5995,-96.504,34.5,9.5,142.0,30.0,13.0,,,,,,,31.0,60.0,,29.52,25.05,21.61,29.38,36.38,36.39,0.444,0.276,0.209,6.4,6.4,4.4,93.3128,95.7951,61.8725,,,,,,,,,,,,,,,,,,,,,,,,,,,,,,,,,,,,,,,,,,,,,,,,,,,,,,,,,,,,,,,,,,,,,,,,,,,,,,,,,,,,,,,,,,,,,,,,,,,,,,,,,,,,,,,,,,,,,,,,,,,,,,,,,,,,,,,,,,,,,,,,,,,,,,,,,,,,,,,,,,,,,,,,,,,,,
270,236003,1147,2024-06-10,27.601,27.586,-96.205,-96.225,27.5935,-96.215,54.1,9.5,147.0,30.0,22.5,,,,,,,52.0,103.0,,29.35,23.12,20.56,32.44,36.54,36.61,0.275,0.313,0.112,6.1,6.2,4.6,94.9611,96.4886,44.5261,,,,,,,,,,,,,,,,,,,,,,,,,,,,,,,,,,,,,,,,,,,,,,,,,,,,,,,,,,,,,,,,,,,,,,,,,,,,,,,,,,,,,,,,,,,,,,,,,,,,,,,,,,,,,,,,,,,,,,,,,,,,,,,,,,,,,,,,,,,,,,,,,,,,,,,,,,,,,,,,,,,,,,,,,,,,,
271,236004,1147,2024-06-10,27.712,27.707,-95.722,-95.746,27.7095,-95.734,58.9,5.2,137.0,30.0,15.6,,,,,,,54.0,107.0,,29.4,23.19,20.27,31.33,36.49,36.69,0.192,0.342,0.057,6.2,6.3,4.8,95.0424,95.282,71.8384,,,,,,,,,,,,,,,,,,,,,,,,,,,,,,,,,,,,,,,,,,,,,,,,,,,,,,,,,,,,,,,,,,,,,,,,,,,,,,,,,,,,,,,,,,,,,,,,,,,,,,,,,,,,,,,,,,,,,,,,,,,,,,,,,,,,,,,,,,,,,,,,,,,,,,,,,,,,,,,,,,,,,,,,,,,,,
272,236005,1147,2024-06-10,27.841,27.837,-95.839,-95.864,27.839,-95.8515,34.4,4.7,95.0,30.0,10.6,,,,25.0,,,31.0,60.0,,29.89,25.16,22.27,30.68,36.51,36.44,0.078,0.424,0.327,6.4,6.5,5.6,94.9749,94.975,78.7426,,,,,,,,,,,,,,,,,,,,,,,,,,,,,,,,,,,,,,,,,,,,,,,,,,,,,,,,,,,,,,,,,,,,,,,,,,,,,,,,,,,,,,,,,,,,,,,,,,,,,,,,,,,,,,,,,,,,,,,,,,,,,,,,,,,,,,,,,,,,,,,,,,,,,,,,,,,,,,,,,,,,,,,,,,,,,
273,236006,1147,2024-06-10,28.077,28.09,-96.121,-96.141,28.0835,-96.131,19.6,4.0,108.0,30.0,12.8,,,,25.0,,,18.0,34.0,,30.04,28.37,22.75,25.74,34.51,36.2,0.53,0.213,0.437,6.8,6.0,4.5,91.6983,94.8531,40.7811,,,,,,,,,,,,,,,,,,,,,,,,,,,,,,,,,,,,,,,,,,,,,,,,,,,,,,,,,,,,,,,,,,,,,,,,,,,,,,,,,,,,,,,,,,,,,,,,,,,,,,,,,,,,,,,,,,,,,,,,,,,,,,,,,,,,,,,,,,,,,,,,,,,,,,,,,,,,,,,,,,,,,,,,,,,,,
274,236007,1147,2024-06-11,28.189,28.187,-96.187,-96.213,28.188,-96.2,14.4,6.1,128.0,30.0,23.2,,,,25.0,,,12.5,23.0,,30.18,29.36,26.08,25.16,29.5,35.47,0.798,0.375,0.537,7.1,6.2,3.8,90.118,94.8523,43.7685,517.6619254598942,0.0024955561384558678,0.00242955656722188,0.002360222628340125,0.002222001552581787,0.0021535558626055717,0.0022508895490318537,0.002244667150080204,0.002226223237812519,0.0021568897645920515,0.002006224123761058,0.0018868893384933472,0.0019480014452710748,0.001975778490304947,0.0017571114003658295,0.0016282229917123914,0.0017206673510372639,0.0017231123056262732,0.001606444944627583,0.0014726676745340228,0.0014746678061783314,0.00165377848315984,0.0016922226641327143,0.0015288902213796973,0.0013920010533183813,0.0013637790689244866,0.0013173350598663092,0.0012717789504677057,0.0012631122954189777,0.0012433342635631561,0.0012253336608409882,0.0011935561196878552,0.0011715569999068975,0.0011588898487389088,0.0011740016052499413,0.0012328901793807745,0.0012326674768701196,0.0011780009372159839,0.0011711115948855877,0.0011526673333719373,0.001134667545557022,0.0011437787907198071,0.001178222824819386,0.0012020013527944684,0.0012082225875928998,0.0012160013429820538,0.0012280005030333996,0.0012444456806406379,0.0012553338892757893,0.0012551115360110998,0.001218445599079132,0.0011995567474514246,0.0012308896984905005,0.0012584453215822577,0.001279778778553009,0.001298445393331349,0.001291111926548183,0.0012977789156138897,0.0013146669371053576,0.0013015560107305646,0.0013071120483800769,0.0013151118764653802,0.0013220012187957764,0.0013424460776150227,0.0013446679804474115,0.0013422233751043677,0.0013351121451705694,0.001336889574304223,0.0013546678237617016,0.0013917788164690137,0.0014195562107488513,0.0014222227036952972,0.0014142232248559594,0.0014300006441771984,0.0014420010847970843,0.0014406682457774878,0.0014344449155032635,0.0014462226536124945,0.001448668073862791,0.0014391118893399835,0.0014257787261158228,0.0014177788980305195,0.001405556220561266,0.0014060003450140357,0.0014100016560405493,0.0014055565698072314,0.001410890370607376,0.0014159998390823603,0.0014106673188507557,0.0013935561291873455,0.0013764450559392571,0.0013617785880342126,0.0013406670186668634,0.0013117777416482568,0.0012793346541002393,0.0012344452552497387,0.0011733344290405512,0.0010966674890369177,0.0009982226183637977,0.0006431113579310477,0.0006275565829128027,0.0006173343863338232,0.0006077782018110156,0.000605778128374368,0.0005960017442703247,0.0005924453143961728,0.0005820008809678257,0.0005617787246592343,0.0005400010850280523,0.0005302234785631299,0.0005264456267468631,0.0005248896777629852,0.0005155557300895452,0.0005042229895479977,0.0004873342113569379,0.0004657784302253276,0.00045422298717312515,0.0004471122520044446,0.0004460008640307933,0.0004455558955669403,0.00044222301221452653,0.0004357790749054402,0.0004220008850097656,0.00041577924275770783,0.000405333936214447,0.00040333386277779937,0.00040555663872510195,0.0004060007631778717,0.00040822310256771743,0.0004093344905413687,0.00041089041042141616,0.0004155565402470529,0.0004188890161458403,0.00042533461237326264,0.00042777881026268005,0.00043422315502539277,0.000442445685621351,0.0004473341105040163,0.00045422339462675154,0.0004560012021102011,0.00045866810251027346,0.00045955635141581297,0.0004600009124260396,0.0004591122269630432,0.00045311159919947386,0.00044711140799336135,0.0004455563030205667,0.0004455567104741931,0.00045533437514677644,0.00045777857303619385,0.00043866742635145783,0.0004002228379249573,0.000355333904735744,0.0003235559561289847,0.00030155686545185745,0.0002933343348558992,0.0002826679847203195,0.00026733468985185027,0.00025133416056632996,0.00023333438730333,0.00022533412266056985,0.00021755695343017578,0.00020844489336013794,0.00020444559049792588,0.00019133380556013435,0.00018244526290800422,0.00017800099158193916,0.0001726676127873361,0.00016600100207142532,0.0001537787466077134,0.00014177833509165794,0.0001371122052660212,0.00014511246990878135
275,236008,1147,2024-06-11,27.996,27.987,-96.29,-96.313,27.9915,-96.3015,20.4,6.9,125.0,30.0,12.2,,,,,,,19.0,36.0,,30.01,27.36,22.51,27.71,34.4,36.12,0.577,0.354,0.481,6.5,4.7,3.5,93.2745,94.4264,33.0939,517.5508139477791,0.002229556906968355,0.002129113068804145,0.002075778553262353,0.0019451119005680084,0.0018977788276970387,0.0019860006868839264,0.0019624452106654644,0.0019342228770256042,0.001876223017461598,0.0017542238347232342,0.0016395566053688526,0.0016677789390087128,0.001712000579573214,0.0015397787792608142,0.0013960008509457111,0.0014580012066289783,0.001465778797864914,0.0013802229659631848,0.0012680015061050653,0.0012624458177015185,0.0014386677648872137,0.0014804457314312458,0.0013284455053508282,0.0012031118385493755,0.0011764453956857324,0.0011364453239366412,0.0010993336327373981,0.0010902232024818659,0.001076000859029591,0.0010735562536865473,0.0010533337481319904,0.0010337784187868237,0.0010164454579353333,0.0010255558881908655,0.0010948897106572986,0.0011093339417129755,0.0010493347654119134,0.0010473347501829267,0.001044444739818573,0.0010280004935339093,0.0010395566932857037,0.0010780008742585778,0.0011008898727595806,0.0011151114013046026,0.0011233339319005609,0.0011348894331604242,0.001160444924607873,0.0011793337762355804,0.0011837785132229328,0.001149111776612699,0.0011380008654668927,0.0011697792215272784,0.0012026673648506403,0.001233112532645464,0.0012506669154390693,0.0012464448809623718,0.001261556288227439,0.0012851121136918664,0.0012733344919979572,0.0012786673614755273,0.001289778738282621,0.0013028900139033794,0.0013148901052772999,0.001303111552260816,0.0012931120581924915,0.0012917787535116076,0.0012997782323509455,0.0013177788350731134,0.0013506681425496936,0.0013764450559392571,0.0013795561389997602,0.001368001103401184,0.0013817785074934363,0.0013962226221337914,0.0014020005473867059,0.0013973335735499859,0.0014022229006513953,0.001395556260831654,0.0013820002786815166,0.0013651119079440832,0.0013542233500629663,0.001346889417618513,0.0013462238712236285,0.001345334341749549,0.0013391119427978992,0.0013397783041000366,0.001342001836746931,0.0013373345136642456,0.00132377864792943,0.0013084453530609608,0.0012906669871881604,0.001266223262064159,0.0012440010905265808,0.0012151122791692615,0.001163778593763709,0.0010931119322776794,0.001009778818115592,0.0008982237777672708,0.0005808898713439703,0.0005626674392260611,0.0005595560069195926,0.0005542234284803271,0.0005513346986845136,0.000541111221536994,0.0005331126158125699,0.0005251119728200138,0.0005104455049149692,0.0004920007195323706,0.0004824449715670198,0.0004777788417413831,0.00047688971972092986,0.0004700012505054474,0.00045666677760891616,0.000442000717157498,0.00042177902651019394,0.0004071125586051494,0.0003993337450083345,0.00039911229396238923,0.00039822360849939287,0.00039444532012566924,0.00038777830195613205,0.0003762228589039296,0.0003706676361616701,0.00036511197686195374,0.000364667852409184,0.0003662229282781482,0.00036688975524157286,0.0003702230751514435,0.0003706676361616701,0.00037133446312509477,0.0003742232220247388,0.0003760010004043579,0.0003802234132308513,0.0003806679742410779,0.0003828894696198404,0.0003860009310301393,0.0003880014119204134,0.0003902237513102591,0.00039066787576302886,0.00039088973426260054,0.0003902233438566327,0.00038822286296635866,0.00038533410406671464,0.0003806679742410779,0.0003768905298784375,0.0003742232220247388,0.0003728895680978894,0.0003773346543312073,0.00037466734647750854,0.0003611122665461153,0.0003288893203716725,0.0002931116323452443,0.00026688972138799727,0.0002468898892402649,0.00024022285651881248,0.00023377893376164138,0.0002235567371826619,0.00021177819871809334,0.00019911180424969643,0.00019288973999209702,0.00018755636119749397,0.00018200071644969285,0.00017822327208705246,0.0001677792170085013,0.0001602230768185109,0.0001562229444971308,0.0001535560586489737,0.00014911219477653503,0.00013755634427070618,0.0001233340153703466,0.00010600106907077134,0.00010777926945593208
276,236009,1147,2024-06-11,27.875,27.881,-96.337,-96.359,27.878,-96.348,26.2,7.8,87.0,30.0,18.6,,,,,,,25.5,48.0,,29.72,25.46,21.78,27.94,35.25,27.73,0.392,0.376,0.012,6.6,5.3,3.6,93.3473,94.0853,37.3639,510.9819891287386,0.0026953343767672777,0.002568667521700263,0.0024982227478176355,0.002356445649638772,0.0023102229461073875,0.0023968899622559547,0.0023735566064715385,0.0023337784223258495,0.0022540006320923567,0.0021200014743953943,0.0020086669828742743,0.002051333896815777,0.0020846675615757704,0.0018933340907096863,0.0017331117996945977,0.001793112140148878,0.001807556371204555,0.001700890134088695,0.0015688898274675012,0.0015624458901584148,0.001745778601616621,0.0017915562493726611,0.001637334586121142,0.0014973344514146447,0.0014617778360843658,0.0014226672938093543,0.0013764450559392571,0.0013673342764377594,0.001349778613075614,0.0013373336987569928,0.001309334416873753,0.0012848898768424988,0.0012700011720880866,0.0012817784445360303,0.0013462225906550884,0.0013604453997686505,0.0012988895177841187,0.0012882231967523694,0.0012820011470466852,0.0012642232468351722,0.0012728902511298656,0.0013113348977640271,0.001327778329141438,0.0013331121299415827,0.0013444452779367566,0.0013511119177564979,0.001368889817968011,0.0013884450308978558,0.0013873337302356958,0.0013517779298126698,0.0013457781169563532,0.001371112186461687,0.0013982235686853528,0.0014282228657975793,0.0014453335897997022,0.0014368899865075946,0.0014457785291597247,0.0014708898961544037,0.0014582230942323804,0.0014597789850085974,0.0014708894304931164,0.0014806675026193261,0.0014871114399284124,0.0014751119306311011,0.0014666678616777062,0.0014548893086612225,0.0014515556395053864,0.0014626673655584455,0.0014877787325531244,0.0015128900995478034,0.0015126673970371485,0.0014988899929448962,0.0015073344111442566,0.0015173339052125812,0.0015200008638203144,0.0015084445476531982,0.0015073335962370038,0.0015002228319644928,0.001484667300246656,0.0014617786509916186,0.0014468899462372065,0.0014342226786538959,0.0014244458870962262,0.0014173338422551751,0.0014080003602430224,0.001401779125444591,0.0014006677083671093,0.0013900010380893946,0.0013700007693842053,0.0013497777981683612,0.0013286673929542303,0.0013015568256378174,0.001271112123504281,0.0012335566570982337,0.0011735563166439533,0.0010986676206812263,0.0010148899164050817,0.000908667454496026,0.0005773339071311057,0.0005577790434472263,0.0005537784891203046,0.0005480009713210166,0.0005420007510110736,0.0005300011835061014,0.0005264456267468631,0.0005235568387433887,0.0005075567169114947,0.00048422315740026534,0.00047266774345189333,0.00046977854799479246,0.0004682230355683714,0.0004617782833520323,0.00044666684698313475,0.00043200081563554704,0.0004133342008572072,0.00040066821384243667,0.0003955558640882373,0.00039666765951551497,0.00039533444214612246,0.0003897787828464061,0.000382000784156844,0.00036733390879817307,0.0003628900449257344,0.0003593340516090393,0.0003617782494984567,0.0003655561013147235,0.00036555653787218034,0.0003666670818347484,0.000364222883945331,0.0003626677789725363,0.00036444555735215545,0.0003635564644355327,0.00036733390879817307,0.0003660010697785765,0.00036733431625179946,0.0003695562481880188,0.0003693343896884471,0.00037088990211486816,0.00036844570422545075,0.0003677784698083997,0.00036488971090875566,0.0003628892300184816,0.00036111182998865843,0.00035711252712644637,0.00035111192846670747,0.0003462235035840422,0.0003448902862146497,0.0003531120019033551,0.0003562234342098236,0.0003466676571406424,0.0003166674869135022,0.0002793342573568225,0.0002564456663094461,0.0002395560295553878,0.0002335558383492753,0.00022622363758273423,0.00021489005303010345,0.0002031119365710765,0.00019200105452910066,0.00018777904915623367,0.0001835558214224875,0.00017755644512362778,0.00017533410573378205,0.00016622411203570664,0.00015933439135551453,0.00015444474411197007,0.00015111184620764107,0.00014577888941857964,0.00013288938498590142,0.00011755567538784817,0.00010155638301512226,0.00011800146603491157
277,236010,1147,2024-06-11,27.948,27.943,-96.648,-96.624,27.9455,-96.636,13.5,7.1,154.0,30.0,36.4,,,,,,,12.5,23.0,,30.13,28.63,25.14,24.91,30.75,35.3,0.604,0.337,0.202,6.9,5.4,2.8,90.4056,89.954,37.4924,520.0669570333007,0.002108223270624876,0.0020448900759220123,0.002008000621572137,0.0018564454512670636,0.0018051122315227985,0.0018993342528119683,0.0018860006239265203,0.0018831127090379596,0.0018180008046329021,0.0016986674163490534,0.0015708899591118097,0.0015988900559023023,0.0016764452448114753,0.0014897787477821112,0.0013475571759045124,0.0014397783670574427,0.0014528892934322357,0.0013633345952257514,0.0012351125478744507,0.0012337788939476013,0.00143044488504529,0.00148200080730021,0.0013313343515619636,0.0012004454620182514,0.001176666934043169,0.001136889448389411,0.0010942233493551612,0.0010895563755184412,0.001074223080649972,0.001062667230144143,0.0010471115820109844,0.0010326674673706293,0.001016666879877448,0.0010222229175269604,0.0010871117701753974,0.0011084447614848614,0.0010546674020588398,0.0010535563342273235,0.0010444455547258258,0.001029111910611391,0.001045112032443285,0.0010831111576408148,0.0010971120791509748,0.001103334128856659,0.0011186669580638409,0.0011320010526105762,0.0011466671712696552,0.0011626676423475146,0.0011655560228973627,0.00113333435729146,0.0011286681983619928,0.0011608893983066082,0.0011906677391380072,0.001219334313645959,0.0012377782259136438,0.0012257782509550452,0.0012291115708649158,0.0012580007314682007,0.0012500012526288629,0.0012537783477455378,0.0012691119918599725,0.0012817787937819958,0.0012962230248376727,0.0012964449124410748,0.001299555879086256,0.0012973344419151545,0.0013033337891101837,0.0013168896548449993,0.0013488895492628217,0.0013802229659631848,0.0013871113769710064,0.0013804452028125525,0.0013980008661746979,0.0014168893685564399,0.0014282228657975793,0.0014260009629651904,0.0014364458620548248,0.0014373341109603643,0.0014262228505685925,0.0014128892216831446,0.0014104454312473536,0.001404888927936554,0.0014048893935978413,0.0014051124453544617,0.0014044451527297497,0.0014066671719774604,0.0014097781386226416,0.001411556382663548,0.0014031119644641876,0.0013926675310358405,0.0013815561542287469,0.0013586676213890314,0.0013280005659908056,0.0012955566635355353,0.0012408896582201123,0.001168000977486372,0.0010884454241022468,0.000994667410850525,0.0006173335714265704,0.0006008897325955331,0.0005920015973970294,0.0005853341426700354,0.0005811117589473724,0.0005722232162952423,0.000568223069421947,0.0005602228338830173,0.0005446676514111459,0.0005264456267468631,0.0005160011351108551,0.0005091118509881198,0.0005066680605523288,0.0005006674327887595,0.00048733377479948103,0.00047511153388768435,0.00045688904356211424,0.00044800093746744096,0.0004417788586579263,0.00043866701889783144,0.00043688961886800826,0.00042800026130862534,0.0004188902676105499,0.0004064453241880983,0.0004000009794253856,0.0003933343687094748,0.00039133348036557436,0.0003891123633366078,0.0003868892090395093,0.0003868892090395093,0.0003855563700199127,0.00038533410406671464,0.00038666732143610716,0.0003904452023562044,0.00039511173963546753,0.0003975567815359682,0.00040333386277779937,0.00041044544195756316,0.0004157783987466246,0.0004191117186564952,0.000422001292463392,0.00042377866338938475,0.00042488964390940964,0.0004240009584464133,0.000422889570472762,0.000418667565099895,0.00041400102782063186,0.00041155723738484085,0.00041288963984698057,0.000421556323999539,0.000423334538936615,0.000410000910051167,0.0003760010004043579,0.0003371118800714612,0.00031066726660355926,0.0002906674344558269,0.0002804452378768474,0.00027044571470469236,0.0002582230372354388,0.00024400113034062088,0.00023200073337648064,0.00022466729569714516,0.00021577792358584702,0.0002068897883873433,0.0002031119365710765,0.00019177877402398735,0.00018444533634465188,0.00017911155009642243,0.00017244575428776443,0.00016466694069094956,0.0001526673586340621,0.00013755593681707978,0.00012155705189798027,0.00013089014100842178
278,236011,1147,2024-06-11,28.094,28.11,-96.499,-96.479,28.102,-96.489,13.0,4.0,121.0,30.0,46.8,,,,,,,12.0,22.0,,29.97,29.53,25.67,25.16,26.72,35.05,1.093,0.817,0.321,8.9,6.3,2.1,90.6902,91.8158,44.6047,522.8127515944643,0.0019106678664684296,0.0018651117570698261,0.001823556493036449,0.0016866677906364202,0.0016622229013592005,0.0017613342497497797,0.0017360009951516986,0.0017302227206528187,0.001662223250605166,0.0015204453375190496,0.0014146673493087292,0.0014657783322036266,0.0015217786421999335,0.0013460011687129736,0.0012095565907657146,0.0012855567038059235,0.0012935561826452613,0.0011962226126343012,0.0010822229087352753,0.0010875562438741326,0.001261556288227439,0.0013082234654575586,0.0011606679763644934,0.0010382230393588543,0.001020000665448606,0.0009791122283786535,0.0009335561189800501,0.0009291122551076114,0.000921556493267417,0.0009166676900349557,0.0008917778031900525,0.0008766676182858646,0.0008695568540133536,0.0008842229144647717,0.0009491120581515133,0.0009577787714079022,0.0009028903441503644,0.0009060001466423273,0.0009008898632600904,0.0008831119630485773,0.0008991120848804712,0.0009417786495760083,0.0009562232298776507,0.0009628894622437656,0.000979111879132688,0.0009964456548914313,0.0010157781653106213,0.0010311114601790905,0.0010320009896531701,0.001000667572952807,0.0009986675577238202,0.001030667801387608,0.0010615566279739141,0.001096000662073493,0.0011142231523990631,0.0011024454142898321,0.0011073342757299542,0.0011357784969732165,0.0011302228085696697,0.0011364453239366412,0.001155111938714981,0.0011657790746539831,0.0011771118734031916,0.0011773345759138465,0.0011795564787462354,0.0011795564787462354,0.001191333751194179,0.0012151114642620087,0.0012511118547990918,0.0012802225537598133,0.0012904450995847583,0.0012893336825072765,0.0013066671090200543,0.0013255564263090491,0.0013402232434600592,0.001344223041087389,0.0013568898430094123,0.001355556189082563,0.0013495563762262464,0.0013384459307417274,0.0013348899083212018,0.0013380005257204175,0.001343555748462677,0.0013480013003572822,0.0013504454400390387,0.0013566674897447228,0.0013595563359558582,0.0013582230312749743,0.0013508895644918084,0.0013408897211775184,0.0013222231063991785,0.001304000150412321,0.0012831120984628797,0.001253334223292768,0.0012015559477731586,0.001130889286287129,0.0010506680700927973,0.0009455560939386487,0.0005840009544044733,0.0005655565764755011,0.0005626678466796875,0.0005591122899204493,0.0005564449820667505,0.0005442231195047498,0.0005362232332117856,0.0005293339490890503,0.0005153347156010568,0.0004988900618627667,0.0004900015192106366,0.00048533413792029023,0.0004824453790206462,0.00047511194134131074,0.0004626678128261119,0.000446667690994218,0.00042733384179882705,0.00041511200834065676,0.00040688985609449446,0.00040466792415827513,0.00040200146031565964,0.0003971122205257416,0.000389556516893208,0.00037644512485712767,0.00037200129008851945,0.0003631123108789325,0.00036489011836238205,0.000364222883945331,0.00036377873038873076,0.0003653338353615254,0.0003635564644355327,0.00036400058888830245,0.0003660002548713237,0.0003693339822348207,0.00037577914190478623,0.00038000071072019637,0.00038777870940975845,0.00039466802263632417,0.000399556418415159,0.0004053343436680734,0.0004084453685209155,0.0004095563490409404,0.00041044503450393677,0.0004091121954843402,0.00040733441710472107,0.0004042229847982526,0.0003993345599155873,0.0003953340055886656,0.00039311207365244627,0.0003962235350627452,0.00039311207365244627,0.00037933472776785493,0.0003484454355202615,0.00031133368611335754,0.000283333589322865,0.0002624454500619322,0.0002526674070395529,0.00024488981580361724,0.00023377810430247337,0.00021955619740765542,0.0002068897883873433,0.00019888952374458313,0.000190890088560991,0.00018444491433911026,0.0001806682994356379,0.00017000030493363738,0.0001633345236768946,0.00015777887892909348,0.0001526673586340621,0.00014777813339605927,0.0001364453783025965,0.00012289028381928802,0.00010511196160223335,0.00010400141036370769
279,236012,1147,2024-06-11,28.16,28.146,-96.37,-96.39,28.153,-96.38,13.8,5.2,137.0,30.0,33.8,,,,,,,13.0,24.0,,30.04,29.42,26.14,25.62,29.7,35.22,0.81,0.373,0.32,7.0,5.8,4.1,90.8484,91.1077,35.1053,518.4433809332259,0.0022766676265746355,0.002227778546512127,0.0021811118349432945,0.0020475569181144238,0.0020228896755725145,0.0021237784530967474,0.00208266731351614,0.0020491117611527443,0.0019960005301982164,0.0018586678197607398,0.0017246670322492719,0.0017833341844379902,0.0018433337099850178,0.001647778321057558,0.0015066671185195446,0.0015786675503477454,0.0015817781677469611,0.00149666762445122,0.0013748891651630402,0.0013653350761160254,0.0015602223575115204,0.0016042233910411596,0.0014373341109603643,0.0013015568256378174,0.0012737789656966925,0.0012428904883563519,0.0011975554516538978,0.0011791115393862128,0.0011691120453178883,0.0011573343072086573,0.001127555500715971,0.0011088893515989184,0.0010960011277347803,0.001107112388126552,0.0011784450616687536,0.0011855566408485174,0.001118890126235783,0.0011171110672876239,0.0011115558445453644,0.0010946678230538964,0.0011126676108688116,0.0011542228749021888,0.0011613339884206653,0.0011615562252700329,0.00117088935803622,0.0011804455425590277,0.001200667698867619,0.001207333873026073,0.0012033345410600305,0.0011751122074201703,0.0011608903296291828,0.001191779156215489,0.001223555882461369,0.0012491117231547832,0.001262445468455553,0.0012517786817625165,0.001264445949345827,0.0012944452464580536,0.0012820011470466852,0.0012788897147402167,0.001294000307098031,0.001299112569540739,0.001313779503107071,0.00132022297475487,0.0013180007226765156,0.001313555520027876,0.0013175561325624585,0.0013380005257204175,0.0013695566449314356,0.0014020010130479932,0.0014140009880065918,0.0014055565698072314,0.0014186674961820245,0.0014362228102982044,0.0014460007660090923,0.001442223321646452,0.0014533346984535456,0.001451111864298582,0.0014491126639768481,0.0014393337769433856,0.0014348899712786078,0.0014331117272377014,0.001431333483196795,0.0014328898396342993,0.0014315566513687372,0.00143622315954417,0.001442445209249854,0.0014400010695680976,0.0014264455530792475,0.0014164452441036701,0.0014015560736879706,0.0013757782289758325,0.001345778931863606,0.0013155564665794373,0.0012635559542104602,0.0011911123292520642,0.0011108898324891925,0.0010124449618160725,0.0006297789514064789,0.0006053340039215982,0.0006022233865223825,0.0005971122882328928,0.0005902230041101575,0.0005813344614580274,0.0005780007340945303,0.0005691121914424002,0.0005493346252478659,0.0005277784075587988,0.0005182235036045313,0.0005133346421644092,0.0005100005073472857,0.0005042229895479977,0.0004933343734592199,0.0004766674537677318,0.00045644573401659727,0.00044644458102993667,0.00044111203169450164,0.00044089017319492996,0.00043977878522127867,0.0004317785205785185,0.0004204453725833446,0.0004055562021676451,0.00040088966488838196,0.00039444572757929564,0.00039622269105166197,0.0003928894002456218,0.00039022290729917586,0.00039177926373668015,0.00039044476579874754,0.0003895560803357512,0.0003922229807358235,0.0003924452466890216,0.0003953340055886656,0.0004004455404356122,0.0004073336021974683,0.00041466826223768294,0.0004200004041194916,0.00042822337127290666,0.0004308906791266054,0.0004342227475717664,0.00043733377242460847,0.00043577782344073057,0.00043444542097859085,0.0004317785205785185,0.0004255572857800871,0.00041822344064712524,0.0004184452991466969,0.00042600103188306093,0.00042866708827205,0.00041577924275770783,0.0003815562231466174,0.00033822323894128203,0.0003084453346673399,0.0002886677684728056,0.0002797784109134227,0.000269112060777843,0.000254667887929827,0.00023933459306135774,0.00022711273049935699,0.00021844480943400413,0.00021155674767214805,0.0002033333876170218,0.00019555704784579575,0.00018511174130253494,0.00017577865219209343,0.00016933389997575432,0.00016288997721858323,0.00015555611753370613,0.00014222330355551094,0.00012400124978739768,0.00011244540655752644,0.00013844502973370254
280,236013,1147,2024-06-11,28.503,28.48,-96.118,-96.116,28.4915,-96.117,6.6,5.0,129.0,30.0,0.7,,,,25.0,,,5.5,9.0,,30.65,30.0,28.16,24.34,26.78,30.48,0.726,0.736,1.426,6.6,6.3,0.4,91.1772,90.3612,58.214,523.047422216015,0.0021506675984710455,0.00208200141787529,0.0020437787752598524,0.0018542238976806402,0.0017880010418593884,0.0018602232448756695,0.0018817787058651447,0.0018797785742208362,0.0017931117909029126,0.001656223088502884,0.001533112139441073,0.001600890071131289,0.0016500010387971997,0.0014377787010744214,0.0012893336825072765,0.0013691120548173785,0.0013748896308243275,0.0012860008282586932,0.0011871117167174816,0.0011906673898920417,0.001366666634567082,0.0014091121265664697,0.0012440006248652935,0.0011053341440856457,0.0010828889207914472,0.0010388907976448536,0.0010013340506702662,0.0009906669147312641,0.0009822233114391565,0.000986000755801797,0.0009573337738402188,0.0009391113417223096,0.0009322228725068271,0.0009537782170809805,0.0010353343095630407,0.0010404454078525305,0.0009666673140600324,0.0009677782654762268,0.0009717788198031485,0.0009744453127495944,0.000992222805507481,0.0010362230241298676,0.001064890413545072,0.0010726667242124677,0.0010820010211318731,0.001098001142963767,0.0011248894734308124,0.0011422228999435902,0.0011500013060867786,0.0011184447212144732,0.001108001102693379,0.0011384449899196625,0.0011753340950235724,0.0012055565603077412,0.001226890366524458,0.001230223337188363,0.001250667730346322,0.0012900005094707012,0.0012864446034654975,0.0012962230248376727,0.001316223293542862,0.0013286678586155176,0.0013555565383285284,0.0013771115336567163,0.001396444975398481,0.0014035560889169574,0.0014180003199726343,0.00144977867603302,0.001493778545409441,0.0015402225544676185,0.0015740013914182782,0.001588001032359898,0.001619333983398974,0.0016502237413078547,0.0016744447639212012,0.0016831117682158947,0.0017071113688871264,0.001723556430079043,0.0017268897499889135,0.001730667194351554,0.0017395565519109368,0.001732444972731173,0.001735334168188274,0.001754889846779406,0.0017751120030879974,0.001800445606932044,0.001816890318877995,0.0018186672823503613,0.0018100009765475988,0.001794445444829762,0.0017755565932020545,0.0017451117746531963,0.001708000898361206,0.001667334814555943,0.0015946680214256048,0.001497334917075932,0.0013828902738168836,0.0012480012373998761,0.0006591122946701944,0.0006353341741487384,0.0006322231492958963,0.0006233341991901398,0.0006066676578484476,0.0005926672019995749,0.0005893342895433307,0.0005806672270409763,0.0005600009462796152,0.0005375556647777557,0.0005311121349222958,0.0005202231113798916,0.0005151116056367755,0.0005071129999123514,0.0004928898415528238,0.0004788902006112039,0.00046088919043540955,0.000450889696367085,0.0004484446544665843,0.00044777864241041243,0.00044489032006822526,0.00043511224794201553,0.0004208903410471976,0.000404223392251879,0.00039066746830940247,0.0003728895680978894,0.0003653338353615254,0.0003580016491468996,0.00035488937282934785,0.0003533338604029268,0.0003504446940496564,0.00034955597948282957,0.0003486668865662068,0.00035066736745648086,0.00035733438562601805,0.00035822350764647126,0.00036489011836238205,0.00036911212373524904,0.00037222355604171753,0.00038022256921976805,0.00038111169124022126,0.00038422353100031614,0.00038711228989996016,0.00038422271609306335,0.00038466768455691636,0.00038155665970407426,0.00037800066638737917,0.000380445271730423,0.00038377815508283675,0.0003946676151826978,0.0003964458010159433,0.0003791124327108264,0.00034044517087750137,0.0003000005381181836,0.00027111254166811705,0.0002524451119825244,0.0002437788643874228,0.0002306679089087993,0.00021466819453053176,0.0002000008971663192,0.00018800090765580535,0.00017977837705984712,0.00016911204147618264,0.00015733431791886687,0.00014488937449641526,0.00013000104809179902,0.00012066712224623188,0.00011466774594737217,0.0001100003719329834,0.00010422327613923699,9.311197209171951e-05,8.177881682058796e-05,9.755665814736858e-05,0.00012822325516026467
281,236014,1147,2024-06-11,28.47,28.451,-95.971,-95.957,28.4605,-95.964,9.8,7.6,118.0,30.0,18.3,,,,50.0,,,8.5,15.0,,30.46,29.2,27.03,25.18,27.92,34.36,0.551,0.936,0.609,6.5,5.8,2.3,93.1317,91.6721,59.1392,509.9875681419297,0.0034400010481476784,0.003272222587838769,0.003190223593264818,0.0029755558352917433,0.002896000863984227,0.002996445633471012,0.0029511121101677418,0.002855556318536401,0.0027144448831677437,0.002569556701928377,0.0024575565475970507,0.002473334548994899,0.002515556989237666,0.002321333857253194,0.0021113338880240917,0.0021288900170475245,0.0021428896579891443,0.002040223218500614,0.0019153340253978968,0.001896889298222959,0.002054445445537567,0.0020844456739723682,0.0018935567932203412,0.0017604447202757,0.0017237787833437324,0.0016520010540261865,0.0015842219581827521,0.00156577886082232,0.0015495563857257366,0.00152422278188169,0.0014886674471199512,0.0014475559582933784,0.001424222718924284,0.0014382228255271912,0.0014791120775043964,0.0014862236566841602,0.0014262228505685925,0.0014075570506975055,0.0013875564327463508,0.0013555565383285284,0.0013655564980581403,0.0014248895458877087,0.0014268900267779827,0.0014148892369121313,0.0014277787413448095,0.0014217785792425275,0.0014220000011846423,0.001420667627826333,0.0014160014688968658,0.0013788901269435883,0.001364001422189176,0.0013764447066932917,0.0014011127641424537,0.0014375564642250538,0.001438000937923789,0.0014282228657975793,0.0014448894653469324,0.0014588894555345178,0.0014395560137927532,0.0014364453963935375,0.0014506677398458123,0.0014600008726119995,0.0014760014601051807,0.001488666981458664,0.0015055566327646375,0.0015062229940667748,0.0014962226850911975,0.0015075558330863714,0.0015504455659538507,0.0015806680312380195,0.001586223253980279,0.0015891119837760925,0.0016093344893306494,0.0016213333001360297,0.0016322234878316522,0.001633555511943996,0.001643556635826826,0.0016548899002373219,0.0016593345208093524,0.001650000223889947,0.0016471123090013862,0.001633112202398479,0.001613333821296692,0.00161266780924052,0.0016291117062792182,0.001639112364500761,0.0016426675720140338,0.001651556114666164,0.0016384451882913709,0.001621779054403305,0.0015935557894408703,0.001554001122713089,0.0015168902464210987,0.0014713348355144262,0.00140400102827698,0.0013311119982972741,0.0012482231250032783,0.001142001012340188,0.000626667111646384,0.0006080017192289233,0.0006033352110534906,0.0005935567314736545,0.0005822231178171933,0.0005546680185943842,0.0005508897011168301,0.0005517788231372833,0.0005260010366328061,0.0004957786295562983,0.0004906679387204349,0.0004851114354096353,0.00047711157822050154,0.00046733394265174866,0.00045755630708299577,0.0004497787158470601,0.00043555680895224214,0.0004255564708728343,0.0004208899335935712,0.0004168897867202759,0.0004148901207372546,0.0004084453685209155,0.00039555630064569414,0.00037711113691329956,0.0003682238457258791,0.0003568894462659955,0.0003491122624836862,0.00034177882480435073,0.0003422225418034941,0.00034044517087750137,0.000343778490787372,0.000342890212778002,0.0003368887701071799,0.0003395560779608786,0.0003444448811933398,0.00034244483686052263,0.0003500005404930562,0.0003528897068463266,0.0003506682114675641,0.0003595563175622374,0.00035733357071876526,0.0003611122665461153,0.0003666674892883748,0.00036444555735215545,0.0003617786569520831,0.00036022273707203567,0.00035133378696627915,0.0003506682114675641,0.000358222663635388,0.00036822300171479583,0.0003773346543312073,0.000363779574399814,0.00032488920260220766,0.0002833339967764914,0.0002568898198660463,0.00024177879095077515,0.00023555589723400772,0.00022533329320140183,0.000209556266781874,0.0001931120059452951,0.00018000106501858681,0.00016800065350253135,0.00015822259592823684,0.00014466709399130195,0.0001331120729446411,0.00012155622243881226,0.00011088905739597976,0.00010400099563412368,0.00010177865624427795,9.333425259683281e-05,8.600080764153972e-05,7.933461165521294e-05,0.00010600147652439773,0.00015777845692355186
282,236015,1147,2024-06-11,28.28,28.265,-95.868,-95.849,28.2725,-95.8585,14.9,8.0,125.0,30.0,68.1,,,,50.0,,,13.0,24.0,,30.0,28.58,26.03,25.75,31.72,36.08,1.11,0.371,0.47,6.7,5.5,4.8,88.4159,93.358,47.5831,511.17221162897425,0.004964001476764679,0.004948001354932785,0.004874002188444138,0.004615999758243561,0.004466000944375992,0.004576001316308975,0.004648000001907349,0.004540000110864639,0.004230000078678131,0.004106000065803528,0.004064001142978668,0.004009999334812164,0.003976002335548401,0.003720000386238098,0.003416001796722412,0.0034819990396499634,0.0036740005016326904,0.0035159997642040253,0.0032320022583007812,0.0033320002257823944,0.0035260021686553955,0.0035240016877651215,0.0033380016684532166,0.003035999834537506,0.0028740018606185913,0.0028179995715618134,0.0027960017323493958,0.00274600088596344,0.0027180016040802,0.002677999436855316,0.002555999904870987,0.002537999302148819,0.002544000744819641,0.0024660006165504456,0.002564001828432083,0.0026019997894763947,0.0024560019373893738,0.0024560019373893738,0.0024660006165504456,0.002438001334667206,0.002392001450061798,0.002399999648332596,0.002420000731945038,0.0023979991674423218,0.002422001212835312,0.002438001334667206,0.0024360008537769318,0.0023460015654563904,0.0022899992763996124,0.0022739991545677185,0.002181999385356903,0.0021940022706985474,0.0022439993917942047,0.002252001315355301,0.002234000712633133,0.0021920017898082733,0.0021920017898082733,0.002238001674413681,0.002240002155303955,0.002211999148130417,0.002186000347137451,0.0021700002253055573,0.002199999988079071,0.002268001437187195,0.0023260004818439484,0.0023059993982315063,0.0022459998726844788,0.002216000109910965,0.002195999026298523,0.002224002033472061,0.0022599995136260986,0.002242002636194229,0.0022439993917942047,0.002256002277135849,0.002227999269962311,0.0021920017898082733,0.002197999507188797,0.0021940022706985474,0.002206001430749893,0.0021760016679763794,0.0021800026297569275,0.0021800026297569275,0.0021400004625320435,0.0021420009434223175,0.0021580010652542114,0.0021339990198612213,0.0021059997379779816,0.002116002142429352,0.002102002501487732,0.002078000456094742,0.002080000936985016,0.00206800177693367,0.0019760020077228546,0.0019199997186660767,0.001912001520395279,0.0018279999494552612,0.0017380006611347198,0.001690000295639038,0.0011040009558200836,0.001062002032995224,0.0010659992694854736,0.0010180026292800903,0.000987999141216278,0.0009840019047260284,0.0009899996221065521,0.0009940005838871002,0.0009719990193843842,0.0009300000965595245,0.0008979998528957367,0.0008940026164054871,0.0009040012955665588,0.0008799992501735687,0.0008580014109611511,0.0008400008082389832,0.0008199997246265411,0.0008460022509098053,0.000854000449180603,0.0008680000901222229,0.0008659996092319489,0.0008280016481876373,0.0007840022444725037,0.0007640011608600616,0.0007660016417503357,0.0007620006799697876,0.0007780008018016815,0.0007620006799697876,0.0007360018789768219,0.0007279999554157257,0.000720001757144928,0.0007140003144741058,0.0007180012762546539,0.0007140003144741058,0.0007240027189254761,0.0007300004363059998,0.000738002359867096,0.0007340013980865479,0.0007300004363059998,0.0007340013980865479,0.0007419995963573456,0.0007640011608600616,0.0007719993591308594,0.0007739998400211334,0.0007700026035308838,0.0007480010390281677,0.000738002359867096,0.0006799995899200439,0.00070200115442276,0.0007520020008087158,0.0007780008018016815,0.0008300021290779114,0.0007460005581378937,0.0006720013916492462,0.0006460025906562805,0.0006600022315979004,0.0006620027124881744,0.0006280019879341125,0.0005800016224384308,0.0005180016160011292,0.000509999692440033,0.0005140006542205811,0.0004980005323886871,0.00048800185322761536,0.0004520006477832794,0.00041200220584869385,0.00039200112223625183,0.0003679990768432617,0.0003559999167919159,0.000342000275850296,0.0003040023148059845,0.00023400038480758667,0.00020800158381462097,0.0004700012505054474
283,236016,1147,2024-06-11,28.206,28.197,-95.75,-95.727,28.2015,-95.7385,19.4,8.9,132.0,30.0,25.4,,,,25.0,,,16.5,32.0,,30.78,28.88,23.64,27.47,34.46,36.11,0.859,0.322,0.81,6.8,6.2,5.5,88.475,95.3027,62.1955,515.0810338821713,0.00410033343359828,0.004058666527271271,0.003985668998211622,0.0036823339760303497,0.0034540004562586546,0.003600333584472537,0.0036230001132935286,0.0034810006618499756,0.0033210020046681166,0.003112001344561577,0.002973334165289998,0.00305900233797729,0.0030213333666324615,0.0027613334823399782,0.002559668617323041,0.0026340000331401825,0.0026833333540707827,0.0025283347349613905,0.002316666767001152,0.0022176678758114576,0.002423000754788518,0.002492000116035342,0.0022333331871777773,0.0019640016835182905,0.0019190000602975488,0.0019176689675077796,0.001835667877458036,0.0017913324991241097,0.0017860004445537925,0.0017730016261339188,0.0017113356152549386,0.0016640009125694633,0.0016153337201103568,0.0015976671129465103,0.0016890006372705102,0.0017300000181421638,0.0016543337842449546,0.0016220007091760635,0.001619334681890905,0.0016006684163585305,0.0015656681498512626,0.001623334363102913,0.001651667058467865,0.0016383336624130607,0.001660667359828949,0.001636666595004499,0.0016426673391833901,0.001655668020248413,0.0016493331640958786,0.0016093353042379022,0.0016023330390453339,0.0016186684370040894,0.0016310004284605384,0.0016846675425767899,0.0017086683074012399,0.001693999976851046,0.0017250006785616279,0.001752333133481443,0.0017176674446091056,0.0017333341529592872,0.0017503350973129272,0.001743333414196968,0.0017516674706712365,0.001761333434842527,0.0017820013454183936,0.0017760004848241806,0.001780333579517901,0.0017863338580355048,0.0017990010092034936,0.0018393335631117225,0.001841666758991778,0.0018146677175536752,0.0018210014095529914,0.0018260013312101364,0.0018523341277614236,0.0018606676021590829,0.0018400015542283654,0.001821668236516416,0.0018110020318999887,0.001815667375922203,0.0018000000854954123,0.001765002147294581,0.0017600009450688958,0.0017566668102517724,0.0017396664479747415,0.0017463347176089883,0.0017780022462829947,0.0017729997634887695,0.0017540002008900046,0.001721000298857689,0.0016703350702300668,0.0016283337026834488,0.0015916688134893775,0.0015796670923009515,0.0015453355154022574,0.0014460006495937705,0.0013446677476167679,0.0012433355441316962,0.0008350014686584473,0.0008093354408629239,0.0008066681330092251,0.0007993336766958237,0.000775334716308862,0.0007406684453599155,0.0007440000772476196,0.0007483344525098801,0.0007256679236888885,0.0007196664810180664,0.0007126666605472565,0.0006980014150030911,0.0006860016728751361,0.0006753348861820996,0.0006529999081976712,0.0006353352218866348,0.0006170012056827545,0.0005933337961323559,0.0005953330546617508,0.0005779999191872776,0.0005846675485372543,0.0005886678700335324,0.000565333291888237,0.0005703338538296521,0.0005653351545333862,0.0005639996379613876,0.0005736679886467755,0.0005740020424127579,0.0005736667662858963,0.0005663341726176441,0.000558001920580864,0.0005536675453186035,0.0005493338103406131,0.0005426679854281247,0.0005500006373040378,0.0005433348123915493,0.0005536675453186035,0.0005666669458150864,0.0005713340942747891,0.0005796688492409885,0.0005756684695370495,0.0005796669865958393,0.0005760018830187619,0.0005746682290919125,0.0005750016425736248,0.0005590015207417309,0.0005603351746685803,0.0005523338913917542,0.000545332848560065,0.0005756684695370495,0.0005750016425736248,0.000567333132494241,0.0005210023373365402,0.0004503341915551573,0.00042066784226335585,0.0004023344663437456,0.0004000011831521988,0.0003906687197741121,0.00036033554351888597,0.0003323356213513762,0.0003169998526573181,0.00031566867255605757,0.0003026661870535463,0.0002900002000387758,0.0002813351748045534,0.00026200091815553606,0.00026366798556409776,0.00025966763496398926,0.0002533352526370436,0.00024266789841931313,0.00021300092339515686,0.000180000439286232,0.00014300023030955344,0.00018700149666983634
284,236017,1147,2024-06-12,28.173,28.153,-95.596,-95.588,28.163,-95.592,22.5,7.8,121.0,30.0,15.1,,,,25.0,,,19.5,38.0,,30.18,29.07,23.1,30.5,34.7,36.2,0.206,0.21,0.721,6.5,6.2,5.7,94.2362,95.6755,72.0776,,,,,,,,,,,,,,,,,,,,,,,,,,,,,,,,,,,,,,,,,,,,,,,,,,,,,,,,,,,,,,,,,,,,,,,,,,,,,,,,,,,,,,,,,,,,,,,,,,,,,,,,,,,,,,,,,,,,,,,,,,,,,,,,,,,,,,,,,,,,,,,,,,,,,,,,,,,,,,,,,,,,,,,,,,,,,
285,236018,1147,2024-06-12,28.016,28.004,-95.539,-95.561,28.01,-95.55,29.6,5.8,107.0,30.0,18.5,,,,,,,26.5,51.0,,30.32,25.62,22.36,28.86,36.43,36.49,0.459,0.422,0.861,6.5,6.3,5.4,91.2862,95.5297,74.7996,,,,,,,,,,,,,,,,,,,,,,,,,,,,,,,,,,,,,,,,,,,,,,,,,,,,,,,,,,,,,,,,,,,,,,,,,,,,,,,,,,,,,,,,,,,,,,,,,,,,,,,,,,,,,,,,,,,,,,,,,,,,,,,,,,,,,,,,,,,,,,,,,,,,,,,,,,,,,,,,,,,,,,,,,,,,,
286,236019,1147,2024-06-12,27.856,27.847,-95.528,-95.549,27.8515,-95.5385,39.0,7.3,95.0,30.0,16.5,,,,,,,35.5,69.0,,29.3,24.73,20.57,29.39,36.37,36.56,0.717,0.335,0.204,6.2,6.2,4.6,92.934,95.632,83.4525,,,,,,,,,,,,,,,,,,,,,,,,,,,,,,,,,,,,,,,,,,,,,,,,,,,,,,,,,,,,,,,,,,,,,,,,,,,,,,,,,,,,,,,,,,,,,,,,,,,,,,,,,,,,,,,,,,,,,,,,,,,,,,,,,,,,,,,,,,,,,,,,,,,,,,,,,,,,,,,,,,,,,,,,,,,,,
287,236020,1147,2024-06-12,27.866,27.878,-95.331,-95.31,27.872,-95.3205,55.2,6.6,129.0,30.0,22.4,,,,,,,50.5,99.0,,30.27,23.24,20.09,31.51,36.39,36.52,0.227,0.693,0.145,6.3,6.2,4.6,95.0925,95.4774,80.4132,,,,,,,,,,,,,,,,,,,,,,,,,,,,,,,,,,,,,,,,,,,,,,,,,,,,,,,,,,,,,,,,,,,,,,,,,,,,,,,,,,,,,,,,,,,,,,,,,,,,,,,,,,,,,,,,,,,,,,,,,,,,,,,,,,,,,,,,,,,,,,,,,,,,,,,,,,,,,,,,,,,,,,,,,,,,,
288,236021,1147,2024-06-12,27.949,27.951,-94.793,-94.768,27.95,-94.7805,53.5,4.0,73.0,30.0,24.9,,,,,,,48.5,95.0,,29.85,23.55,20.95,33.75,36.54,36.58,0.111,0.127,0.353,6.2,6.3,5.1,96.1979,96.1345,85.8307,,,,,,,,,,,,,,,,,,,,,,,,,,,,,,,,,,,,,,,,,,,,,,,,,,,,,,,,,,,,,,,,,,,,,,,,,,,,,,,,,,,,,,,,,,,,,,,,,,,,,,,,,,,,,,,,,,,,,,,,,,,,,,,,,,,,,,,,,,,,,,,,,,,,,,,,,,,,,,,,,,,,,,,,,,,,,
289,236022,1147,2024-06-12,28.114,28.127,-94.94,-94.96,28.1205,-94.95,31.1,5.7,98.0,30.0,5.2,,,,,,,29.5,56.0,,29.96,26.96,20.86,33.55,35.36,37.0,0.055,0.292,0.36,6.2,6.0,5.1,95.5282,95.8039,85.972,,,,,,,,,,,,,,,,,,,,,,,,,,,,,,,,,,,,,,,,,,,,,,,,,,,,,,,,,,,,,,,,,,,,,,,,,,,,,,,,,,,,,,,,,,,,,,,,,,,,,,,,,,,,,,,,,,,,,,,,,,,,,,,,,,,,,,,,,,,,,,,,,,,,,,,,,,,,,,,,,,,,,,,,,,,,,
290,236023,1147,2024-06-12,28.047,28.068,-95.159,-95.145,28.0575,-95.152,33.8,5.5,192.0,31.0,9.5,,,,75.0,,,31.5,61.0,,29.95,25.38,20.63,32.97,36.03,36.53,0.092,0.304,0.321,6.3,6.5,4.9,95.2111,95.5181,84.6917,,,,,,,,,,,,,,,,,,,,,,,,,,,,,,,,,,,,,,,,,,,,,,,,,,,,,,,,,,,,,,,,,,,,,,,,,,,,,,,,,,,,,,,,,,,,,,,,,,,,,,,,,,,,,,,,,,,,,,,,,,,,,,,,,,,,,,,,,,,,,,,,,,,,,,,,,,,,,,,,,,,,,,,,,,,,,
291,236024,1147,2024-06-13,28.178,28.194,-95.297,-95.281,28.186,-95.289,26.3,6.3,67.0,30.0,27.1,,,,50.0,,,24.0,46.0,,30.59,27.75,22.46,31.92,36.26,36.4,0.11,0.237,1.319,6.2,6.3,5.4,94.9891,95.2716,73.8552,490.0707876483598,0.005533334333449602,0.0054162233136594296,0.005314222536981106,0.0051313345320522785,0.005021555814892054,0.005012890323996544,0.004924000706523657,0.004864000715315342,0.0047631110064685345,0.004594890400767326,0.004418445751070976,0.004397334530949593,0.0043860008008778095,0.004142222926020622,0.003987778443843126,0.0040924460627138615,0.004108889028429985,0.003971334546804428,0.003757779486477375,0.003706667572259903,0.0038697789423167706,0.003854222595691681,0.00365622341632843,0.0034951120615005493,0.0034435561392456293,0.0033826669678092003,0.0033166678622365,0.0032868897542357445,0.0032697783317416906,0.003235556185245514,0.003188001224771142,0.00315511180087924,0.0031362229492515326,0.0031606676056981087,0.0032042227685451508,0.0031942229252308607,0.003120667301118374,0.0030824458226561546,0.0030688894912600517,0.003077778033912182,0.003091334132477641,0.0031000012531876564,0.0030980007722973824,0.003092223545536399,0.0030962233431637287,0.0031053340062499046,0.0031200009398162365,0.0031368902418762445,0.0031424451153725386,0.0031151112634688616,0.0031166672706604004,0.003134667407721281,0.003124222159385681,0.003126000752672553,0.0031340010464191437,0.003146223723888397,0.003176444908604026,0.003184890141710639,0.003142889589071274,0.0031124448869377375,0.003070223145186901,0.003027778584510088,0.0030035567469894886,0.0030066673643887043,0.002996222348883748,0.002883556066080928,0.0027202230412513018,0.0025797784328460693,0.002505333861336112,0.002474444918334484,0.0024482235312461853,0.0024262224324047565,0.002402445999905467,0.0023720012977719307,0.002338000573217869,0.002289112191647291,0.0022388892248272896,0.002202667761594057,0.0021817784290760756,0.002140666823834181,0.0020746674854308367,0.001992444507777691,0.0019122237572446465,0.0018404448637738824,0.00178844528272748,0.0017731123371049762,0.001749334274791181,0.0017042229883372784,0.0016715555684641004,0.0016544453101232648,0.0016151128802448511,0.0015277792699635029,0.0014273346168920398,0.0013440006878226995,0.0012557788286358118,0.001170444767922163,0.001150223077274859,0.0012173346476629376,0.0005768893752247095,0.0005528893670998514,0.0005348895792849362,0.0005242228507995605,0.0005151128862053156,0.0005124455783516169,0.0005557785625569522,0.0005617787246592343,0.0005048898165114224,0.0004688894550781697,0.00045777816558256745,0.00044511177111417055,0.0004388896923046559,0.00043422315502539277,0.0004288897616788745,0.0004391111433506012,0.0004595559439621866,0.0004824453790206462,0.0005053335335105658,0.0005051117041148245,0.0004917788901366293,0.00047755654668435454,0.00046111230039969087,0.0004440016346052289,0.000427556544309482,0.00040511207771487534,0.0003862231969833374,0.0003742236294783652,0.0003600012860260904,0.00035111192846670747,0.0003448898496571928,0.0003433339297771454,0.0003426675102673471,0.0003426671028137207,0.00034422302269376814,0.0003362231655046344,0.00033511139918118715,0.00033688958501443267,0.00033866779995150864,0.00033755559707060456,0.00033088980126194656,0.00032844601082615554,0.00032533457851968706,0.0003251122834626585,0.0003264455299358815,0.000320445338729769,0.0003204449312761426,0.00033088980126194656,0.00036333376192487776,0.00041644522571004927,0.0004528897406999022,0.0004566680290736258,0.00041533427429385483,0.0003693343896884471,0.00036155679845251143,0.0003515564603731036,0.00034844502806663513,0.00033133395481854677,0.0003140001790598035,0.0003104454081039876,0.0003084449272137135,0.00030488893389701843,0.0002857790095731616,0.0002637786965351552,0.0002433338959235698,0.0002160010189982131,0.00019577766943257302,0.00018244568491354585,0.000170445695403032,0.00016844562196638435,0.00016222315025515854,0.00015466743207070976,0.00018533402180764824,0.0002786674303933978
292,236025,1147,2024-06-13,28.316,28.308,-95.151,-95.175,28.312,-95.163,21.6,6.3,80.0,30.0,13.1,,,,,,,19.5,37.0,,30.43,29.44,24.22,33.79,34.09,36.09,0.068,0.124,2.208,6.2,6.2,5.6,95.4202,93.7745,74.1978,487.26561137873875,0.006272000726312399,0.0061048902571201324,0.005974667612463236,0.005790222901850939,0.005665778648108244,0.0056575569324195385,0.005564889404922724,0.005496667232364416,0.005352000240236521,0.0051517789252102375,0.004974223207682371,0.004977334290742874,0.0049748895689845085,0.0047048903070390224,0.004536445252597332,0.004655556753277779,0.004676001146435738,0.004512446001172066,0.004285333678126335,0.004236000590026379,0.00440466683357954,0.004388667643070221,0.004155334550887346,0.003964444622397423,0.0039040010888129473,0.00383844505995512,0.0037775561213493347,0.0037433344405144453,0.0037044452037662268,0.003669778583571315,0.003618445713073015,0.0035784451756626368,0.003555778879672289,0.003548666834831238,0.003601333824917674,0.003600889118388295,0.003506223438307643,0.003472000826150179,0.003460667561739683,0.0034522232599556446,0.0034435568377375603,0.0034406674094498158,0.003429112024605274,0.0034220004454255104,0.003426444949582219,0.0034317788667976856,0.003445111680775881,0.003458223072811961,0.0034673346672207117,0.0034413342364132404,0.0034257781226187944,0.0034342226572334766,0.003427111543715,0.003428445430472493,0.0034444460179656744,0.0034428893122822046,0.0034566675312817097,0.00346977892331779,0.0034168895799666643,0.003374667139723897,0.0033382235560566187,0.00328933447599411,0.0032524457201361656,0.0032382230274379253,0.003192889504134655,0.0030711127910763025,0.002907111309468746,0.0027593341656029224,0.002687778789550066,0.0026666675694286823,0.0026368896942585707,0.002599556464701891,0.00257889018394053,0.002549556316807866,0.0025028896052390337,0.002446000697091222,0.0023973339702934027,0.002352890558540821,0.0023166669998317957,0.0022682228591293097,0.002197111723944545,0.0021044453606009483,0.0020180009305477142,0.001958445180207491,0.001907556434161961,0.0018746674759313464,0.0018500006990507245,0.001807111781090498,0.0017575571546331048,0.0017200005240738392,0.0016704457812011242,0.0015868900809437037,0.0014928893651813269,0.0014046670403331518,0.0013157787034288049,0.001221556682139635,0.0011680006282404065,0.001195556134916842,0.0005853341426700354,0.000569333613384515,0.0005606673657894135,0.0005455563659779727,0.0005302230711095035,0.0005220009479671717,0.0005506670568138361,0.0005540011916309595,0.0005148889031261206,0.000482001225464046,0.00046489015221595764,0.0004544452531263232,0.0004497787158470601,0.00044044479727745056,0.0004297788836993277,0.0004357790749054402,0.000443333963630721,0.00046111189294606447,0.00047511275624856353,0.0004757791757583618,0.0004688898625317961,0.00045400072121992707,0.00044044520473107696,0.0004260005953256041,0.0004093336465302855,0.0003911120293196291,0.0003768896858673543,0.00036488971090875566,0.00035511248279362917,0.0003502232430037111,0.0003455562691669911,0.00034066743683069944,0.00033844553399831057,0.000335334480041638,0.00033444538712501526,0.00033177807927131653,0.00033200078178197145,0.00033444538712501526,0.00033444579457864165,0.00033377896761521697,0.0003300015232525766,0.0003268896834924817,0.00032489001750946045,0.00032200125860981643,0.0003211121656931937,0.00031755573581904173,0.00031466741347685456,0.00032022263621911407,0.0003468895156402141,0.00038822327041998506,0.0004191117186564952,0.00041533427429385483,0.00037533417344093323,0.00033377896761521697,0.00032244541216641665,0.00031822299933992326,0.0003126677474938333,0.00029488943982869387,0.000276222825050354,0.00026777840685099363,0.000260445405729115,0.00025377876590937376,0.00024000016856007278,0.00022133399033918977,0.0002068902103928849,0.00018888960767071694,0.00017377857875544578,0.0001631118357181549,0.00015533466648776084,0.00014844496035948396,0.00013755593681707978,0.0001268896012334153,0.00015422329306602478,0.000233778526308015
293,236026,1147,2024-06-13,28.404,28.411,-95.447,-95.47,28.4075,-95.4585,16.4,8.5,90.0,30.0,19.1,,,,,,,15.5,29.0,,29.79,28.46,26.83,32.66,34.15,35.91,0.193,0.544,1.916,6.3,6.0,5.8,95.1951,95.3647,52.1909,492.7890701463376,0.0064257788471877575,0.006256001070141792,0.006096223369240761,0.005874000955373049,0.005748889409005642,0.005690667312592268,0.005539778620004654,0.005430223420262337,0.005248445086181164,0.005023334175348282,0.004822000861167908,0.004797112196683884,0.004757334012538195,0.004482889547944069,0.004307111259549856,0.004376890137791634,0.004329111892729998,0.004132223315536976,0.003903334029018879,0.003841111669316888,0.00397466728463769,0.003908001352101564,0.003664445597678423,0.003489111550152302,0.0034046678338199854,0.003303556004539132,0.003214889904484153,0.0031617796048521996,0.0031091119162738323,0.0030595569405704737,0.0029842231888324022,0.0029200008139014244,0.0028720004484057426,0.0028522233478724957,0.002880445448681712,0.0028446672949939966,0.0027386669535189867,0.0026977790985256433,0.0026573343202471733,0.002622222760692239,0.0026102231349796057,0.002602667547762394,0.0025831121020019054,0.002571556717157364,0.0025575566105544567,0.002538445172831416,0.002539334585890174,0.0025375564582645893,0.0025253344792872667,0.0024840012192726135,0.002465333789587021,0.002469556638970971,0.0024648895487189293,0.002469556638970971,0.002483778866007924,0.0024704448878765106,0.002470000647008419,0.002488001249730587,0.0024562233593314886,0.0024284454993903637,0.0024184451904147863,0.0024100004229694605,0.0024020010605454445,0.0023888899013400078,0.0023697789292782545,0.0023257785942405462,0.0022691127378493547,0.002226001350209117,0.0022180001251399517,0.0022164450492709875,0.0021968898363411427,0.0021740002557635307,0.002172445645555854,0.0021620008628815413,0.0021417783573269844,0.0021124454215168953,0.0020893344189971685,0.0020613339729607105,0.002030889270827174,0.0019924454391002655,0.001952667604200542,0.0019106670515611768,0.001868444960564375,0.0018408899195492268,0.0018228896660730243,0.0018044449388980865,0.0017862229142338037,0.0017626670887693763,0.0017282225890085101,0.0016982232918962836,0.0016564457910135388,0.0015968895750120282,0.0015302234096452594,0.0014655569102615118,0.0013928897678852081,0.0013066674582660198,0.0012295568594709039,0.0011666669743135571,0.0006540007889270782,0.0006313344929367304,0.0006226677796803415,0.0006057785358279943,0.0005900003015995026,0.0005811117589473724,0.0005888889427296817,0.000581556698307395,0.0005495564546436071,0.0005204458138905466,0.0005086676683276892,0.0005013346672058105,0.0004973341128788888,0.0004900015192106366,0.0004795566201210022,0.00047200091648846865,0.00046266696881502867,0.00046377876424230635,0.00046444559120573103,0.00046422332525253296,0.0004591118195094168,0.0004471122520044446,0.0004366677603684366,0.0004180007381364703,0.0004053343436680734,0.0003926679491996765,0.00038466809201054275,0.00038177811075001955,0.0003788889152929187,0.0003784447908401489,0.0003784456057474017,0.00037422278546728194,0.00037466693902388215,0.0003742232220247388,0.0003766674199141562,0.0003762228589039296,0.0003802234132308513,0.0003855559625662863,0.00038733374094590545,0.0003911120293196291,0.0003886673948727548,0.00038777830195613205,0.0003857782285194844,0.0003855563700199127,0.0003837785916402936,0.0003797784447669983,0.00037489045644178987,0.00037444508052431047,0.00038244534516707063,0.0004000017943326384,0.00041111186146736145,0.0003975567815359682,0.00036066770553588867,0.0003180011408403516,0.00029377845930866897,0.00027844516444019973,0.0002722226781770587,0.0002597785787656903,0.0002444456913508475,0.0002326671383343637,0.00022044529032427818,0.00021266730618663132,0.0002004454581765458,0.00018555630231276155,0.00017422354721929878,0.00015933479880914092,0.00014911219477653503,0.00014377798652276397,0.00013777903222944587,0.00013133428001310676,0.00011933429050259292,0.00010666748130461201,0.00010644520079949871,0.0001404455106239766
294,236027,1147,2024-06-13,28.484,28.503,-95.494,-95.482,28.4935,-95.488,15.2,8.6,122.0,30.0,38.8,,,,,,,14.0,26.0,,29.7,29.09,27.13,30.7,32.59,35.73,0.469,0.391,1.171,6.2,6.2,4.6,94.1192,94.5951,42.7836,490.92902616385066,0.006761751137673855,0.006562251131981611,0.006408751476556063,0.006206250749528408,0.006055000703781843,0.005986250936985016,0.005831500981003046,0.005700501147657633,0.005506251007318497,0.005245750304311514,0.005044750869274139,0.005031750537455082,0.004973500967025757,0.004698250908404589,0.004521500319242477,0.004594750702381134,0.004540001042187214,0.004337000660598278,0.0040992507711052895,0.004030750133097172,0.004164501093327999,0.004074250813573599,0.0038162507116794586,0.0036322507075965405,0.003540250938385725,0.003438750747591257,0.0033442513085901737,0.0032772510312497616,0.0032172510400414467,0.003171251155436039,0.003098500892519951,0.003022250719368458,0.0029582506977021694,0.002941001206636429,0.002979251556098461,0.0029420005157589912,0.00282950047403574,0.0027815005742013454,0.0027297507040202618,0.002682249993085861,0.0026645013131201267,0.0026637506671249866,0.0026435013860464096,0.0026182513684034348,0.0025985012762248516,0.0025837509892880917,0.0025860010646283627,0.002580000553280115,0.002563251182436943,0.0025160005316138268,0.002488750498741865,0.0024860012345016003,0.0024822507984936237,0.002483250107616186,0.0024897512048482895,0.0024702507071197033,0.0024717506021261215,0.0024857516400516033,0.0024462509900331497,0.0024172510020434856,0.002401750534772873,0.0023892507888376713,0.002380000427365303,0.0023582507856190205,0.002328000497072935,0.002285000402480364,0.0022317511029541492,0.0021917512640357018,0.0021850005723536015,0.002185001503676176,0.002165750600397587,0.0021379999816417694,0.0021330006420612335,0.002120750490576029,0.0020985007286071777,0.002068500965833664,0.0020465003326535225,0.0020212512463331223,0.001993750222027302,0.00195425096899271,0.0019152509048581123,0.0018765013664960861,0.0018385001458227634,0.0018152506090700626,0.0017967508174479008,0.0017777513712644577,0.001764500979334116,0.0017442498356103897,0.0017080004326999187,0.0016782511956989765,0.0016407519578933716,0.001585750374943018,0.001523751299828291,0.0014630015939474106,0.001391999889165163,0.0013080011121928692,0.001232000533491373,0.0011694999411702156,0.0006410009227693081,0.0006160009652376175,0.0006070011295378208,0.0005925004370510578,0.0005777506157755852,0.0005680005997419357,0.0005717501044273376,0.0005605006590485573,0.0005337507463991642,0.0005060005933046341,0.0004942505620419979,0.00048675108700990677,0.00048225047066807747,0.0004745018668472767,0.0004632505588233471,0.0004542511887848377,0.0004445011727511883,0.00044225063174963,0.00044125085696578026,0.00044350046664476395,0.00043675024062395096,0.00042700115591287613,0.0004187510348856449,0.00039950013160705566,0.00038750143721699715,0.0003715013153851032,0.00036350032314658165,0.0003577498719096184,0.00035675056278705597,0.00035525066778063774,0.00035425135865807533,0.000350000336766243,0.0003482499159872532,0.00034900102764368057,0.00035300012677907944,0.0003520003519952297,0.000356500968337059,0.00036025093868374825,0.00036250101402401924,0.0003667515702545643,0.0003650011494755745,0.0003637513145804405,0.00036200089380145073,0.00036125071346759796,0.00035975128412246704,0.00035750074312090874,0.0003537512384355068,0.00035525066778063774,0.00036175036802887917,0.00037575187161564827,0.00038625067099928856,0.00037125078961253166,0.0003362521529197693,0.00029625091701745987,0.0002710004337131977,0.00025625061243772507,0.0002510002814233303,0.0002405010163784027,0.00022375164553523064,0.00021375063806772232,0.0002005007117986679,0.0001917509362101555,0.00018150126561522484,0.00016800034791231155,0.0001577511429786682,0.0001422516070306301,0.00013200100511312485,0.0001277504488825798,0.00012150174006819725,0.00011575082316994667,0.00010575074702501297,9.075086563825607e-05,8.900091052055359e-05,0.0001140013337135315
295,236028,1147,2024-06-13,28.546,28.557,-95.396,-95.417,28.5515,-95.4065,15.1,6.6,145.0,30.0,51.2,,,,,,,14.5,27.0,,30.26,29.18,26.94,26.73,32.33,35.58,0.685,0.252,2.364,6.6,6.2,3.7,92.4925,95.1114,25.2053,,,,,,,,,,,,,,,,,,,,,,,,,,,,,,,,,,,,,,,,,,,,,,,,,,,,,,,,,,,,,,,,,,,,,,,,,,,,,,,,,,,,,,,,,,,,,,,,,,,,,,,,,,,,,,,,,,,,,,,,,,,,,,,,,,,,,,,,,,,,,,,,,,,,,,,,,,,,,,,,,,,,,,,,,,,,,
296,236029,1147,2024-06-13,28.759,28.764,-95.479,-95.454,28.7615,-95.4665,6.8,7.5,95.0,30.0,5.2,,,,,,,6.5,11.0,,30.37,30.0,27.63,18.16,23.59,29.95,4.916,1.372,1.101,7.1,3.2,0.4,34.1252,50.392,,500.6752297975422,0.006808001548051834,0.00650399923324585,0.006273999810218811,0.006034001708030701,0.0058399997651577,0.005786001682281494,0.005614001303911209,0.005419999361038208,0.005254000425338745,0.005077999085187912,0.004844002425670624,0.004785999655723572,0.004742000252008438,0.004452001303434372,0.004243999719619751,0.004292000085115433,0.00419200211763382,0.004002001136541367,0.003747999668121338,0.0036699995398521423,0.0038680024445056915,0.003786001354455948,0.0034839995205402374,0.003264002501964569,0.0031480006873607635,0.0030300021171569824,0.0029480010271072388,0.002882000058889389,0.0028200000524520874,0.0027180016040802,0.0026179999113082886,0.0025679990649223328,0.0025000013411045074,0.0024720020592212677,0.0025160014629364014,0.0024900026619434357,0.00238800048828125,0.0023420006036758423,0.002288002520799637,0.002211999148130417,0.0021880008280277252,0.0021920017898082733,0.0021620020270347595,0.0021280013024806976,0.002102002501487732,0.002070002257823944,0.002048000693321228,0.002041999250650406,0.0020020008087158203,0.0019240006804466248,0.001912001520395279,0.001914002001285553,0.001894000917673111,0.0019039995968341827,0.0019039995968341827,0.0018640011548995972,0.0018820017576217651,0.0019100010395050049,0.0018460005521774292,0.0017920024693012238,0.0017980001866817474,0.0018140003085136414,0.0018460005521774292,0.0018660016357898712,0.001876000314950943,0.0018460005521774292,0.0017980001866817474,0.0017799995839595795,0.0018080025911331177,0.0018279999494552612,0.0018040016293525696,0.0017980001866817474,0.0018220022320747375,0.0018259994685649872,0.0018140003085136414,0.0017860010266304016,0.0017900019884109497,0.0018119998276233673,0.0018160007894039154,0.0018080025911331177,0.0018180012702941895,0.0017939992249011993,0.00176200270652771,0.0017580017447471619,0.001760002225637436,0.0017860010266304016,0.0017740018665790558,0.0017479993402957916,0.0017499998211860657,0.0017339996993541718,0.0017319992184638977,0.0017159990966320038,0.0016520023345947266,0.0015980005264282227,0.001550000160932541,0.0014760009944438934,0.0014320015907287598,0.0014660023152828217,0.0007660016417503357,0.0007460005581378937,0.0007440000772476196,0.000738002359867096,0.0007119998335838318,0.0006779991090297699,0.0007040016353130341,0.0007040016353130341,0.0006680004298686981,0.0006440021097660065,0.0006260015070438385,0.0006120018661022186,0.0006100013852119446,0.0005980022251605988,0.0005900003015995026,0.0005900003015995026,0.0005940012633800507,0.0006080009043216705,0.0006200000643730164,0.0006140023469924927,0.0006039999425411224,0.0005800016224384308,0.0005620010197162628,0.000552002340555191,0.0005239993333816528,0.0005040019750595093,0.0004860013723373413,0.0004600025713443756,0.00044200196862220764,0.0004319995641708374,0.0004260018467903137,0.00042800232768058777,0.00042800232768058777,0.0004319995641708374,0.0004319995641708374,0.00042999908328056335,0.00044200196862220764,0.0004440024495124817,0.0004479996860027313,0.0004600025713443756,0.00046800076961517334,0.0004740022122859955,0.0004779994487762451,0.00047999992966651917,0.00047999992966651917,0.00047999992966651917,0.00047200173139572144,0.0004820004105567932,0.0005020014941692352,0.0005419999361038208,0.0005760006606578827,0.0005660019814968109,0.0005200020968914032,0.00047200173139572144,0.0004560016095638275,0.00043400004506111145,0.00041799992322921753,0.0003900006413459778,0.000360000878572464,0.00034800171852111816,0.00033999979496002197,0.0003300011157989502,0.0003100000321865082,0.0002800002694129944,0.00026400014758110046,0.00023199990391731262,0.0002159997820854187,0.00020200014114379883,0.00018800050020217896,0.0001860000193119049,0.00016999989748001099,0.0001600012183189392,0.00018399953842163086,0.00027200207114219666
297,236030,1147,2024-06-13,28.591,28.581,-95.15,-95.128,28.586,-95.139,16.6,5.9,52.0,30.0,19.7,,,,,,,15.5,29.0,,30.69,27.3,25.74,22.53,33.77,35.59,0.723,0.285,1.286,7.2,5.0,3.0,88.0803,89.2533,58.7134,,,,,,,,,,,,,,,,,,,,,,,,,,,,,,,,,,,,,,,,,,,,,,,,,,,,,,,,,,,,,,,,,,,,,,,,,,,,,,,,,,,,,,,,,,,,,,,,,,,,,,,,,,,,,,,,,,,,,,,,,,,,,,,,,,,,,,,,,,,,,,,,,,,,,,,,,,,,,,,,,,,,,,,,,,,,,
298,236031,1147,2024-06-13,28.567,28.552,-94.874,-94.855,28.5595,-94.8645,18.0,8.7,62.0,30.0,21.4,,,,50.0,,,16.0,30.0,,30.26,28.21,26.13,29.11,34.05,35.79,0.372,0.428,1.466,6.4,6.2,5.2,92.2358,94.7312,52.8799,510.3287728938732,0.004807556513696909,0.004666667431592941,0.004568888805806637,0.00442244578152895,0.004348889924585819,0.004355778452008963,0.004232445731759071,0.0041135563515126705,0.003969556652009487,0.003813111921772361,0.003673334140330553,0.0036873342469334602,0.0036866674199700356,0.0034251122269779444,0.0032517786603420973,0.0033386684954166412,0.0033715558238327503,0.0032317787408828735,0.00303022307343781,0.002979778219014406,0.0031382229644805193,0.0031620007939636707,0.0029248897917568684,0.002711334265768528,0.002664666622877121,0.0026128897443413734,0.0025448899250477552,0.0025082235224545,0.002477112226188183,0.0024382227566093206,0.0023664459586143494,0.002325334819033742,0.0023093344643712044,0.002308223396539688,0.002347557572647929,0.002341111423447728,0.0022660018876194954,0.0022242239210754633,0.0022151123266667128,0.0022426669020205736,0.0022408897057175636,0.002220223657786846,0.002199999988079071,0.0021926669869571924,0.002194223226979375,0.002184889744967222,0.00218977895565331,0.002198223490267992,0.0021837789099663496,0.002142889192327857,0.00212888908572495,0.00213711173273623,0.002136888913810253,0.002137779025360942,0.0021491115912795067,0.0021640013437718153,0.0021831116173416376,0.002215556800365448,0.0021971119567751884,0.002169112442061305,0.0021751117892563343,0.00217422260902822,0.00220689014531672,0.0022948889527469873,0.0023502218537032604,0.0023140013217926025,0.0022206674329936504,0.0021477784030139446,0.0021364453714340925,0.002140222815796733,0.0021313342731446028,0.002136890310794115,0.0021415555384010077,0.0021362234838306904,0.0021248895209282637,0.0020886671263724566,0.00207266747020185,0.002073556650429964,0.0020853339228779078,0.0020873339381068945,0.0020628897473216057,0.002015334088355303,0.001949778408743441,0.001911334227770567,0.0018951118690893054,0.0018857792019844055,0.001874667126685381,0.0018642233917489648,0.0018573341658338904,0.0018868898041546345,0.0018744452390819788,0.0017975568771362305,0.0017188899219036102,0.0016397788422182202,0.001565334270708263,0.001504668383859098,0.0015035556862130761,0.0016224454157054424,0.0008484456338919699,0.0008255562279373407,0.0008206673664972186,0.0008068892057053745,0.0007926680846139789,0.0008080017869360745,0.0008717783493921161,0.0008802231750451028,0.0008268894162029028,0.0007793344557285309,0.000754444976337254,0.0007455564336851239,0.0007373339030891657,0.0007366678910329938,0.0007366674835793674,0.0007571118767373264,0.0007920008501969278,0.0008246679208241403,0.0008533348445780575,0.0008557774126529694,0.0008464455604553223,0.0008284453651867807,0.0008084455039352179,0.0007728892960585654,0.0007475556340068579,0.0007117788190953434,0.0006806672317907214,0.0006580005283467472,0.0006322239642031491,0.0006131124100647867,0.0006042230525054038,0.0006015573744662106,0.0006017780397087336,0.0006042234599590302,0.0006066676578484476,0.0006048902869224548,0.0006075567798689008,0.0006162230274640024,0.0006202231743372977,0.0006288890144787729,0.0006306672003120184,0.000632889976259321,0.0006331122713163495,0.0006384451990015805,0.0006377783720381558,0.0006388901965692639,0.0006366678280755877,0.0006506674690172076,0.0006844454910606146,0.000748667458537966,0.0008015562198124826,0.0007993330364115536,0.0007444450166076422,0.0006826664903201163,0.0006620010826736689,0.0006513342959806323,0.00064866739558056,0.0006186672253534198,0.0005980005953460932,0.0005928899045102298,0.0005884452257305384,0.0005737791652791202,0.0005453332560136914,0.0005091126658953726,0.0004835571744479239,0.00045466754818335176,0.0004297788836993277,0.0004095563490409404,0.0003886669874191284,0.0003791124327108264,0.00036088956403546035,0.000343333522323519,0.00033933421946130693,0.00042800232768058777
299,236032,1147,2024-06-13,28.29,28.304,-94.793,-94.774,28.297,-94.7835,26.1,10.1,50.0,30.0,13.8,,,,50.0,,,23.0,45.0,,30.98,28.66,22.1,33.22,34.71,36.38,0.138,0.15,1.502,6.2,6.3,4.8,95.2204,95.6006,65.4042,,,,,,,,,,,,,,,,,,,,,,,,,,,,,,,,,,,,,,,,,,,,,,,,,,,,,,,,,,,,,,,,,,,,,,,,,,,,,,,,,,,,,,,,,,,,,,,,,,,,,,,,,,,,,,,,,,,,,,,,,,,,,,,,,,,,,,,,,,,,,,,,,,,,,,,,,,,,,,,,,,,,,,,,,,,,,
300,236033,1147,2024-06-14,28.468,28.45,-94.594,-94.578,28.459,-94.586,21.7,13.7,96.0,30.0,21.3,,,,25.0,,,19.5,37.0,,29.56,28.33,23.7,31.89,35.23,36.28,0.413,0.174,2.074,6.4,6.4,5.1,91.0802,95.2215,73.4529,,,,,,,,,,,,,,,,,,,,,,,,,,,,,,,,,,,,,,,,,,,,,,,,,,,,,,,,,,,,,,,,,,,,,,,,,,,,,,,,,,,,,,,,,,,,,,,,,,,,,,,,,,,,,,,,,,,,,,,,,,,,,,,,,,,,,,,,,,,,,,,,,,,,,,,,,,,,,,,,,,,,,,,,,,,,,
301,236034,1147,2024-06-14,28.339,28.322,-94.374,-94.358,28.3305,-94.366,26.1,9.7,100.0,30.0,74.6,,,,,,,22.0,42.0,,30.41,27.72,23.06,32.14,35.7,36.4,0.125,0.098,2.354,6.2,6.4,4.9,95.1293,96.0167,74.2651,,,,,,,,,,,,,,,,,,,,,,,,,,,,,,,,,,,,,,,,,,,,,,,,,,,,,,,,,,,,,,,,,,,,,,,,,,,,,,,,,,,,,,,,,,,,,,,,,,,,,,,,,,,,,,,,,,,,,,,,,,,,,,,,,,,,,,,,,,,,,,,,,,,,,,,,,,,,,,,,,,,,,,,,,,,,,
302,236035,1147,2024-06-14,28.223,28.203,-94.284,-94.274,28.213,-94.279,29.2,8.6,101.0,30.0,3.3,,,,,,,26.0,51.0,,30.06,27.3,21.75,33.61,35.68,36.44,0.126,0.127,1.276,6.2,6.4,5.3,94.193,95.9629,79.1314,,,,,,,,,,,,,,,,,,,,,,,,,,,,,,,,,,,,,,,,,,,,,,,,,,,,,,,,,,,,,,,,,,,,,,,,,,,,,,,,,,,,,,,,,,,,,,,,,,,,,,,,,,,,,,,,,,,,,,,,,,,,,,,,,,,,,,,,,,,,,,,,,,,,,,,,,,,,,,,,,,,,,,,,,,,,,
303,236036,1147,2024-06-14,28.132,28.114,-94.353,-94.337,28.123,-94.345,32.6,7.5,98.0,30.0,17.2,,,,,,,30.5,59.0,,30.45,25.21,21.91,32.41,35.69,36.49,0.174,0.877,0.59,6.2,5.8,5.6,95.3326,95.2809,84.3399,,,,,,,,,,,,,,,,,,,,,,,,,,,,,,,,,,,,,,,,,,,,,,,,,,,,,,,,,,,,,,,,,,,,,,,,,,,,,,,,,,,,,,,,,,,,,,,,,,,,,,,,,,,,,,,,,,,,,,,,,,,,,,,,,,,,,,,,,,,,,,,,,,,,,,,,,,,,,,,,,,,,,,,,,,,,,
304,236037,1147,2024-06-14,28.089,28.102,-94.127,-94.106,28.0955,-94.1165,37.7,7.3,105.0,30.0,19.4,,,,,,,35.0,68.0,,29.87,25.2,22.32,33.68,35.81,36.52,0.09,0.59,0.856,6.2,5.9,5.8,96.0421,95.6218,84.1777,,,,,,,,,,,,,,,,,,,,,,,,,,,,,,,,,,,,,,,,,,,,,,,,,,,,,,,,,,,,,,,,,,,,,,,,,,,,,,,,,,,,,,,,,,,,,,,,,,,,,,,,,,,,,,,,,,,,,,,,,,,,,,,,,,,,,,,,,,,,,,,,,,,,,,,,,,,,,,,,,,,,,,,,,,,,,
305,236038,1147,2024-06-14,28.131,28.11,-94.01,-94.017,28.1205,-94.0135,37.1,7.5,64.0,30.0,,,,,,,,34.0,67.0,,30.16,24.83,22.11,35.27,35.94,36.45,0.045,0.084,1.134,6.0,6.3,5.7,96.1614,96.2559,70.1763,,,,,,,,,,,,,,,,,,,,,,,,,,,,,,,,,,,,,,,,,,,,,,,,,,,,,,,,,,,,,,,,,,,,,,,,,,,,,,,,,,,,,,,,,,,,,,,,,,,,,,,,,,,,,,,,,,,,,,,,,,,,,,,,,,,,,,,,,,,,,,,,,,,,,,,,,,,,,,,,,,,,,,,,,,,,,
306,236039,1147,2024-06-14,27.973,27.979,-93.95,-93.926,27.976,-93.938,46.6,12.5,63.0,30.0,6.3,,,,,,,42.5,84.0,,30.21,25.6,22.77,34.98,36.6,36.57,0.033,0.003,0.692,6.1,6.7,5.9,96.2642,96.2175,91.8101,,,,,,,,,,,,,,,,,,,,,,,,,,,,,,,,,,,,,,,,,,,,,,,,,,,,,,,,,,,,,,,,,,,,,,,,,,,,,,,,,,,,,,,,,,,,,,,,,,,,,,,,,,,,,,,,,,,,,,,,,,,,,,,,,,,,,,,,,,,,,,,,,,,,,,,,,,,,,,,,,,,,,,,,,,,,,
307,236040,1147,2024-06-14,27.973,27.978,-93.717,-93.693,27.9755,-93.705,54.3,13.6,62.0,30.0,,,,,50.0,,,49.0,97.0,,30.39,25.27,21.83,35.62,36.58,36.63,0.009,0.066,0.382,6.3,6.8,5.3,95.9378,96.1599,83.498,,,,,,,,,,,,,,,,,,,,,,,,,,,,,,,,,,,,,,,,,,,,,,,,,,,,,,,,,,,,,,,,,,,,,,,,,,,,,,,,,,,,,,,,,,,,,,,,,,,,,,,,,,,,,,,,,,,,,,,,,,,,,,,,,,,,,,,,,,,,,,,,,,,,,,,,,,,,,,,,,,,,,,,,,,,,,
308,236041,1147,2024-06-23,29.348,29.359,-94.614,-94.593,29.3535,-94.6035,6.3,12.0,130.0,30.0,66.7,,,,,,,6.5,11.0,,29.65,29.66,29.29,27.7,27.7,30.33,2.196,2.132,0.987,6.3,6.2,5.6,18.8409,17.3475,4.9953,,,,,,,,,,,,,,,,,,,,,,,,,,,,,,,,,,,,,,,,,,,,,,,,,,,,,,,,,,,,,,,,,,,,,,,,,,,,,,,,,,,,,,,,,,,,,,,,,,,,,,,,,,,,,,,,,,,,,,,,,,,,,,,,,,,,,,,,,,,,,,,,,,,,,,,,,,,,,,,,,,,,,,,,,,,,,
309,236042,1147,2024-06-23,29.41,29.405,-94.551,-94.527,29.4075,-94.539,6.0,13.3,112.0,30.0,60.4,,,,,,,5.5,9.0,,29.69,29.69,29.23,25.3,25.42,31.33,3.098,2.983,0.47,6.7,6.6,5.0,13.9572,10.3607,,,,,,,,,,,,,,,,,,,,,,,,,,,,,,,,,,,,,,,,,,,,,,,,,,,,,,,,,,,,,,,,,,,,,,,,,,,,,,,,,,,,,,,,,,,,,,,,,,,,,,,,,,,,,,,,,,,,,,,,,,,,,,,,,,,,,,,,,,,,,,,,,,,,,,,,,,,,,,,,,,,,,,,,,,,,,,
310,236043,1147,2024-06-23,29.297,29.298,-94.364,-94.339,29.2975,-94.3515,8.9,11.6,120.0,30.0,75.9,,,,,,,9.0,15.0,,29.04,29.02,28.99,34.7,34.7,35.0,1.315,1.27,1.74,5.9,5.9,5.5,30.2985,30.0544,4.7281,,,,,,,,,,,,,,,,,,,,,,,,,,,,,,,,,,,,,,,,,,,,,,,,,,,,,,,,,,,,,,,,,,,,,,,,,,,,,,,,,,,,,,,,,,,,,,,,,,,,,,,,,,,,,,,,,,,,,,,,,,,,,,,,,,,,,,,,,,,,,,,,,,,,,,,,,,,,,,,,,,,,,,,,,,,,,
311,236044,1147,2024-06-23,29.27,29.265,-94.044,-94.019,29.2675,-94.0315,8.6,9.7,100.0,30.0,154.6,,,,,,,8.0,14.0,,29.11,29.12,29.06,35.1,35.16,35.39,2.227,2.067,1.518,6.2,6.1,5.9,37.4021,36.4048,25.3802,,,,,,,,,,,,,,,,,,,,,,,,,,,,,,,,,,,,,,,,,,,,,,,,,,,,,,,,,,,,,,,,,,,,,,,,,,,,,,,,,,,,,,,,,,,,,,,,,,,,,,,,,,,,,,,,,,,,,,,,,,,,,,,,,,,,,,,,,,,,,,,,,,,,,,,,,,,,,,,,,,,,,,,,,,,,,
312,236045,1147,2024-06-23,29.096,29.078,-93.981,-93.964,29.087,-93.9725,11.0,11.7,84.0,30.0,109.5,,,,,,,10.5,19.0,,28.87,28.87,28.88,36.25,36.25,36.24,0.618,0.623,0.569,5.8,5.9,5.8,15.1969,12.9453,12.2751,,,,,,,,,,,,,,,,,,,,,,,,,,,,,,,,,,,,,,,,,,,,,,,,,,,,,,,,,,,,,,,,,,,,,,,,,,,,,,,,,,,,,,,,,,,,,,,,,,,,,,,,,,,,,,,,,,,,,,,,,,,,,,,,,,,,,,,,,,,,,,,,,,,,,,,,,,,,,,,,,,,,,,,,,,,,,
313,236046,1147,2024-06-23,29.217,29.222,-93.51,-93.818,29.2195,-93.664,8.9,10.2,96.0,30.0,,,,,,,,8.5,15.0,,28.99,28.99,29.0,35.41,35.54,35.83,0.877,0.943,1.0,5.9,5.9,5.6,34.8019,34.4276,2.0921,,,,,,,,,,,,,,,,,,,,,,,,,,,,,,,,,,,,,,,,,,,,,,,,,,,,,,,,,,,,,,,,,,,,,,,,,,,,,,,,,,,,,,,,,,,,,,,,,,,,,,,,,,,,,,,,,,,,,,,,,,,,,,,,,,,,,,,,,,,,,,,,,,,,,,,,,,,,,,,,,,,,,,,,,,,,,
314,236047,1147,2024-06-23,29.239,29.231,-93.728,-93.705,29.235,-93.7165,8.7,10.0,104.0,30.0,39.3,,,,25.0,,,6.5,12.0,,29.47,29.32,29.06,35.63,35.71,36.01,1.255,1.622,1.02,6.7,6.3,6.0,38.4283,32.588,1.0416,,,,,,,,,,,,,,,,,,,,,,,,,,,,,,,,,,,,,,,,,,,,,,,,,,,,,,,,,,,,,,,,,,,,,,,,,,,,,,,,,,,,,,,,,,,,,,,,,,,,,,,,,,,,,,,,,,,,,,,,,,,,,,,,,,,,,,,,,,,,,,,,,,,,,,,,,,,,,,,,,,,,,,,,,,,,,
315,236048,1147,2024-06-23,29.2,29.191,-93.639,-93.616,29.1955,-93.6275,10.1,11.5,117.0,30.0,45.3,,,,25.0,,,8.5,16.0,,29.84,28.99,28.99,36.22,36.17,36.23,0.651,1.058,0.738,6.4,6.0,6.0,45.4077,30.0443,22.8636,,,,,,,,,,,,,,,,,,,,,,,,,,,,,,,,,,,,,,,,,,,,,,,,,,,,,,,,,,,,,,,,,,,,,,,,,,,,,,,,,,,,,,,,,,,,,,,,,,,,,,,,,,,,,,,,,,,,,,,,,,,,,,,,,,,,,,,,,,,,,,,,,,,,,,,,,,,,,,,,,,,,,,,,,,,,,
316,236049,1147,2024-06-24,29.169,29.161,-93.197,-93.174,29.165,-93.1855,10.7,9.0,150.0,30.0,148.4,,,,,,,9.5,18.0,,29.4,28.84,28.81,36.0,36.04,36.05,1.205,0.643,0.649,6.2,5.9,5.8,45.4299,37.5156,6.8522,,,,,,,,,,,,,,,,,,,,,,,,,,,,,,,,,,,,,,,,,,,,,,,,,,,,,,,,,,,,,,,,,,,,,,,,,,,,,,,,,,,,,,,,,,,,,,,,,,,,,,,,,,,,,,,,,,,,,,,,,,,,,,,,,,,,,,,,,,,,,,,,,,,,,,,,,,,,,,,,,,,,,,,,,,,,,
317,236050,1147,2024-06-24,29.32,29.334,-92.849,-92.828,29.327,-92.8385,9.6,3.4,196.0,30.0,54.9,,,,,,,8.5,16.0,,29.72,29.2,28.67,30.16,32.88,34.59,5.954,2.26,1.052,7.7,6.6,5.2,43.2138,64.6824,17.5591,,,,,,,,,,,,,,,,,,,,,,,,,,,,,,,,,,,,,,,,,,,,,,,,,,,,,,,,,,,,,,,,,,,,,,,,,,,,,,,,,,,,,,,,,,,,,,,,,,,,,,,,,,,,,,,,,,,,,,,,,,,,,,,,,,,,,,,,,,,,,,,,,,,,,,,,,,,,,,,,,,,,,,,,,,,,,
318,236051,1147,2024-06-24,29.358,29.354,-92.981,-92.957,29.356,-92.969,9.1,6.5,146.0,30.0,68.8,,,,,,,8.0,15.0,,29.43,28.78,28.65,32.1,32.9,33.28,6.255,1.358,1.384,7.4,5.1,4.3,51.8483,34.2465,0.6699,,,,,,,,,,,,,,,,,,,,,,,,,,,,,,,,,,,,,,,,,,,,,,,,,,,,,,,,,,,,,,,,,,,,,,,,,,,,,,,,,,,,,,,,,,,,,,,,,,,,,,,,,,,,,,,,,,,,,,,,,,,,,,,,,,,,,,,,,,,,,,,,,,,,,,,,,,,,,,,,,,,,,,,,,,,,,
319,236052,1147,2024-06-24,29.354,29.339,-93.115,-93.095,29.3465,-93.105,9.0,7.0,133.0,30.0,46.8,,,,,,,8.5,15.0,,29.37,28.84,28.76,31.55,33.46,34.97,5.277,1.261,1.198,7.2,5.6,5.4,47.8199,36.8334,12.902,,,,,,,,,,,,,,,,,,,,,,,,,,,,,,,,,,,,,,,,,,,,,,,,,,,,,,,,,,,,,,,,,,,,,,,,,,,,,,,,,,,,,,,,,,,,,,,,,,,,,,,,,,,,,,,,,,,,,,,,,,,,,,,,,,,,,,,,,,,,,,,,,,,,,,,,,,,,,,,,,,,,,,,,,,,,,
320,236053,1147,2024-06-24,29.497,29.517,-93.335,-93.323,29.507,-93.329,7.8,7.9,143.0,30.0,,,,,,,,7.0,12.0,,29.01,29.27,28.92,27.54,34.06,34.52,3.888,3.987,2.583,6.5,7.3,4.8,41.0105,54.2421,3.6762,,,,,,,,,,,,,,,,,,,,,,,,,,,,,,,,,,,,,,,,,,,,,,,,,,,,,,,,,,,,,,,,,,,,,,,,,,,,,,,,,,,,,,,,,,,,,,,,,,,,,,,,,,,,,,,,,,,,,,,,,,,,,,,,,,,,,,,,,,,,,,,,,,,,,,,,,,,,,,,,,,,,,,,,,,,,,
321,236054,1147,2024-06-24,29.581,29.593,-93.327,-93.347,29.587,-93.337,7.3,6.0,144.0,30.0,,,,,,,,7.0,12.0,,29.3,29.14,28.85,21.14,27.38,33.56,2.561,1.326,1.369,6.0,6.0,4.3,21.4229,25.7672,,,,,,,,,,,,,,,,,,,,,,,,,,,,,,,,,,,,,,,,,,,,,,,,,,,,,,,,,,,,,,,,,,,,,,,,,,,,,,,,,,,,,,,,,,,,,,,,,,,,,,,,,,,,,,,,,,,,,,,,,,,,,,,,,,,,,,,,,,,,,,,,,,,,,,,,,,,,,,,,,,,,,,,,,,,,,,
322,236055,1147,2024-06-24,29.617,29.599,-93.503,-93.515,29.608,-93.509,7.0,3.5,127.0,30.0,88.0,,,,,,,7.0,11.0,,29.67,29.86,29.58,23.35,25.04,26.0,2.682,1.657,2.041,7.7,7.9,5.7,63.9046,76.9952,,,,,,,,,,,,,,,,,,,,,,,,,,,,,,,,,,,,,,,,,,,,,,,,,,,,,,,,,,,,,,,,,,,,,,,,,,,,,,,,,,,,,,,,,,,,,,,,,,,,,,,,,,,,,,,,,,,,,,,,,,,,,,,,,,,,,,,,,,,,,,,,,,,,,,,,,,,,,,,,,,,,,,,,,,,,,,
323,236056,1147,2024-06-24,29.528,29.542,-93.582,-93.6,29.535,-93.591,6.5,4.5,204.0,30.0,,,,,75.0,,,5.0,9.0,,29.97,29.47,29.3,24.32,24.72,28.1,7.799,1.4,1.1,10.0,6.5,5.0,32.6595,67.6516,19.7046,,,,,,,,,,,,,,,,,,,,,,,,,,,,,,,,,,,,,,,,,,,,,,,,,,,,,,,,,,,,,,,,,,,,,,,,,,,,,,,,,,,,,,,,,,,,,,,,,,,,,,,,,,,,,,,,,,,,,,,,,,,,,,,,,,,,,,,,,,,,,,,,,,,,,,,,,,,,,,,,,,,,,,,,,,,,,
324,236057,1147,2024-06-24,29.47,29.491,-93.847,-93.857,29.4805,-93.852,6.8,6.6,156.0,30.0,68.6,,,,50.0,,16.0,5.0,9.0,,30.35,29.32,29.27,26.79,27.68,28.59,2.349,2.082,1.278,8.5,5.9,5.4,57.1453,34.7924,26.8281,,,,,,,,,,,,,,,,,,,,,,,,,,,,,,,,,,,,,,,,,,,,,,,,,,,,,,,,,,,,,,,,,,,,,,,,,,,,,,,,,,,,,,,,,,,,,,,,,,,,,,,,,,,,,,,,,,,,,,,,,,,,,,,,,,,,,,,,,,,,,,,,,,,,,,,,,,,,,,,,,,,,,,,,,,,,,
325,236058,1147,2024-06-24,29.558,29.546,-93.839,-93.862,29.552,-93.8505,7.2,8.6,148.0,30.0,59.1,,,,25.0,,,6.0,11.0,,30.72,29.73,29.61,19.85,26.8,27.02,14.19,2.075,1.325,13.7,7.5,6.6,22.6583,60.6344,,,,,,,,,,,,,,,,,,,,,,,,,,,,,,,,,,,,,,,,,,,,,,,,,,,,,,,,,,,,,,,,,,,,,,,,,,,,,,,,,,,,,,,,,,,,,,,,,,,,,,,,,,,,,,,,,,,,,,,,,,,,,,,,,,,,,,,,,,,,,,,,,,,,,,,,,,,,,,,,,,,,,,,,,,,,,,
326,236059,1147,2024-06-24,29.522,29.514,-93.947,-93.972,29.518,-93.9595,7.1,7.8,160.0,30.0,73.2,,,,25.0,,18.0,6.0,11.0,,30.97,29.82,29.35,17.8,26.61,27.63,9.106,1.594,1.076,9.4,7.2,5.1,16.8042,42.6406,12.5753,,,,,,,,,,,,,,,,,,,,,,,,,,,,,,,,,,,,,,,,,,,,,,,,,,,,,,,,,,,,,,,,,,,,,,,,,,,,,,,,,,,,,,,,,,,,,,,,,,,,,,,,,,,,,,,,,,,,,,,,,,,,,,,,,,,,,,,,,,,,,,,,,,,,,,,,,,,,,,,,,,,,,,,,,,,,,
327,236060,1147,2024-06-25,29.389,29.366,-94.31,-94.315,29.3775,-94.3125,8.0,11.0,155.0,30.0,74.5,,,,,,,7.0,12.0,,30.15,29.43,29.45,29.79,31.97,32.42,1.171,1.698,1.643,7.5,7.3,6.8,76.8616,59.5533,35.9252,527.422805816443,0.004347334150224924,0.004220001399517059,0.004218445625156164,0.004032668191939592,0.003994223661720753,0.004153111949563026,0.004072001203894615,0.004026222974061966,0.003893778193742037,0.0037620014045387506,0.0037075562868267298,0.003798223100602627,0.0038688899949193,0.0036146678030490875,0.003497112076729536,0.0036637792363762856,0.003717112122103572,0.0036022227723151445,0.0034286673180758953,0.0034068897366523743,0.0036193346604704857,0.003612222382798791,0.003384222975000739,0.0032222233712673187,0.003174223005771637,0.0031424453482031822,0.0031175564508885145,0.0030915560200810432,0.003061112016439438,0.003041778691112995,0.0030173335690051317,0.0029906679410487413,0.0029817786999046803,0.0029922230169177055,0.0030522230081260204,0.0030606675427407026,0.002967778593301773,0.002946668304502964,0.0029624449089169502,0.0029673336539417505,0.003001333447173238,0.0030271122232079506,0.0030311117880046368,0.0030482225120067596,0.0030806681606918573,0.0031293341889977455,0.0031857783906161785,0.0032191118225455284,0.0032466675620526075,0.003287333995103836,0.0033502234145998955,0.003416667692363262,0.003487112233415246,0.0035475557669997215,0.0036113345995545387,0.003652889747172594,0.0037060012109577656,0.003756444901227951,0.003754222998395562,0.003779778955504298,0.003821556456387043,0.0038575567305088043,0.003917778376489878,0.003951556049287319,0.00399933522567153,0.0040322234854102135,0.004068445414304733,0.004117334261536598,0.004181112162768841,0.004275555722415447,0.004361111670732498,0.004412667825818062,0.004486001096665859,0.004567333962768316,0.004632668104022741,0.00466911168769002,0.004728223662823439,0.004777112044394016,0.004815112333744764,0.004845333751291037,0.0048848893493413925,0.004913778975605965,0.004935556557029486,0.004984223749488592,0.005036445334553719,0.005098667927086353,0.005178000777959824,0.005223111715167761,0.005228223279118538,0.005193555727601051,0.005136223044246435,0.005060667172074318,0.004959556274116039,0.0048240008763968945,0.0046397787518799305,0.004393111448734999,0.004096889868378639,0.003737778402864933,0.002065111417323351,0.002028445480391383,0.002000889740884304,0.001968001015484333,0.0019388898508623242,0.00191444531083107,0.0018860006239265203,0.0018575555877760053,0.0018371115438640118,0.0018053348176181316,0.0017804453382268548,0.0017646679189056158,0.001760222832672298,0.0017408898565918207,0.0017184453317895532,0.0016922242939472198,0.0016564453253522515,0.001633779495023191,0.0016146674752235413,0.0016006678342819214,0.0015868900809437037,0.0015577790327370167,0.0015240005450323224,0.001477556535974145,0.0014371122233569622,0.001395778963342309,0.0013600008096545935,0.001332000712864101,0.0013111117295920849,0.001293112407438457,0.0012771119363605976,0.0012680006911978126,0.0012675561010837555,0.0012711116578429937,0.0012800006661564112,0.0012933346442878246,0.001313334098085761,0.0013355562696233392,0.0013597785728052258,0.0013842231128364801,0.0014046675059944391,0.0014240017626434565,0.0014417783822864294,0.0014557780232280493,0.0014664451591670513,0.0014740009792149067,0.0014737782767042518,0.001468667178414762,0.001466446090489626,0.0014608899364247918,0.0014502236153930426,0.0014175557298585773,0.001360223162919283,0.0012986676301807165,0.001244222978129983,0.001201333710923791,0.0011702233459800482,0.001135333557613194,0.0010968898423016071,0.0010528895072638988,0.0010115565964952111,0.0009744449052959681,0.0009402227005921304,0.0009055572445504367,0.0008724455838091671,0.0008353338344022632,0.0008011116879060864,0.0007733342354185879,0.0007384452619589865,0.000705334881786257,0.0006664461689069867,0.0006211127038113773,0.0005533347721211612,0.0005280015175230801
328,236061,1147,2024-06-25,29.034,29.016,-94.332,-94.317,29.025,-94.3245,7.4,13.2,152.0,30.0,66.5,,,,,,,7.0,12.0,,29.51,29.51,29.05,35.64,35.64,35.79,0.176,0.179,1.295,6.3,6.3,5.8,78.2821,78.3188,18.869,517.1039564660928,0.008284668438136578,0.008115332573652267,0.008062001317739487,0.007919334806501865,0.007746668066829443,0.008156668394804,0.008347333408892155,0.008327332325279713,0.008307334966957569,0.00820133462548256,0.008203334175050259,0.008353334851562977,0.00843666773289442,0.008216666989028454,0.008196000941097736,0.008546668104827404,0.008600001223385334,0.00847600121051073,0.008423334918916225,0.008538668043911457,0.008801333606243134,0.008834668435156345,0.008537333458662033,0.008269335143268108,0.008189334534108639,0.008150001056492329,0.008099332451820374,0.008094667457044125,0.008090000599622726,0.008089999668300152,0.008024000562727451,0.007962666451931,0.007992669008672237,0.008009999990463257,0.008110000751912594,0.00809333473443985,0.007950001396238804,0.007950001396238804,0.008024666458368301,0.008049999363720417,0.008098666556179523,0.008239333517849445,0.008360001258552074,0.008456000126898289,0.008590001612901688,0.008650667034089565,0.008741334080696106,0.008822000585496426,0.008913334459066391,0.008999999612569809,0.00913266558200121,0.00932733342051506,0.009489334188401699,0.009622667916119099,0.00977866817265749,0.009871333837509155,0.009972668252885342,0.010053999722003937,0.010083332657814026,0.010119334794580936,0.010156001895666122,0.010236666537821293,0.010333333164453506,0.01033333595842123,0.01036266889423132,0.0104140006005764,0.010490667074918747,0.010545332916080952,0.01064200047403574,0.010829334147274494,0.011003334075212479,0.011110000312328339,0.01123800128698349,0.011360667645931244,0.011441335082054138,0.0114773353561759,0.011569335125386715,0.011605334468185902,0.011578001081943512,0.0115426667034626,0.011527334339916706,0.011470668017864227,0.011385335586965084,0.011440668255090714,0.011532667092978954,0.011584666557610035,0.011616001836955547,0.011644002050161362,0.011584666557610035,0.011400002054870129,0.011191334575414658,0.01093266811221838,0.010641335509717464,0.010283335112035275,0.009796667844057083,0.009182666428387165,0.00849200040102005,0.0075620003044605255,0.00394066795706749,0.003890000283718109,0.003832666901871562,0.003788001835346222,0.0037406671326607466,0.003649335354566574,0.003582000732421875,0.003548666834831238,0.0035120025277137756,0.003476666985079646,0.0034306671004742384,0.003384668380022049,0.0033700019121170044,0.0033420000690966845,0.0032960015814751387,0.0032293337862938643,0.003150666831061244,0.0030706673860549927,0.003012667177245021,0.0029880020301789045,0.002967335283756256,0.002937999786809087,0.0028993349988013506,0.0028206680435687304,0.002754000248387456,0.002668666420504451,0.0026053350884467363,0.002558668376877904,0.0025326672475785017,0.002504667965695262,0.0024773329496383667,0.002463334472849965,0.0024306674022227526,0.002424001693725586,0.0024166677612811327,0.0024053342640399933,0.0024193350691348314,0.002427334664389491,0.002439333824440837,0.002459334908053279,0.0024713340681046247,0.0024853337090462446,0.0024920005816966295,0.0024940010625869036,0.0024940010625869036,0.00248466688208282,0.002482666401192546,0.002463333308696747,0.002438001334667206,0.002402001293376088,0.0023633327800780535,0.002302667824551463,0.002224000869318843,0.002132667927071452,0.002022668719291687,0.0019400008022785187,0.00189933308865875,0.0018573328852653503,0.0018046684563159943,0.0017426684498786926,0.0016593337059020996,0.001605334342457354,0.0015766682336106896,0.0015333332121372223,0.0014880001544952393,0.0014326671371236444,0.0013706671306863427,0.0013233348727226257,0.0012760013341903687,0.0012213339796289802,0.0011560010025277734,0.0010720007121562958,0.0008906672592274845,0.0007513351738452911
329,236062,1147,2024-06-25,29.046,29.028,-94.52,-94.504,29.037,-94.512,9.3,12.9,163.0,30.0,140.3,,,,,,,8.0,15.0,,29.48,29.48,28.86,35.36,35.36,36.08,0.12,0.112,2.731,6.3,6.3,5.0,81.9577,82.0046,,,,,,,,,,,,,,,,,,,,,,,,,,,,,,,,,,,,,,,,,,,,,,,,,,,,,,,,,,,,,,,,,,,,,,,,,,,,,,,,,,,,,,,,,,,,,,,,,,,,,,,,,,,,,,,,,,,,,,,,,,,,,,,,,,,,,,,,,,,,,,,,,,,,,,,,,,,,,,,,,,,,,,,,,,,,,,
330,236063,1147,2024-06-25,29.183,29.171,-94.806,-94.785,29.177,-94.7955,7.8,7.7,179.0,30.0,,,,,,,,6.5,12.0,,30.4,30.17,28.66,22.67,25.26,36.45,7.079,4.231,1.517,8.7,8.6,4.3,45.0684,62.3263,4.5913,,,,,,,,,,,,,,,,,,,,,,,,,,,,,,,,,,,,,,,,,,,,,,,,,,,,,,,,,,,,,,,,,,,,,,,,,,,,,,,,,,,,,,,,,,,,,,,,,,,,,,,,,,,,,,,,,,,,,,,,,,,,,,,,,,,,,,,,,,,,,,,,,,,,,,,,,,,,,,,,,,,,,,,,,,,,,
331,236064,1147,2024-06-25,29.086,29.068,-94.819,-94.832,29.077,-94.8255,10.3,9.1,152.0,30.0,,,,,,,,9.5,17.0,,29.7,29.36,28.92,26.73,33.38,36.05,3.686,3.978,0.879,7.1,5.5,5.1,63.9444,62.5579,11.6262,,,,,,,,,,,,,,,,,,,,,,,,,,,,,,,,,,,,,,,,,,,,,,,,,,,,,,,,,,,,,,,,,,,,,,,,,,,,,,,,,,,,,,,,,,,,,,,,,,,,,,,,,,,,,,,,,,,,,,,,,,,,,,,,,,,,,,,,,,,,,,,,,,,,,,,,,,,,,,,,,,,,,,,,,,,,,
332,236065,1147,2024-06-25,28.983,28.961,-94.963,-94.964,28.972,-94.9635,10.5,11.0,156.0,30.0,66.7,,,,25.0,,13.0,8.5,16.0,,30.04,29.16,29.1,30.3,33.63,36.11,1.627,1.409,1.423,6.9,5.8,5.4,66.7093,44.1824,26.0635,522.0295244231418,0.006715600378811359,0.006658800877630711,0.006484401877969503,0.006236000917851925,0.0062256017699837685,0.006400000303983688,0.006362001411616802,0.006290401332080364,0.006226000841706991,0.006081201136112213,0.005973600782454014,0.006111199967563152,0.006245200987905264,0.005933201406151056,0.00568639999255538,0.005928800906985998,0.006052399519830942,0.0060284011997282505,0.005844801664352417,0.005838001612573862,0.006088000722229481,0.006131600588560104,0.005898801144212484,0.005627600010484457,0.0055784001015126705,0.005520801059901714,0.005479601211845875,0.0053992001339793205,0.005356402136385441,0.005392400082200766,0.0053276000544428825,0.005278799682855606,0.005283201579004526,0.005231601186096668,0.005309601780027151,0.005395201034843922,0.00531439995393157,0.005264800041913986,0.005285600665956736,0.005309599451720715,0.005351200699806213,0.005431201308965683,0.005433200392872095,0.005468000657856464,0.00555960088968277,0.005588800646364689,0.005655202083289623,0.005697599612176418,0.005743599496781826,0.005821599625051022,0.005925601813942194,0.0060532004572451115,0.006133601069450378,0.006216800771653652,0.006338801234960556,0.006354799959808588,0.00638880068436265,0.006524799857288599,0.0065548000857234,0.006540400441735983,0.006602001376450062,0.006700801197439432,0.0068016014993190765,0.00685960054397583,0.006916801445186138,0.0069880010560154915,0.0070328013971447945,0.00702440133318305,0.0070948004722595215,0.00726520037278533,0.007400002330541611,0.0075108022429049015,0.007596800569444895,0.007692800369113684,0.0077940016053617,0.007839599624276161,0.007924800738692284,0.007980400696396828,0.008020400069653988,0.008075200952589512,0.0081052016466856,0.008110800758004189,0.008138800039887428,0.008186000399291515,0.008232000283896923,0.008306801319122314,0.008429201319813728,0.008492400869727135,0.008467601612210274,0.00837360043078661,0.008290800265967846,0.008158800192177296,0.007942801341414452,0.0076876007951796055,0.007352401502430439,0.00690600136294961,0.006399999372661114,0.005826401058584452,0.0030856006778776646,0.003047201782464981,0.002987600862979889,0.0029436000622808933,0.0029251999221742153,0.0028460011817514896,0.002792800310999155,0.0027844004798680544,0.002741201315075159,0.0027016005478799343,0.0026736012659966946,0.0026240013539791107,0.0026124001014977694,0.0025892010889947414,0.002553999423980713,0.0025072009302675724,0.0024520002771168947,0.0024324008263647556,0.002417599316686392,0.002402801066637039,0.0023868009448051453,0.002332401927560568,0.002260801149532199,0.0022124021779745817,0.002171602100133896,0.002117601688951254,0.002087200526148081,0.00203440198674798,0.0019768006168305874,0.00193720159586519,0.0019132003653794527,0.0018900014692917466,0.0018852002685889602,0.0018835999071598053,0.001872399472631514,0.0018727995920926332,0.0018895998364314437,0.0019080012571066618,0.001945600612089038,0.0019752010703086853,0.0019844002090394497,0.0020024008117616177,0.0020112008787691593,0.002022799802944064,0.002023200038820505,0.002031199634075165,0.0020132020581513643,0.0019555999897420406,0.0019564025569707155,0.0019528002012521029,0.0019356012344360352,0.0019351996015757322,0.0018476024270057678,0.0017448023427277803,0.0016964003443717957,0.001664800220169127,0.0016259998083114624,0.0015836000675335526,0.0015228018164634705,0.0014548003673553467,0.0014164000749588013,0.0013760023284703493,0.0013340003788471222,0.0012832023203372955,0.0012280016671866179,0.0011768005788326263,0.0011303998762741685,0.0010843999916687608,0.0010432011913508177,0.0009860016871243715,0.000913201249204576,0.0008171998197212815,0.0006988011300563812,0.000800400972366333
333,236066,1147,2024-06-25,28.806,28.79,-95.025,-95.009,28.798,-95.017,11.0,7.1,159.0,30.0,77.3,,,,,,4.0,9.5,17.0,,29.97,29.46,28.9,35.68,35.76,36.13,0.079,0.305,1.356,6.3,6.4,5.5,83.8445,80.5484,41.8415,520.0812890335196,0.005519500933587551,0.005542501341551542,0.0055495016276836395,0.005487250629812479,0.005638500675559044,0.005927500780671835,0.005957500543445349,0.005977001041173935,0.006054250989109278,0.006014250218868256,0.005970500875264406,0.006180750206112862,0.006366750691086054,0.006214001681655645,0.0061867511831223965,0.006512500811368227,0.00668000103905797,0.006683500949293375,0.006599000655114651,0.006668001413345337,0.006915002129971981,0.00690600136294961,0.0067155007272958755,0.006605751346796751,0.0065840003080666065,0.00656275125220418,0.006540500093251467,0.0065379999577999115,0.0065477509051561356,0.0065545011311769485,0.006556001026183367,0.006572251208126545,0.006566250696778297,0.0065782517194747925,0.006678001023828983,0.006701000966131687,0.006636751350015402,0.00665325066074729,0.006693751085549593,0.0067192502319812775,0.006846250966191292,0.00700225168839097,0.007129000499844551,0.0072425007820129395,0.007354751229286194,0.007448500953614712,0.00755000114440918,0.0076662516221404076,0.007771001197397709,0.007862750440835953,0.008021500892937183,0.008202500641345978,0.008392000570893288,0.008576501160860062,0.008745250292122364,0.008844001218676567,0.008954251185059547,0.009064000099897385,0.009122001007199287,0.009202501736581326,0.009314250200986862,0.009403999894857407,0.009515751153230667,0.00958200078457594,0.009666500613093376,0.009745749644935131,0.009820250794291496,0.009891251102089882,0.009994251653552055,0.010173249989748001,0.010374501347541809,0.010543250478804111,0.010714750736951828,0.010857000946998596,0.010967002250254154,0.011047251522541046,0.011133999563753605,0.01118525117635727,0.011182749643921852,0.011159000918269157,0.011154500767588615,0.011112751439213753,0.011086001060903072,0.011121751740574837,0.011180249974131584,0.011243500746786594,0.011299500241875648,0.011314000934362411,0.011234750971198082,0.011043502017855644,0.01080000028014183,0.010533500462770462,0.01020750217139721,0.009774750098586082,0.009261000901460648,0.008647501468658447,0.007944501005113125,0.007067501079291105,0.003558750730007887,0.003509500529617071,0.003468000330030918,0.0034205010160803795,0.0033745006658136845,0.0033235009759664536,0.003260750789195299,0.0032012509182095528,0.0031705000437796116,0.0031372513622045517,0.0031072506681084633,0.0030610007233917713,0.003030500840395689,0.003006500657647848,0.0029590013436973095,0.0029092514887452126,0.002846251241862774,0.0027842503041028976,0.002748501021414995,0.002714501228183508,0.0026902505196630955,0.0026567517779767513,0.002605251967906952,0.0025432519614696503,0.002478501759469509,0.002406750340014696,0.0023452509194612503,0.0023025008849799633,0.0022680009715259075,0.0022392505779862404,0.0022180010564625263,0.0022025005891919136,0.0021875007078051567,0.0021822513081133366,0.002181751187890768,0.002182501368224621,0.002196250017732382,0.0022052512504160404,0.0022135009057819843,0.0022302502766251564,0.00224975124001503,0.0022660004906356335,0.0022820006124675274,0.0022887513041496277,0.002291750628501177,0.002291000448167324,0.0022805016487836838,0.0022520008496940136,0.002223249990493059,0.0021920003928244114,0.00215150136500597,0.0020967512391507626,0.0020245015621185303,0.0019310005009174347,0.0018432512879371643,0.0017742509953677654,0.0017337515018880367,0.0016950005665421486,0.0016492498107254505,0.001584750134497881,0.0015140008181333542,0.0014552497304975986,0.001406250987201929,0.0013620015233755112,0.00131900142878294,0.0012717507779598236,0.0012199999764561653,0.0011735009029507637,0.0011270008981227875,0.0010782512836158276,0.0010224999859929085,0.000957501120865345,0.0008205017074942589,0.0007117502391338348
334,236067,1147,2024-06-25,28.716,28.733,-94.743,-94.727,28.7245,-94.735,14.7,7.0,160.0,30.0,43.2,,,,25.0,,3.0,13.0,24.0,,29.82,29.09,28.58,35.29,35.35,35.91,0.011,0.252,1.525,6.2,6.5,5.4,92.1909,88.9373,49.2619,478.5986411141276,0.005941334646195173,0.0058930013328790665,0.005993666592985392,0.006052667275071144,0.006209667306393385,0.006570335011929274,0.006718335673213005,0.006857335101813078,0.006951667368412018,0.0069886669516563416,0.00702533358708024,0.007299334276467562,0.007604334037750959,0.007499333471059799,0.007481335196644068,0.007891333661973476,0.008158000186085701,0.008227667771279812,0.008182000368833542,0.008324334397912025,0.008739002048969269,0.008785667829215527,0.008587001822888851,0.00843666773289442,0.008456666953861713,0.008483332581818104,0.00848633423447609,0.008534334599971771,0.008541666902601719,0.008557668887078762,0.008557334542274475,0.008507668040692806,0.008509667590260506,0.008522000163793564,0.008620668202638626,0.008682000450789928,0.008570668287575245,0.008542001247406006,0.008538667112588882,0.008500667288899422,0.008521334268152714,0.00853966735303402,0.008512001484632492,0.008551334030926228,0.008634001947939396,0.008741667494177818,0.008867333643138409,0.008961333893239498,0.009070667438209057,0.00915533397346735,0.009249333292245865,0.009312666952610016,0.00934566743671894,0.009388668462634087,0.009428334422409534,0.009426667355000973,0.009450000710785389,0.009463000111281872,0.009349667467176914,0.009222333319485188,0.009086334146559238,0.008893667720258236,0.008651667274534702,0.008342667482793331,0.007975335232913494,0.007548001129180193,0.007010000292211771,0.006479000672698021,0.006139000412076712,0.006038334220647812,0.006009334698319435,0.005959333851933479,0.005905668716877699,0.005845000967383385,0.005751668009907007,0.00563233345746994,0.005513668060302734,0.005359334405511618,0.0051819998770952225,0.004995334427803755,0.004797335248440504,0.004557667300105095,0.004302667453885078,0.004112666938453913,0.003974333871155977,0.003870667889714241,0.003774333745241165,0.0036406666040420532,0.0034900002647191286,0.0033303331583738327,0.0031570016872137785,0.002960334299132228,0.002742334036156535,0.002497668145224452,0.0022386678028851748,0.00196966715157032,0.0017116671660915017,0.0015070004155859351,0.0006473337416537106,0.0006300018285401165,0.0006320004467852414,0.0006173346191644669,0.0005946680903434753,0.000585333735216409,0.0005989999626763165,0.000593334436416626,0.000572333752643317,0.0005526685272343457,0.000532001256942749,0.0005236671422608197,0.0005170013755559921,0.0005096669192425907,0.0004940002108924091,0.00048466771841049194,0.00047400034964084625,0.0004793343541678041,0.00047966776764951646,0.0004783347249031067,0.0004776685091201216,0.0004553335311356932,0.00043566772365011275,0.00042800046503543854,0.0004160006938036531,0.00041066730045713484,0.0004163334670010954,0.00039500059210695326,0.00038300143205560744,0.00037900047027505934,0.00037333430373109877,0.00037233406328596175,0.0003760010004043579,0.00037166723632253706,0.00036633448326028883,0.0003626687976066023,0.00035966807627119124,0.00036366842687129974,0.00036566765629686415,0.00036366781569086015,0.0003576675953809172,0.0003529998066369444,0.00034866793430410326,0.0003460012376308441,0.00034466819488443434,0.0003426677139941603,0.0003250011650379747,0.0003046685305889696,0.00031366696930490434,0.00032500052475370467,0.0003516674041748047,0.0003606670943554491,0.00032200105488300323,0.0002923340944107622,0.0002823335526045412,0.0002783344534691423,0.00027533434331417084,0.00025966824614442885,0.00024200168263632804,0.00023066687572281808,0.0002323351800441742,0.00023100028920453042,0.00021533481776714325,0.00020233479153830558,0.00018800050020217896,0.00017200037837028503,0.00016700041305739433,0.00015400101256091148,0.00014133441436570138,0.0001300008298130706,0.00010366799688199535,7.266737520694733e-05,8.033402264118195e-05,0.0001850010157795623
335,236068,1147,2024-06-26,28.945,28.923,-94.524,-94.523,28.934,-94.5235,11.0,9.5,161.0,30.0,133.0,,,,,,4.0,10.0,18.0,,29.88,29.41,28.75,35.42,35.42,36.06,0.103,0.249,1.395,6.4,6.5,4.7,83.4928,83.5224,28.1542,,,,,,,,,,,,,,,,,,,,,,,,,,,,,,,,,,,,,,,,,,,,,,,,,,,,,,,,,,,,,,,,,,,,,,,,,,,,,,,,,,,,,,,,,,,,,,,,,,,,,,,,,,,,,,,,,,,,,,,,,,,,,,,,,,,,,,,,,,,,,,,,,,,,,,,,,,,,,,,,,,,,,,,,,,,,,
336,236069,1147,2024-06-26,28.724,28.704,-94.49,-94.478,28.714,-94.484,14.7,15.3,166.0,30.0,87.4,,,,,,,12.5,24.0,,29.66,29.26,28.55,35.42,35.42,35.78,0.115,0.224,1.099,6.3,6.3,5.2,86.1803,84.2102,39.3489,,,,,,,,,,,,,,,,,,,,,,,,,,,,,,,,,,,,,,,,,,,,,,,,,,,,,,,,,,,,,,,,,,,,,,,,,,,,,,,,,,,,,,,,,,,,,,,,,,,,,,,,,,,,,,,,,,,,,,,,,,,,,,,,,,,,,,,,,,,,,,,,,,,,,,,,,,,,,,,,,,,,,,,,,,,,,
337,236070,1147,2024-06-26,28.72,28.709,-94.198,-94.176,28.7145,-94.187,15.5,13.3,183.0,30.0,59.0,,,,,,,14.5,27.0,,29.5,28.88,28.39,35.43,35.66,35.83,0.077,0.14,0.924,6.2,6.3,4.7,84.4302,87.6313,36.0588,,,,,,,,,,,,,,,,,,,,,,,,,,,,,,,,,,,,,,,,,,,,,,,,,,,,,,,,,,,,,,,,,,,,,,,,,,,,,,,,,,,,,,,,,,,,,,,,,,,,,,,,,,,,,,,,,,,,,,,,,,,,,,,,,,,,,,,,,,,,,,,,,,,,,,,,,,,,,,,,,,,,,,,,,,,,,
338,236071,1147,2024-06-26,28.714,28.712,-94.058,-94.032,28.713,-94.045,15.6,3.0,255.0,30.0,94.2,,,,,,,14.5,27.0,,29.34,28.86,28.49,35.44,35.55,35.65,0.057,0.063,1.407,6.2,6.2,5.3,86.9143,91.4187,56.0977,,,,,,,,,,,,,,,,,,,,,,,,,,,,,,,,,,,,,,,,,,,,,,,,,,,,,,,,,,,,,,,,,,,,,,,,,,,,,,,,,,,,,,,,,,,,,,,,,,,,,,,,,,,,,,,,,,,,,,,,,,,,,,,,,,,,,,,,,,,,,,,,,,,,,,,,,,,,,,,,,,,,,,,,,,,,,
339,236072,1147,2024-06-26,28.916,28.896,-93.601,-93.593,28.906,-93.597,13.4,13.1,199.0,30.0,82.8,,,,,,,12.0,23.0,,29.31,29.28,28.45,35.43,35.52,36.08,0.069,0.081,2.057,6.3,6.3,5.3,89.9191,89.4258,49.7382,,,,,,,,,,,,,,,,,,,,,,,,,,,,,,,,,,,,,,,,,,,,,,,,,,,,,,,,,,,,,,,,,,,,,,,,,,,,,,,,,,,,,,,,,,,,,,,,,,,,,,,,,,,,,,,,,,,,,,,,,,,,,,,,,,,,,,,,,,,,,,,,,,,,,,,,,,,,,,,,,,,,,,,,,,,,,
340,236073,1147,2024-06-26,28.738,28.723,-93.632,-93.615,28.7305,-93.6235,13.6,10.5,190.0,30.0,3.1,,,,,,,12.5,23.0,,29.23,29.18,28.69,35.28,35.28,35.62,,0.036,0.391,6.2,6.2,6.2,90.9778,90.9314,79.1427,,,,,,,,,,,,,,,,,,,,,,,,,,,,,,,,,,,,,,,,,,,,,,,,,,,,,,,,,,,,,,,,,,,,,,,,,,,,,,,,,,,,,,,,,,,,,,,,,,,,,,,,,,,,,,,,,,,,,,,,,,,,,,,,,,,,,,,,,,,,,,,,,,,,,,,,,,,,,,,,,,,,,,,,,,,,,
341,236074,1147,2024-06-26,28.631,28.61,-93.646,-93.639,28.6205,-93.6425,19.4,8.0,196.0,30.0,23.6,,,,25.0,,3.0,17.0,32.0,,29.27,28.95,28.48,35.27,35.25,35.59,,0.125,0.969,6.2,6.3,5.5,92.0116,91.3362,58.5624,,,,,,,,,,,,,,,,,,,,,,,,,,,,,,,,,,,,,,,,,,,,,,,,,,,,,,,,,,,,,,,,,,,,,,,,,,,,,,,,,,,,,,,,,,,,,,,,,,,,,,,,,,,,,,,,,,,,,,,,,,,,,,,,,,,,,,,,,,,,,,,,,,,,,,,,,,,,,,,,,,,,,,,,,,,,,
342,236075,1147,2024-06-26,28.538,28.516,-93.573,-93.581,28.527,-93.577,20.6,8.6,195.0,30.0,42.7,,,,50.0,,2.0,19.0,36.0,,29.34,28.88,28.37,35.46,35.41,35.49,,0.027,1.063,6.2,6.2,5.8,94.6158,93.9459,50.8322,,,,,,,,,,,,,,,,,,,,,,,,,,,,,,,,,,,,,,,,,,,,,,,,,,,,,,,,,,,,,,,,,,,,,,,,,,,,,,,,,,,,,,,,,,,,,,,,,,,,,,,,,,,,,,,,,,,,,,,,,,,,,,,,,,,,,,,,,,,,,,,,,,,,,,,,,,,,,,,,,,,,,,,,,,,,,
343,236076,1147,2024-06-26,28.57,28.551,-93.903,-93.893,28.5605,-93.898,20.6,11.9,197.0,30.0,52.0,,,,25.0,,2.0,18.0,34.0,,29.43,28.85,28.33,35.43,35.41,35.55,,0.053,0.846,6.3,6.2,6.0,92.7447,92.2099,76.3719,,,,,,,,,,,,,,,,,,,,,,,,,,,,,,,,,,,,,,,,,,,,,,,,,,,,,,,,,,,,,,,,,,,,,,,,,,,,,,,,,,,,,,,,,,,,,,,,,,,,,,,,,,,,,,,,,,,,,,,,,,,,,,,,,,,,,,,,,,,,,,,,,,,,,,,,,,,,,,,,,,,,,,,,,,,,,
344,236077,1147,2024-06-26,28.466,28.457,-93.835,-93.857,28.4615,-93.846,25.9,6.7,220.0,30.0,12.3,,,,75.0,,2.0,23.0,45.0,,29.51,28.28,25.4,35.44,35.55,36.36,,0.015,1.13,6.3,6.3,6.3,94.0083,95.5491,75.5707,,,,,,,,,,,,,,,,,,,,,,,,,,,,,,,,,,,,,,,,,,,,,,,,,,,,,,,,,,,,,,,,,,,,,,,,,,,,,,,,,,,,,,,,,,,,,,,,,,,,,,,,,,,,,,,,,,,,,,,,,,,,,,,,,,,,,,,,,,,,,,,,,,,,,,,,,,,,,,,,,,,,,,,,,,,,,
345,236078,1147,2024-06-27,28.352,28.33,-94.013,-94.021,28.341,-94.017,29.8,12.3,172.0,30.0,,,,,,,,26.0,50.0,,29.6,28.09,23.93,35.46,35.57,36.45,0.013,0.065,0.976,6.2,6.4,5.8,93.4509,95.4127,69.2551,471.5665527562691,0.006815334782004356,0.006828667130321264,0.006777334492653608,0.006676001008599997,0.006730333436280489,0.007054334040731192,0.007126667071133852,0.007088333833962679,0.0070970007218420506,0.007086334750056267,0.007064667996019125,0.007275667507201433,0.0074383351020514965,0.0072549995966255665,0.007245000451803207,0.007610000669956207,0.00776766799390316,0.007707668002694845,0.0075790006667375565,0.007652001455426216,0.007964001037180424,0.00790933333337307,0.007632334250956774,0.007448332849889994,0.007420001085847616,0.00741566764190793,0.007413668092340231,0.00740966759622097,0.007398333866149187,0.007384333293884993,0.007317334413528442,0.007265001535415649,0.007255667820572853,0.007261667866259813,0.007330667693167925,0.00728566711768508,0.007115334738045931,0.007016334217041731,0.006966667249798775,0.00687233405187726,0.006776334252208471,0.006714667659252882,0.006634001154452562,0.006579667795449495,0.00659366836771369,0.006634001154452562,0.006679334212094545,0.006722666788846254,0.006737334653735161,0.006723000202327967,0.0067196679301559925,0.006689334288239479,0.006634334102272987,0.006580667104572058,0.006544666830450296,0.006501668598502874,0.006479334551841021,0.0064220004715025425,0.0062540010549128056,0.0060820006765425205,0.0059053353033959866,0.005689001176506281,0.005455335136502981,0.0051836674101650715,0.004878000821918249,0.0045553334057331085,0.004184334073215723,0.0038623344153165817,0.003666335018351674,0.003590000094845891,0.0035290003288537264,0.003451666561886668,0.00338600086979568,0.003336668014526367,0.0032626669853925705,0.0031680010724812746,0.0030816674698144197,0.0029886674601584673,0.002878667786717415,0.002769334940239787,0.00265466864220798,0.0025300011038780212,0.0024286683183163404,0.002331334399059415,0.0022523340303450823,0.0022016677539795637,0.002162334742024541,0.002091001719236374,0.001999667612835765,0.0019113341113552451,0.0018190015107393265,0.0017253333935514092,0.0016090000281110406,0.0015003340085968375,0.0013963343808427453,0.0012656673789024353,0.0011360024800524116,0.0010303339222446084,0.0004593338817358017,0.0004553335311356932,0.0004450014384929091,0.00041900077485479414,0.000414334237575531,0.00041233375668525696,0.00041033513844013214,0.00040233382605947554,0.00037333430373109877,0.00034866793430410326,0.0003500015882309526,0.0003473342803772539,0.00034366673207841814,0.0003293342888355255,0.0003123351780232042,0.00030266866087913513,0.0002863345143850893,0.0002936671080533415,0.0002966666070278734,0.00030366829014383256,0.0003050006926059723,0.00029233345412649214,0.0002770001592580229,0.0002630011586006731,0.0002566675248090178,0.000251000135904178,0.00025366744375787675,0.00025766840553842485,0.00025866739451885223,0.0002583345922175795,0.0002553338708821684,0.00025566667318344116,0.00025300061679445207,0.00025333338999189436,0.0002586680056992918,0.0002666680666152388,0.00027200145996175706,0.0002713346329983324,0.0002733338624238968,0.000272000819677487,0.00026800049818120897,0.0002660006284713745,0.00026533380150794983,0.00025966763496398926,0.00025633350014686584,0.0002500011178199202,0.00024800002574920654,0.0002486674638930708,0.0002573356032371521,0.00028033493435941637,0.00029566697776317596,0.00028733411454595625,0.00025433427072130144,0.00021933391690254211,0.00020033493638038635,0.00019133339810650796,0.00018400077533442527,0.00016399969172198325,0.00014033417392056435,0.00013033424329478294,0.00011600057041505352,0.00011866787826875225,0.00011633460962912068,0.0001016668975353241,9.266721463063732e-05,7.966781413415447e-05,6.966789806028828e-05,6.566879892488942e-05,5.800028520752676e-05,5.200132727622986e-05,4.06677536375355e-05,3.266769272158854e-05,7.433506107190624e-05,0.00014266744256019592
346,236079,1147,2024-06-27,28.271,28.265,-93.791,-93.766,28.268,-93.7785,34.3,3.1,258.0,30.0,39.3,,,,,,,31.5,61.0,,29.63,27.7,22.76,34.94,36.02,35.7,0.04,0.027,0.844,6.2,6.4,5.3,95.473,95.9338,70.5863,469.2972892622472,0.009254001080989838,0.00923600047826767,0.00906199961900711,0.009018000215291977,0.009210001677274704,0.009190000593662262,0.008962001651525497,0.00903400033712387,0.009070001542568207,0.009013999253511429,0.00895800068974495,0.00918000191450119,0.009284000843763351,0.008997999131679535,0.009004000574350357,0.009385999292135239,0.009468000382184982,0.009238000959157944,0.009136002510786057,0.00926399976015091,0.009498000144958496,0.00952799990773201,0.009192001074552536,0.008838001638650894,0.008799999952316284,0.008795998990535736,0.008765999227762222,0.008702002465724945,0.008588001132011414,0.008579999208450317,0.0085580013692379,0.008473999798297882,0.008393999189138412,0.008358001708984375,0.008360002189874649,0.008260000497102737,0.008042000234127045,0.007956001907587051,0.007912002503871918,0.007794000208377838,0.007676001638174057,0.007492002099752426,0.007284000515937805,0.007247999310493469,0.007254000753164291,0.007224000990390778,0.007265999913215637,0.007252000272274017,0.0072179995477199554,0.007196001708507538,0.007138002663850784,0.007077999413013458,0.006994001567363739,0.006923999637365341,0.006845999509096146,0.006762001663446426,0.0067059993743896484,0.006610002368688583,0.00642000138759613,0.0062380023300647736,0.006055999547243118,0.00581200048327446,0.005529999732971191,0.005244001746177673,0.004948001354932785,0.004642002284526825,0.004270002245903015,0.003914002329111099,0.003717999905347824,0.0036440007388591766,0.0035340003669261932,0.003416001796722412,0.0033840015530586243,0.0033520013093948364,0.003248002380132675,0.0031160004436969757,0.003033999353647232,0.002936001867055893,0.0028360001742839813,0.002748001366853714,0.002608001232147217,0.002505999058485031,0.002404000610113144,0.0022739991545677185,0.0022080019116401672,0.0021480023860931396,0.002078000456094742,0.002025999128818512,0.0019639991223812103,0.001878000795841217,0.0018220022320747375,0.0017339996993541718,0.0015939995646476746,0.001499999314546585,0.0013980008661746979,0.0012860000133514404,0.0012040026485919952,0.0011400021612644196,0.0005399994552135468,0.0004980005323886871,0.0004660002887248993,0.00046800076961517334,0.0004820004105567932,0.00047999992966651917,0.000491999089717865,0.00048400089144706726,0.0004520006477832794,0.00042800232768058777,0.0004159994423389435,0.00041200220584869385,0.00038800016045570374,0.00036999955773353577,0.00036200135946273804,0.0003500021994113922,0.00036200135946273804,0.00038200244307518005,0.0003559999167919159,0.0003640018403530121,0.00034800171852111816,0.00033200159668922424,0.00033999979496002197,0.00031800195574760437,0.0003100000321865082,0.0003040023148059845,0.00028600171208381653,0.00029399991035461426,0.0002960003912448883,0.00029800087213516235,0.00029800087213516235,0.0003040023148059845,0.0003120005130767822,0.0002960003912448883,0.0003059990704059601,0.0002919994294643402,0.0002800002694129944,0.0002840012311935425,0.00027799978852272034,0.0002880021929740906,0.0002880021929740906,0.0003040023148059845,0.0002960003912448883,0.00027799978852272034,0.0002740025520324707,0.00025200098752975464,0.00025200098752975464,0.00027799978852272034,0.0002919994294643402,0.0003120005130767822,0.0003460012376308441,0.00033600255846977234,0.0003059990704059601,0.0002960003912448883,0.0002840012311935425,0.0002619996666908264,0.00025200098752975464,0.0002240017056465149,0.00019200146198272705,0.00019600242376327515,0.0001860000193119049,0.00017800182104110718,0.00016999989748001099,0.00015800073742866516,0.0001440010964870453,0.0001340024173259735,0.00012800097465515137,0.0001140013337135315,0.00010400265455245972,0.00010799989104270935,9.600073099136353e-05,9.800121188163757e-05,0.00013200193643569946,0.0001600012183189392
347,236080,1147,2024-06-27,28.135,28.115,-93.703,-93.69,28.125,-93.6965,39.5,8.4,226.0,30.0,48.1,,,,,,,36.5,70.0,,29.24,27.39,22.79,35.19,36.5,36.5,0.002,,1.356,6.1,6.3,5.9,95.628,96.0505,75.8288,,,,,,,,,,,,,,,,,,,,,,,,,,,,,,,,,,,,,,,,,,,,,,,,,,,,,,,,,,,,,,,,,,,,,,,,,,,,,,,,,,,,,,,,,,,,,,,,,,,,,,,,,,,,,,,,,,,,,,,,,,,,,,,,,,,,,,,,,,,,,,,,,,,,,,,,,,,,,,,,,,,,,,,,,,,,,
348,236081,1147,2024-06-27,27.971,27.951,-93.717,-93.706,27.961,-93.7115,54.3,2.3,294.0,30.0,34.6,,,,,,,49.0,97.0,,29.32,24.7,20.8,36.74,36.51,35.79,0.04,0.05,2.894,6.1,6.7,4.8,96.0582,95.602,71.6487,,,,,,,,,,,,,,,,,,,,,,,,,,,,,,,,,,,,,,,,,,,,,,,,,,,,,,,,,,,,,,,,,,,,,,,,,,,,,,,,,,,,,,,,,,,,,,,,,,,,,,,,,,,,,,,,,,,,,,,,,,,,,,,,,,,,,,,,,,,,,,,,,,,,,,,,,,,,,,,,,,,,,,,,,,,,,
349,236082,1147,2024-06-27,28.244,28.265,-93.428,-93.427,28.2545,-93.4275,33.0,4.3,295.0,30.0,38.9,,,,,,,30.5,59.0,,29.15,27.81,22.83,35.23,35.65,36.52,0.034,0.047,1.001,6.1,6.4,6.1,95.8178,95.7531,85.3612,,,,,,,,,,,,,,,,,,,,,,,,,,,,,,,,,,,,,,,,,,,,,,,,,,,,,,,,,,,,,,,,,,,,,,,,,,,,,,,,,,,,,,,,,,,,,,,,,,,,,,,,,,,,,,,,,,,,,,,,,,,,,,,,,,,,,,,,,,,,,,,,,,,,,,,,,,,,,,,,,,,,,,,,,,,,,
350,236083,1147,2024-06-27,28.373,28.375,-93.395,-93.369,28.374,-93.382,30.6,10.9,287.0,30.0,14.4,,,,100.0,,,28.0,54.0,,29.12,27.92,23.57,35.18,35.83,36.5,,0.077,1.12,6.2,6.3,6.1,95.5972,95.8265,61.8924,,,,,,,,,,,,,,,,,,,,,,,,,,,,,,,,,,,,,,,,,,,,,,,,,,,,,,,,,,,,,,,,,,,,,,,,,,,,,,,,,,,,,,,,,,,,,,,,,,,,,,,,,,,,,,,,,,,,,,,,,,,,,,,,,,,,,,,,,,,,,,,,,,,,,,,,,,,,,,,,,,,,,,,,,,,,,
351,236084,1147,2024-06-27,28.535,28.528,-93.348,-93.323,28.5315,-93.3355,22.3,5.6,244.0,30.0,27.6,,,,75.0,,2.0,20.0,39.0,,29.2,28.88,26.25,35.4,35.44,36.29,,0.08,1.809,6.0,6.2,5.8,94.4994,94.5575,72.7937,,,,,,,,,,,,,,,,,,,,,,,,,,,,,,,,,,,,,,,,,,,,,,,,,,,,,,,,,,,,,,,,,,,,,,,,,,,,,,,,,,,,,,,,,,,,,,,,,,,,,,,,,,,,,,,,,,,,,,,,,,,,,,,,,,,,,,,,,,,,,,,,,,,,,,,,,,,,,,,,,,,,,,,,,,,,,
352,236085,1147,2024-06-27,28.48,28.459,-92.952,-92.939,28.4695,-92.9455,26.8,6.9,206.0,30.0,49.9,,,,25.0,,2.0,23.5,46.0,,29.6,28.89,25.48,35.53,35.64,36.42,,0.043,2.511,6.1,6.2,5.9,95.0224,95.436,44.0727,,,,,,,,,,,,,,,,,,,,,,,,,,,,,,,,,,,,,,,,,,,,,,,,,,,,,,,,,,,,,,,,,,,,,,,,,,,,,,,,,,,,,,,,,,,,,,,,,,,,,,,,,,,,,,,,,,,,,,,,,,,,,,,,,,,,,,,,,,,,,,,,,,,,,,,,,,,,,,,,,,,,,,,,,,,,,
353,236086,1147,2024-06-28,28.024,28.021,-93.047,-93.02,28.0225,-93.0335,57.1,8.2,175.0,30.0,,,,,,,,51.5,102.0,,29.35,24.33,20.44,35.59,36.5,36.55,0.042,0.144,0.182,6.1,6.6,4.7,95.6521,95.8203,63.7581,,,,,,,,,,,,,,,,,,,,,,,,,,,,,,,,,,,,,,,,,,,,,,,,,,,,,,,,,,,,,,,,,,,,,,,,,,,,,,,,,,,,,,,,,,,,,,,,,,,,,,,,,,,,,,,,,,,,,,,,,,,,,,,,,,,,,,,,,,,,,,,,,,,,,,,,,,,,,,,,,,,,,,,,,,,,,
354,236087,1147,2024-06-28,28.006,28.002,-92.912,-92.888,28.004,-92.9,59.2,12.5,193.0,30.0,11.6,,,,,,,52.5,104.0,,29.39,24.36,20.57,36.42,36.51,36.61,0.027,0.123,0.359,6.0,6.7,4.7,95.4466,95.8578,63.7232,,,,,,,,,,,,,,,,,,,,,,,,,,,,,,,,,,,,,,,,,,,,,,,,,,,,,,,,,,,,,,,,,,,,,,,,,,,,,,,,,,,,,,,,,,,,,,,,,,,,,,,,,,,,,,,,,,,,,,,,,,,,,,,,,,,,,,,,,,,,,,,,,,,,,,,,,,,,,,,,,,,,,,,,,,,,,
355,236088,1147,2024-06-28,28.257,28.257,-92.615,-92.59,28.257,-92.6025,36.2,11.5,231.0,30.0,14.5,,,,,,,32.0,63.0,,29.26,28.23,22.87,35.68,35.82,36.52,0.027,0.002,0.843,6.1,6.3,6.1,95.8824,95.9653,73.7256,,,,,,,,,,,,,,,,,,,,,,,,,,,,,,,,,,,,,,,,,,,,,,,,,,,,,,,,,,,,,,,,,,,,,,,,,,,,,,,,,,,,,,,,,,,,,,,,,,,,,,,,,,,,,,,,,,,,,,,,,,,,,,,,,,,,,,,,,,,,,,,,,,,,,,,,,,,,,,,,,,,,,,,,,,,,,
356,236089,1147,2024-06-28,28.799,28.776,-92.339,-92.334,28.7875,-92.3365,19.0,10.1,208.0,31.0,9.0,,,,,,,16.5,32.0,,29.34,29.17,28.46,35.9,35.91,35.92,,0.129,0.603,6.1,6.2,5.7,89.7345,89.6713,78.8631,,,,,,,,,,,,,,,,,,,,,,,,,,,,,,,,,,,,,,,,,,,,,,,,,,,,,,,,,,,,,,,,,,,,,,,,,,,,,,,,,,,,,,,,,,,,,,,,,,,,,,,,,,,,,,,,,,,,,,,,,,,,,,,,,,,,,,,,,,,,,,,,,,,,,,,,,,,,,,,,,,,,,,,,,,,,,
357,236090,1147,2024-06-28,28.231,28.226,-92.358,-92.333,28.2285,-92.3455,37.6,2.8,237.0,30.0,16.4,,,,25.0,,,33.5,66.0,,29.58,28.19,22.48,35.7,35.93,36.54,0.004,,0.982,6.1,6.3,5.8,95.5255,95.594,55.8455,,,,,,,,,,,,,,,,,,,,,,,,,,,,,,,,,,,,,,,,,,,,,,,,,,,,,,,,,,,,,,,,,,,,,,,,,,,,,,,,,,,,,,,,,,,,,,,,,,,,,,,,,,,,,,,,,,,,,,,,,,,,,,,,,,,,,,,,,,,,,,,,,,,,,,,,,,,,,,,,,,,,,,,,,,,,,
358,236091,1147,2024-06-29,28.201,28.184,-92.034,-92.02,28.1925,-92.027,41.0,10.9,166.0,30.0,15.5,,,,25.0,,,36.0,71.0,,29.67,28.26,22.12,35.67,36.04,36.55,0.084,0.062,0.652,6.2,6.3,5.7,95.3595,95.6252,44.4143,463.4798662485745,0.010326000861823559,0.010360666550695896,0.010251333937048912,0.01021800097078085,0.010345334187150002,0.010512667708098888,0.01046666782349348,0.01046800147742033,0.010420667938888073,0.010320667177438736,0.010243001393973827,0.010424000211060047,0.010508999228477478,0.01017733383923769,0.010187334381043911,0.010669332928955555,0.010853667743504047,0.010698000900447369,0.010432333685457706,0.01046933513134718,0.01076833438128233,0.01064900029450655,0.010193000547587872,0.009887000545859337,0.009818000718951225,0.009765667840838432,0.00971133355051279,0.009608334861695766,0.009513666853308678,0.00944733340293169,0.0093196677044034,0.009230666793882847,0.009139001369476318,0.009084668010473251,0.00910066720098257,0.008965334855020046,0.008713333867490292,0.008560667745769024,0.008385667577385902,0.008156999945640564,0.00799433421343565,0.007822000421583652,0.007588001433759928,0.0074530006386339664,0.0073796664364635944,0.007342667784541845,0.007344333920627832,0.007321000564843416,0.007288001012057066,0.007214000448584557,0.007135333959013224,0.007033334579318762,0.0068976678885519505,0.006790000479668379,0.006690001115202904,0.006580001208931208,0.006523000076413155,0.0064310007728636265,0.006187000777572393,0.005946999881416559,0.0056860013864934444,0.005403000395745039,0.0051126680336892605,0.00479533476755023,0.004452333319932222,0.004109333734959364,0.003733667777851224,0.003423333866521716,0.0032403345685452223,0.0031640001107007265,0.003077001078054309,0.002983667654916644,0.0029206674080342054,0.0028743345756083727,0.0027900009881705046,0.002686667488887906,0.002608334645628929,0.0025253340136259794,0.0024276680778712034,0.0023170008789747953,0.0022083341609686613,0.0021086677443236113,0.0020143345464020967,0.0019316673278808594,0.0018593339482322335,0.0018123338231816888,0.0017746674129739404,0.0017036678036674857,0.0016250008484348655,0.0015456670662388206,0.0014456678181886673,0.0013576677301898599,0.0012666676193475723,0.0011813342571258545,0.0011086674639955163,0.0010253345826640725,0.0009490002994425595,0.0008950003539212048,0.0004223336873110384,0.0004003352078143507,0.00039300075150094926,0.00037466795765794814,0.00036266757524572313,0.00034800110734067857,0.00033866800367832184,0.000335334480041638,0.00031600086367689073,0.0003043338656425476,0.00029833303415216506,0.00030533410608768463,0.00030533410608768463,0.0003000013530254364,0.0002850014716386795,0.0002720002084970474,0.0002550010976847261,0.00025799995637498796,0.0002660012396518141,0.00027766762650571764,0.0002833344042301178,0.0002756677567958832,0.0002630011586006731,0.00024966770433820784,0.00023800072085577995,0.00022700056433677673,0.0002250013203592971,0.00022366766643244773,0.0002233348786830902,0.00023066687572281808,0.00023000065993983299,0.00022900041949469596,0.00022566691040992737,0.00022733397781848907,0.0002256675361422822,0.0002283342182636261,0.00022700119006913155,0.00022233401250559837,0.0002233342529507354,0.00022466666996479034,0.00022233463823795319,0.000221000358578749,0.00021733467292506248,0.00021266750991344452,0.00021333371114451438,0.00020766817033290863,0.00020133455109316856,0.00019833382975775748,0.00019366790365893394,0.00020233479153830558,0.0002043334097834304,0.00018566723156254739,0.00016433373093605042,0.00013966795813757926,0.00013899989426136017,0.0001466671674279496,0.00015000130224507302,0.00013600227248389274,0.00012600049376487732,0.00011233426630496979,0.0001056684777722694,0.00010866733646253124,9.50004905462265e-05,8.266729855677113e-05,7.100030779838562e-05,4.500088471104391e-05,3.633461892604828e-05,2.9667591661564074e-05,2.633407711982727e-05,2.2334357709041797e-05,1.4667709365312476e-05,1.1332954272802453e-05,8.333412552019581e-05,0.00018600125622469932
359,236092,1147,2024-06-29,28.132,28.116,-91.929,-91.912,28.124,-91.9205,48.4,11.8,151.0,30.0,16.8,,,,25.0,,,42.5,84.0,,29.65,26.01,20.67,35.66,36.17,36.55,0.118,0.109,0.286,6.1,6.4,5.0,95.2911,95.4574,48.7024,,,,,,,,,,,,,,,,,,,,,,,,,,,,,,,,,,,,,,,,,,,,,,,,,,,,,,,,,,,,,,,,,,,,,,,,,,,,,,,,,,,,,,,,,,,,,,,,,,,,,,,,,,,,,,,,,,,,,,,,,,,,,,,,,,,,,,,,,,,,,,,,,,,,,,,,,,,,,,,,,,,,,,,,,,,,,
360,236093,1147,2024-06-29,28.136,28.12,-91.746,-91.73,28.128,-91.738,48.4,15.3,157.0,30.0,19.9,,,,,,,44.0,85.0,,29.52,24.85,21.15,35.62,36.42,36.56,0.091,0.065,0.355,6.1,6.8,5.2,95.7068,95.5676,37.7612,462.89048766710783,0.00778999924659729,0.008112002164125443,0.008430000394582748,0.008290000259876251,0.008330002427101135,0.008570000529289246,0.008616000413894653,0.008510001003742218,0.008374001830816269,0.008424002677202225,0.008473999798297882,0.008734002709388733,0.008749999105930328,0.00842200219631195,0.008510001003742218,0.008953999727964401,0.009167999029159546,0.008992001414299011,0.008854001760482788,0.009022001177072525,0.009296000003814697,0.008946001529693604,0.008524000644683838,0.008430000394582748,0.008356001228094101,0.008320000022649765,0.008324000984430313,0.008292000740766525,0.008232001215219498,0.008206002414226532,0.008122000843286514,0.008016001433134079,0.00793600082397461,0.007986001670360565,0.008037999272346497,0.007830001413822174,0.007575999945402145,0.007510002702474594,0.007406000047922134,0.007203999906778336,0.007066000252962112,0.006891999393701553,0.006682001054286957,0.006604000926017761,0.006546001881361008,0.006494000554084778,0.00650399923324585,0.0065359994769096375,0.006530001759529114,0.006413999944925308,0.006335999816656113,0.006252001971006393,0.006154000759124756,0.006060000509023666,0.005917999893426895,0.005901999771595001,0.005924001336097717,0.005777999758720398,0.0055160000920295715,0.005284000188112259,0.00506800040602684,0.004861999303102493,0.004626002162694931,0.0043760016560554504,0.004078000783920288,0.003747999668121338,0.003361999988555908,0.0030100010335445404,0.0028380006551742554,0.002741999924182892,0.0026319995522499084,0.002558000385761261,0.002539999783039093,0.0024759992957115173,0.002353999763727188,0.002256002277135849,0.002204000949859619,0.0021900013089179993,0.0021039992570877075,0.0019940026104450226,0.0019199997186660767,0.0018000006675720215,0.0016840025782585144,0.0016040019690990448,0.0015680007636547089,0.0015479996800422668,0.0014320015907287598,0.0013580024242401123,0.001345999538898468,0.0013180002570152283,0.0012280009686946869,0.0010920017957687378,0.0009860023856163025,0.0009119994938373566,0.0008499994874000549,0.0008039996027946472,0.000833999365568161,0.0009439997375011444,0.0002200007438659668,0.00025999918580055237,0.00024800002574920654,0.00020600110292434692,0.00018800050020217896,0.0001940019428730011,0.0002200007438659668,0.00022200122475624084,0.00017400085926055908,0.00018800050020217896,0.00020800158381462097,0.00020200014114379883,0.00021000206470489502,0.0001819990575313568,0.00018800050020217896,0.00019999966025352478,0.00022200122475624084,0.00025200098752975464,0.00024200230836868286,0.00024200230836868286,0.00021000206470489502,0.0002200007438659668,0.0002700015902519226,0.0002619996666908264,0.0002200007438659668,0.0001860000193119049,0.00012199953198432922,0.00010000169277191162,0.0001359991729259491,0.00014200061559677124,0.0001560002565383911,0.00014800205826759338,0.00014800205826759338,0.00014600157737731934,0.00014600157737731934,0.00016799941658973694,0.0001560002565383911,0.00015800073742866516,0.00016799941658973694,0.00014800205826759338,0.0001600012183189392,0.00016200169920921326,0.00015399977564811707,0.0001600012183189392,0.00015800073742866516,0.00015199929475784302,0.00014800205826759338,0.00021200254559516907,0.00024200230836868286,0.00023400038480758667,0.000228002667427063,0.00014200061559677124,0.00011800229549407959,0.00015000253915786743,0.00014800205826759338,0.00014600157737731934,0.0001140013337135315,0.00011999905109405518,0.00013799965381622314,0.00015399977564811707,0.00015000253915786743,0.00010400265455245972,8.600205183029175e-05,6.400048732757568e-05,5.200132727622986e-05,2.600252628326416e-05,1.000240445137024e-05,-4.000961780548096e-06,2.000480890274048e-06,1.000240445137024e-05,1.1999160051345825e-05,9.600073099136353e-05,0.0002900026738643646,0.0002159997820854187
361,236094,1147,2024-06-29,28.293,28.281,-91.45,-91.43,28.287,-91.44,39.5,16.9,176.0,30.0,,,,,,,,35.5,70.0,,29.37,28.9,22.3,35.57,36.37,36.55,0.065,0.025,0.986,6.2,6.2,5.9,95.6367,95.9603,53.7541,465.1663628036324,0.011130223982036114,0.011138223111629486,0.010990000329911709,0.010792000219225883,0.010927777737379074,0.011144445277750492,0.01108577847480774,0.011156667955219746,0.011098669841885567,0.010972444899380207,0.01093955710530281,0.011163334362208843,0.011203112080693245,0.010882888920605183,0.010874002240598202,0.01132489088922739,0.011511111631989479,0.011293333023786545,0.011053779162466526,0.011092666536569595,0.011393556371331215,0.011229334399104118,0.010741778649389744,0.010484444908797741,0.010417557321488857,0.010338889434933662,0.010262889787554741,0.010165556333959103,0.010066444985568523,0.01000711228698492,0.009880668483674526,0.00974444579333067,0.009633556008338928,0.009558002464473248,0.009563112631440163,0.009455112740397453,0.009178667329251766,0.009015332907438278,0.00886533409357071,0.008651778101921082,0.008472000248730183,0.00828066747635603,0.008055112324655056,0.007930668070912361,0.00785777810961008,0.007812001742422581,0.00782044604420662,0.007807778660207987,0.007772667333483696,0.007703334093093872,0.007615112699568272,0.0075097777880728245,0.007369779050350189,0.00726489070802927,0.0071680014953017235,0.007076222915202379,0.007020001765340567,0.006909112446010113,0.006665556691586971,0.006421778351068497,0.0061588897369802,0.005872667767107487,0.005591556895524263,0.005295778624713421,0.00494422297924757,0.004564445465803146,0.004141779150813818,0.003785334527492523,0.0035753336269408464,0.0034864458721131086,0.003387333592399955,0.0032942225225269794,0.00323288980871439,0.003176223486661911,0.0030762229580432177,0.0029726671054959297,0.0028964451048523188,0.002804444869980216,0.0027055558748543262,0.0025935566518455744,0.002482444979250431,0.0023520009126514196,0.002227334538474679,0.002137112198397517,0.002066223183646798,0.0020064450800418854,0.0019493339350447059,0.0018820009427145123,0.0018028898630291224,0.0017260006861761212,0.001637111883610487,0.0015275569166988134,0.0014122235588729382,0.0013200007379055023,0.0012404455337673426,0.0011417791247367859,0.0010828897356987,0.0010968893766403198,0.00048000033712014556,0.000465778837678954,0.00046266696881502867,0.0004360013408586383,0.00041466785478405654,0.00041222324944101274,0.00041711164521984756,0.0004113341274205595,0.0003911115927621722,0.0003742232220247388,0.0003655561013147235,0.00036555694532580674,0.0003591121931094676,0.00035422295331954956,0.00034089054679498076,0.00034488944220356643,0.0003455562691669911,0.0003677780332509428,0.00037711195182055235,0.0003831121721304953,0.0003760014078579843,0.0003562230267561972,0.00034866773057729006,0.0003342231211718172,0.00031844485783949494,0.000302889704471454,0.00029066784190945327,0.0002768900594674051,0.00027600055909715593,0.0002802229719236493,0.0002793342573568225,0.0002828894357662648,0.00028311170171946287,0.0002802233793772757,0.00028600130463019013,0.0002855567436199635,0.00028488950920291245,0.00028444494819268584,0.00027955614496022463,0.0002802229719236493,0.00027711191796697676,0.00027466772007755935,0.00027022219728678465,0.0002653346164152026,0.00025822262978181243,0.00025444477796554565,0.00024844580912031233,0.0002533342340029776,0.00025733394431881607,0.00027822330594062805,0.00028844550251960754,0.0002688897948246449,0.0002471117477398366,0.0002231117687188089,0.0002266669471282512,0.00023244570184033364,0.00022911156702321023,0.000212889164686203,0.00019844621419906616,0.00019444525241851807,0.00019155608606524765,0.00018000106501858681,0.00016200086975004524,0.0001373344857711345,0.00012177891039755195,0.00010200051474384964,8.911266922950745e-05,8.222336327889934e-05,7.466723764082417e-05,6.622365617658943e-05,6.177897012094036e-05,6.400090205715969e-05,0.00015400060510728508,0.00025488974642939866
362,236095,1147,2024-06-29,28.658,28.658,-89.693,-89.668,28.658,-89.6805,56.0,11.9,124.0,30.0,,,,,50.0,,14.0,52.0,103.0,,30.21,23.49,18.69,27.53,36.49,36.49,0.63,0.191,0.113,7.4,6.7,4.3,75.6116,95.4753,68.6757,,,,,,,,,,,,,,,,,,,,,,,,,,,,,,,,,,,,,,,,,,,,,,,,,,,,,,,,,,,,,,,,,,,,,,,,,,,,,,,,,,,,,,,,,,,,,,,,,,,,,,,,,,,,,,,,,,,,,,,,,,,,,,,,,,,,,,,,,,,,,,,,,,,,,,,,,,,,,,,,,,,,,,,,,,,,,
363,236096,1147,2024-06-29,28.738,28.73,-89.452,-89.476,28.734,-89.464,59.5,12.4,149.0,30.0,,,,,25.0,,16.0,51.5,102.0,,29.84,23.25,17.67,29.19,36.38,36.37,1.601,1.058,0.028,7.6,4.7,4.1,78.8263,90.7936,62.3401,505.0965643352247,0.008303999900817871,0.007982000708580017,0.007614001631736755,0.007433999329805374,0.0074100010097026825,0.007214002311229706,0.0068599991500377655,0.006629999727010727,0.006512001156806946,0.006289999932050705,0.006092000752687454,0.006120000034570694,0.005966000258922577,0.00546799972653389,0.005288001149892807,0.005582001060247421,0.005616001784801483,0.00541200116276741,0.004994001239538193,0.0048319995403289795,0.0050240010023117065,0.00485600158572197,0.0044739991426467896,0.0041860006749629974,0.004052001982927322,0.003930002450942993,0.0038340017199516296,0.003758002072572708,0.00370199978351593,0.0036440007388591766,0.0034960024058818817,0.003412000834941864,0.0033299997448921204,0.003276001662015915,0.0033060014247894287,0.003280002623796463,0.0031160004436969757,0.0029980018734931946,0.0029879994690418243,0.0029279999434947968,0.002911999821662903,0.0028400011360645294,0.0027220025658607483,0.002709999680519104,0.002696000039577484,0.0026740022003650665,0.0026340000331401825,0.0026400014758110046,0.0026459991931915283,0.002566002309322357,0.002537999302148819,0.002564001828432083,0.002596002072095871,0.002592001110315323,0.002558000385761261,0.002572000026702881,0.0025880001485347748,0.0026019997894763947,0.002553999423980713,0.0024860017001628876,0.0024900026619434357,0.0025120005011558533,0.002526000142097473,0.002574000507593155,0.0026299990713596344,0.0025859996676445007,0.002526000142097473,0.0025100000202655792,0.002523999661207199,0.002578001469373703,0.002608001232147217,0.002628002315759659,0.0026360005140304565,0.002612002193927765,0.002608001232147217,0.0026179999113082886,0.0026459991931915283,0.0026720017194747925,0.00269399955868721,0.0026900023221969604,0.0026500001549720764,0.002598002552986145,0.002598002552986145,0.0026159994304180145,0.0026380009949207306,0.0026240013539791107,0.0026459991931915283,0.0026760026812553406,0.0026240013539791107,0.0026060007512569427,0.002578001469373703,0.0024720020592212677,0.002390000969171524,0.0023120008409023285,0.002220001071691513,0.002100002020597458,0.0019900016486644745,0.0019659996032714844,0.0010379999876022339,0.0010100007057189941,0.0009980015456676483,0.0009759999811649323,0.0009520016610622406,0.0009259991347789764,0.0009380020201206207,0.0009279996156692505,0.0008959993720054626,0.0008620023727416992,0.0008380003273487091,0.0008420012891292572,0.0008160024881362915,0.0008179992437362671,0.0008080005645751953,0.0008220002055168152,0.0008260011672973633,0.0008359998464584351,0.000851999968290329,0.0008479990065097809,0.0008479990065097809,0.0008060000836849213,0.0007840022444725037,0.0007700026035308838,0.0007480010390281677,0.0007419995963573456,0.000720001757144928,0.0007080025970935822,0.0007040016353130341,0.00070200115442276,0.0006860010325908661,0.0006939992308616638,0.0006920024752616882,0.0007060021162033081,0.0007440000772476196,0.0007579997181892395,0.0007700026035308838,0.0007860027253627777,0.0007840022444725037,0.0007980018854141235,0.0008100010454654694,0.0008100010454654694,0.0008179992437362671,0.0008260011672973633,0.0008260011672973633,0.0008260011672973633,0.0008220002055168152,0.0008160024881362915,0.0008160024881362915,0.0008499994874000549,0.000870000571012497,0.0008420012891292572,0.0008060000836849213,0.0007440000772476196,0.0007180012762546539,0.0006920024752616882,0.00066399946808815,0.0006339997053146362,0.0006080009043216705,0.0005879998207092285,0.0005760006606578827,0.0005640015006065369,0.0005140006542205811,0.0004900023341178894,0.0004619993269443512,0.0004140026867389679,0.00039200112223625183,0.00036999955773353577,0.0003640018403530121,0.00035800039768218994,0.00033999979496002197,0.0003260001540184021,0.00036200135946273804,0.00045800209045410156
364,236097,1147,2024-06-30,29.319,29.324,-88.796,-88.771,29.3215,-88.7835,29.6,7.5,180.0,30.0,62.7,,,,,,,27.0,52.0,,28.5,23.14,21.07,31.68,36.41,36.6,14.166,,0.089,10.5,5.7,5.0,35.2576,94.5169,58.2186,,,,,,,,,,,,,,,,,,,,,,,,,,,,,,,,,,,,,,,,,,,,,,,,,,,,,,,,,,,,,,,,,,,,,,,,,,,,,,,,,,,,,,,,,,,,,,,,,,,,,,,,,,,,,,,,,,,,,,,,,,,,,,,,,,,,,,,,,,,,,,,,,,,,,,,,,,,,,,,,,,,,,,,,,,,,,
365,236098,1147,2024-06-30,29.454,29.455,-88.928,-88.901,29.4545,-88.9145,17.5,2.8,264.0,30.0,8.4,,,,,,,7.5,13.0,,29.36,26.79,26.71,26.34,35.34,35.36,3.036,1.404,2.497,7.8,4.1,4.0,65.6992,75.2218,73.4461,,,,,,,,,,,,,,,,,,,,,,,,,,,,,,,,,,,,,,,,,,,,,,,,,,,,,,,,,,,,,,,,,,,,,,,,,,,,,,,,,,,,,,,,,,,,,,,,,,,,,,,,,,,,,,,,,,,,,,,,,,,,,,,,,,,,,,,,,,,,,,,,,,,,,,,,,,,,,,,,,,,,,,,,,,,,,
366,236099,1147,2024-06-30,29.425,29.447,-88.787,-88.778,29.436,-88.7825,14.2,4.3,277.0,30.0,17.1,,,,,,,14.0,26.0,,29.27,24.81,21.27,28.0,36.31,36.5,40.685,0.506,0.591,11.7,5.5,4.2,11.2653,90.9592,74.6582,,,,,,,,,,,,,,,,,,,,,,,,,,,,,,,,,,,,,,,,,,,,,,,,,,,,,,,,,,,,,,,,,,,,,,,,,,,,,,,,,,,,,,,,,,,,,,,,,,,,,,,,,,,,,,,,,,,,,,,,,,,,,,,,,,,,,,,,,,,,,,,,,,,,,,,,,,,,,,,,,,,,,,,,,,,,,
367,236100,1147,2024-06-30,29.588,29.571,-88.515,-88.502,29.5795,-88.5085,24.6,4.0,300.0,30.0,72.3,,,,,,,20.0,38.0,,29.42,25.62,21.33,28.97,36.1,35.86,7.452,0.839,1.495,11.3,4.9,4.1,47.1009,82.6552,49.7824,,,,,,,,,,,,,,,,,,,,,,,,,,,,,,,,,,,,,,,,,,,,,,,,,,,,,,,,,,,,,,,,,,,,,,,,,,,,,,,,,,,,,,,,,,,,,,,,,,,,,,,,,,,,,,,,,,,,,,,,,,,,,,,,,,,,,,,,,,,,,,,,,,,,,,,,,,,,,,,,,,,,,,,,,,,,,
368,236101,1147,2024-06-30,29.385,29.363,-88.37,-88.373,29.374,-88.3715,31.3,3.1,301.0,30.0,86.2,,,,,,11.0,27.0,52.0,,29.98,24.8,23.23,30.43,35.1,36.27,0.275,0.329,0.32,8.3,3.7,5.1,91.8294,89.1157,85.513,,,,,,,,,,,,,,,,,,,,,,,,,,,,,,,,,,,,,,,,,,,,,,,,,,,,,,,,,,,,,,,,,,,,,,,,,,,,,,,,,,,,,,,,,,,,,,,,,,,,,,,,,,,,,,,,,,,,,,,,,,,,,,,,,,,,,,,,,,,,,,,,,,,,,,,,,,,,,,,,,,,,,,,,,,,,,
369,236102,1147,2024-06-30,29.289,29.296,-88.383,-88.359,29.2925,-88.371,37.4,5.2,254.0,30.0,96.2,,,,25.0,,11.0,35.0,68.0,,30.83,25.42,21.78,29.9,36.13,36.44,1.382,0.138,1.498,9.3,5.6,4.2,70.121,94.3394,66.7742,,,,,,,,,,,,,,,,,,,,,,,,,,,,,,,,,,,,,,,,,,,,,,,,,,,,,,,,,,,,,,,,,,,,,,,,,,,,,,,,,,,,,,,,,,,,,,,,,,,,,,,,,,,,,,,,,,,,,,,,,,,,,,,,,,,,,,,,,,,,,,,,,,,,,,,,,,,,,,,,,,,,,,,,,,,,,
370,236103,1147,2024-06-30,29.383,29.383,-88.092,-88.09,29.383,-88.091,42.9,9.9,297.0,1.0,,,,,100.0,,,36.5,71.0,,31.51,28.12,19.66,23.13,36.34,36.53,3.422,0.136,0.078,8.7,6.1,4.2,66.9158,95.6988,79.6344,,,,,,,,,,,,,,,,,,,,,,,,,,,,,,,,,,,,,,,,,,,,,,,,,,,,,,,,,,,,,,,,,,,,,,,,,,,,,,,,,,,,,,,,,,,,,,,,,,,,,,,,,,,,,,,,,,,,,,,,,,,,,,,,,,,,,,,,,,,,,,,,,,,,,,,,,,,,,,,,,,,,,,,,,,,,,
371,236104,1147,2024-06-30,29.378,29.398,-88.114,-88.126,29.388,-88.12,41.8,5.5,315.0,30.0,,,,,75.0,,,29.5,57.0,,31.07,28.38,21.35,23.59,36.31,36.53,3.959,0.193,0.672,8.3,6.1,4.3,69.7024,95.4078,77.8993,,,,,,,,,,,,,,,,,,,,,,,,,,,,,,,,,,,,,,,,,,,,,,,,,,,,,,,,,,,,,,,,,,,,,,,,,,,,,,,,,,,,,,,,,,,,,,,,,,,,,,,,,,,,,,,,,,,,,,,,,,,,,,,,,,,,,,,,,,,,,,,,,,,,,,,,,,,,,,,,,,,,,,,,,,,,,
372,236105,1147,2024-07-01,29.428,29.447,-87.814,-87.831,29.4375,-87.8225,38.4,10.1,275.0,30.0,,,,,,,,37.5,73.0,,30.02,25.9,20.53,29.83,35.69,36.51,0.241,0.543,0.168,6.2,6.0,4.4,92.4352,94.7709,86.8996,,,,,,,,,,,,,,,,,,,,,,,,,,,,,,,,,,,,,,,,,,,,,,,,,,,,,,,,,,,,,,,,,,,,,,,,,,,,,,,,,,,,,,,,,,,,,,,,,,,,,,,,,,,,,,,,,,,,,,,,,,,,,,,,,,,,,,,,,,,,,,,,,,,,,,,,,,,,,,,,,,,,,,,,,,,,,
373,236106,1147,2024-07-01,29.739,29.721,-88.202,-88.217,29.73,-88.2095,21.3,9.0,341.0,30.0,36.2,,,,,,,20.0,38.0,,30.05,27.81,23.86,25.84,35.63,35.82,0.431,0.259,0.828,6.4,5.2,4.7,92.1565,93.4419,84.0499,,,,,,,,,,,,,,,,,,,,,,,,,,,,,,,,,,,,,,,,,,,,,,,,,,,,,,,,,,,,,,,,,,,,,,,,,,,,,,,,,,,,,,,,,,,,,,,,,,,,,,,,,,,,,,,,,,,,,,,,,,,,,,,,,,,,,,,,,,,,,,,,,,,,,,,,,,,,,,,,,,,,,,,,,,,,,
374,236107,1147,2024-07-01,29.649,29.632,-88.284,-88.302,29.6405,-88.293,22.7,4.1,360.0,30.0,68.3,,,,,,,21.5,41.0,,30.28,28.38,24.02,28.3,36.25,35.92,3.355,0.208,0.901,8.2,6.1,4.9,75.8822,95.3302,78.2716,,,,,,,,,,,,,,,,,,,,,,,,,,,,,,,,,,,,,,,,,,,,,,,,,,,,,,,,,,,,,,,,,,,,,,,,,,,,,,,,,,,,,,,,,,,,,,,,,,,,,,,,,,,,,,,,,,,,,,,,,,,,,,,,,,,,,,,,,,,,,,,,,,,,,,,,,,,,,,,,,,,,,,,,,,,,,
375,236108,1147,2024-07-01,29.882,29.904,-88.35,-88.36,29.893,-88.355,19.2,13.6,20.0,30.0,33.3,,,,,,,18.0,34.0,,30.02,27.05,24.09,25.38,35.83,36.23,2.131,0.362,0.512,7.2,5.1,5.2,83.1242,93.7554,71.6757,,,,,,,,,,,,,,,,,,,,,,,,,,,,,,,,,,,,,,,,,,,,,,,,,,,,,,,,,,,,,,,,,,,,,,,,,,,,,,,,,,,,,,,,,,,,,,,,,,,,,,,,,,,,,,,,,,,,,,,,,,,,,,,,,,,,,,,,,,,,,,,,,,,,,,,,,,,,,,,,,,,,,,,,,,,,,
376,236109,1147,2024-07-01,29.899,29.898,-88.061,-88.085,29.8985,-88.073,18.2,3.7,13.0,30.0,10.7,,,,,,,16.0,31.0,,30.7,25.57,23.61,22.86,34.92,35.56,0.98,0.619,0.55,6.8,5.4,4.3,79.4191,93.8676,88.489,,,,,,,,,,,,,,,,,,,,,,,,,,,,,,,,,,,,,,,,,,,,,,,,,,,,,,,,,,,,,,,,,,,,,,,,,,,,,,,,,,,,,,,,,,,,,,,,,,,,,,,,,,,,,,,,,,,,,,,,,,,,,,,,,,,,,,,,,,,,,,,,,,,,,,,,,,,,,,,,,,,,,,,,,,,,,
377,236110,1147,2024-07-01,29.949,29.961,-88.197,-88.219,29.955,-88.208,17.8,2.3,134.0,30.0,9.6,,,,,,15.0,15.5,30.0,,30.96,27.94,23.46,22.72,35.9,35.7,0.817,0.405,0.746,6.8,5.2,3.9,77.3106,93.337,68.5031,,,,,,,,,,,,,,,,,,,,,,,,,,,,,,,,,,,,,,,,,,,,,,,,,,,,,,,,,,,,,,,,,,,,,,,,,,,,,,,,,,,,,,,,,,,,,,,,,,,,,,,,,,,,,,,,,,,,,,,,,,,,,,,,,,,,,,,,,,,,,,,,,,,,,,,,,,,,,,,,,,,,,,,,,,,,,
378,236111,1147,2024-07-01,30.095,30.11,-88.394,-88.415,30.1025,-88.4045,10.0,6.5,224.0,30.0,3.0,,,,25.0,,16.0,8.5,16.0,,29.79,28.43,26.46,26.78,34.55,35.24,1.406,0.479,0.667,5.9,5.9,5.1,76.933,91.6197,90.3696,,,,,,,,,,,,,,,,,,,,,,,,,,,,,,,,,,,,,,,,,,,,,,,,,,,,,,,,,,,,,,,,,,,,,,,,,,,,,,,,,,,,,,,,,,,,,,,,,,,,,,,,,,,,,,,,,,,,,,,,,,,,,,,,,,,,,,,,,,,,,,,,,,,,,,,,,,,,,,,,,,,,,,,,,,,,,
379,236112,1147,2024-07-02,30.092,30.095,-88.614,-88.639,30.0935,-88.6265,9.6,10.0,238.0,30.0,22.9,,,,25.0,,15.0,8.0,15.0,,31.29,27.83,25.03,20.92,32.57,34.99,3.219,1.365,0.528,9.5,4.5,4.5,48.7667,87.1363,86.903,,,,,,,,,,,,,,,,,,,,,,,,,,,,,,,,,,,,,,,,,,,,,,,,,,,,,,,,,,,,,,,,,,,,,,,,,,,,,,,,,,,,,,,,,,,,,,,,,,,,,,,,,,,,,,,,,,,,,,,,,,,,,,,,,,,,,,,,,,,,,,,,,,,,,,,,,,,,,,,,,,,,,,,,,,,,,
380,236113,1147,2024-07-08,29.701,29.68,-87.67,-87.663,29.6905,-87.6665,21.5,6.1,187.0,30.0,41.9,,,,,,,20.5,39.0,,31.31,27.68,24.32,28.51,35.85,35.64,0.173,0.732,0.54,6.4,5.8,5.2,93.4571,91.8059,93.6144,,,,,,,,,,,,,,,,,,,,,,,,,,,,,,,,,,,,,,,,,,,,,,,,,,,,,,,,,,,,,,,,,,,,,,,,,,,,,,,,,,,,,,,,,,,,,,,,,,,,,,,,,,,,,,,,,,,,,,,,,,,,,,,,,,,,,,,,,,,,,,,,,,,,,,,,,,,,,,,,,,,,,,,,,,,,,
381,236114,1147,2024-07-09,27.502,27.481,-84.071,-84.074,27.4915,-84.0725,38.6,9.1,207.0,30.0,21.5,,,,,,,35.0,68.0,,30.82,25.87,22.24,36.55,36.47,36.43,0.007,,0.683,6.1,7.2,6.7,96.278,96.0699,90.3311,,,,,,,,,,,,,,,,,,,,,,,,,,,,,,,,,,,,,,,,,,,,,,,,,,,,,,,,,,,,,,,,,,,,,,,,,,,,,,,,,,,,,,,,,,,,,,,,,,,,,,,,,,,,,,,,,,,,,,,,,,,,,,,,,,,,,,,,,,,,,,,,,,,,,,,,,,,,,,,,,,,,,,,,,,,,,
382,236115,1147,2024-07-09,27.393,27.372,-84.295,-84.292,27.3825,-84.2935,53.2,9.0,196.0,30.0,40.7,,,,,,,48.5,96.0,,30.57,23.32,19.22,36.58,36.41,36.49,0.015,0.087,0.627,6.1,7.1,5.1,95.7965,95.8024,93.3851,,,,,,,,,,,,,,,,,,,,,,,,,,,,,,,,,,,,,,,,,,,,,,,,,,,,,,,,,,,,,,,,,,,,,,,,,,,,,,,,,,,,,,,,,,,,,,,,,,,,,,,,,,,,,,,,,,,,,,,,,,,,,,,,,,,,,,,,,,,,,,,,,,,,,,,,,,,,,,,,,,,,,,,,,,,,,
383,236116,1147,2024-07-09,27.359,27.366,-84.165,-84.141,27.3625,-84.153,44.9,8.3,215.0,30.0,15.4,,,,,,,41.5,81.0,,30.45,23.82,20.04,36.63,36.43,36.49,0.007,0.074,0.718,6.1,7.0,5.3,96.4162,96.1504,94.8539,,,,,,,,,,,,,,,,,,,,,,,,,,,,,,,,,,,,,,,,,,,,,,,,,,,,,,,,,,,,,,,,,,,,,,,,,,,,,,,,,,,,,,,,,,,,,,,,,,,,,,,,,,,,,,,,,,,,,,,,,,,,,,,,,,,,,,,,,,,,,,,,,,,,,,,,,,,,,,,,,,,,,,,,,,,,,
384,236117,1147,2024-07-09,27.464,27.445,-83.921,-83.905,27.4545,-83.913,33.1,2.5,264.0,30.0,18.7,,,,,,,30.0,58.0,,30.51,26.41,22.96,36.57,36.47,36.42,,0.025,0.619,6.1,7.1,6.8,96.4315,96.3083,92.3292,,,,,,,,,,,,,,,,,,,,,,,,,,,,,,,,,,,,,,,,,,,,,,,,,,,,,,,,,,,,,,,,,,,,,,,,,,,,,,,,,,,,,,,,,,,,,,,,,,,,,,,,,,,,,,,,,,,,,,,,,,,,,,,,,,,,,,,,,,,,,,,,,,,,,,,,,,,,,,,,,,,,,,,,,,,,,
385,236118,1147,2024-07-09,27.4,27.39,-83.576,-83.598,27.395,-83.587,26.1,4.0,231.0,30.0,,,,,75.0,,,23.5,45.0,,30.61,29.31,26.33,36.47,36.47,36.47,,,0.335,6.2,6.3,6.9,96.1077,96.0184,92.9601,,,,,,,,,,,,,,,,,,,,,,,,,,,,,,,,,,,,,,,,,,,,,,,,,,,,,,,,,,,,,,,,,,,,,,,,,,,,,,,,,,,,,,,,,,,,,,,,,,,,,,,,,,,,,,,,,,,,,,,,,,,,,,,,,,,,,,,,,,,,,,,,,,,,,,,,,,,,,,,,,,,,,,,,,,,,,
386,236119,1147,2024-07-09,27.325,27.323,-83.72,-83.696,27.324,-83.708,28.6,2.4,242.0,30.0,18.2,,,,75.0,,,26.0,51.0,,30.74,28.65,24.55,36.57,36.53,36.44,,,0.877,6.2,6.4,7.0,96.0964,96.0373,91.8243,,,,,,,,,,,,,,,,,,,,,,,,,,,,,,,,,,,,,,,,,,,,,,,,,,,,,,,,,,,,,,,,,,,,,,,,,,,,,,,,,,,,,,,,,,,,,,,,,,,,,,,,,,,,,,,,,,,,,,,,,,,,,,,,,,,,,,,,,,,,,,,,,,,,,,,,,,,,,,,,,,,,,,,,,,,,,
387,236120,1147,2024-07-09,27.299,27.3,-83.617,-83.643,27.2995,-83.63,28.0,2.6,161.0,30.0,,,,,75.0,,,25.5,49.0,,30.68,29.02,25.03,36.63,36.53,36.44,0.014,0.011,0.534,6.1,6.3,7.2,95.9333,96.13,92.5028,,,,,,,,,,,,,,,,,,,,,,,,,,,,,,,,,,,,,,,,,,,,,,,,,,,,,,,,,,,,,,,,,,,,,,,,,,,,,,,,,,,,,,,,,,,,,,,,,,,,,,,,,,,,,,,,,,,,,,,,,,,,,,,,,,,,,,,,,,,,,,,,,,,,,,,,,,,,,,,,,,,,,,,,,,,,,
388,236121,1147,2024-07-10,27.183,27.201,-83.599,-83.614,27.192,-83.6065,29.0,2.9,220.0,30.0,123.3,,,,75.0,,,25.5,50.0,,30.87,29.13,24.93,36.58,36.49,36.45,0.006,0.029,0.436,6.1,6.3,7.2,95.9366,96.0485,92.8947,,,,,,,,,,,,,,,,,,,,,,,,,,,,,,,,,,,,,,,,,,,,,,,,,,,,,,,,,,,,,,,,,,,,,,,,,,,,,,,,,,,,,,,,,,,,,,,,,,,,,,,,,,,,,,,,,,,,,,,,,,,,,,,,,,,,,,,,,,,,,,,,,,,,,,,,,,,,,,,,,,,,,,,,,,,,,
389,236122,1147,2024-07-10,27.13,27.108,-83.874,-83.879,27.119,-83.8765,37.6,3.2,92.0,30.0,26.8,,,,,,,33.0,65.0,,30.82,28.62,21.86,36.68,36.56,36.45,0.043,0.018,0.866,6.2,6.5,6.7,95.9607,96.3954,92.154,,,,,,,,,,,,,,,,,,,,,,,,,,,,,,,,,,,,,,,,,,,,,,,,,,,,,,,,,,,,,,,,,,,,,,,,,,,,,,,,,,,,,,,,,,,,,,,,,,,,,,,,,,,,,,,,,,,,,,,,,,,,,,,,,,,,,,,,,,,,,,,,,,,,,,,,,,,,,,,,,,,,,,,,,,,,,
390,236123,1147,2024-07-10,26.962,26.95,-83.892,-83.913,26.956,-83.9025,42.0,3.3,143.0,30.0,41.5,,,,,,,36.5,72.0,,30.44,25.75,20.79,36.59,36.37,36.49,0.042,0.03,1.157,6.1,7.1,6.0,96.1952,95.9648,93.3493,,,,,,,,,,,,,,,,,,,,,,,,,,,,,,,,,,,,,,,,,,,,,,,,,,,,,,,,,,,,,,,,,,,,,,,,,,,,,,,,,,,,,,,,,,,,,,,,,,,,,,,,,,,,,,,,,,,,,,,,,,,,,,,,,,,,,,,,,,,,,,,,,,,,,,,,,,,,,,,,,,,,,,,,,,,,,
391,236124,1147,2024-07-10,26.916,26.894,-83.618,-83.622,26.905,-83.62,32.8,2.8,201.0,30.0,34.5,,,,,,,29.5,57.0,,30.85,28.75,23.57,36.56,36.49,36.42,,,0.321,6.0,6.4,7.0,96.4897,96.6545,94.6383,,,,,,,,,,,,,,,,,,,,,,,,,,,,,,,,,,,,,,,,,,,,,,,,,,,,,,,,,,,,,,,,,,,,,,,,,,,,,,,,,,,,,,,,,,,,,,,,,,,,,,,,,,,,,,,,,,,,,,,,,,,,,,,,,,,,,,,,,,,,,,,,,,,,,,,,,,,,,,,,,,,,,,,,,,,,,
392,236125,1147,2024-07-10,26.842,26.857,-83.803,-83.786,26.8495,-83.7945,39.5,3.2,207.0,30.0,22.5,,,,,,,37.5,73.0,,30.66,25.67,20.79,36.57,36.48,36.51,0.014,0.027,0.841,6.1,7.0,6.0,96.4589,96.3707,93.8266,,,,,,,,,,,,,,,,,,,,,,,,,,,,,,,,,,,,,,,,,,,,,,,,,,,,,,,,,,,,,,,,,,,,,,,,,,,,,,,,,,,,,,,,,,,,,,,,,,,,,,,,,,,,,,,,,,,,,,,,,,,,,,,,,,,,,,,,,,,,,,,,,,,,,,,,,,,,,,,,,,,,,,,,,,,,,
393,236126,1147,2024-07-10,26.738,26.744,-83.869,-83.845,26.741,-83.857,45.7,2.7,248.0,30.0,36.9,,,,,,,42.5,83.0,,30.74,25.6,20.17,36.66,36.39,36.5,0.007,0.048,0.694,6.1,7.0,5.6,96.192,96.2807,95.3653,,,,,,,,,,,,,,,,,,,,,,,,,,,,,,,,,,,,,,,,,,,,,,,,,,,,,,,,,,,,,,,,,,,,,,,,,,,,,,,,,,,,,,,,,,,,,,,,,,,,,,,,,,,,,,,,,,,,,,,,,,,,,,,,,,,,,,,,,,,,,,,,,,,,,,,,,,,,,,,,,,,,,,,,,,,,,
394,236127,1147,2024-07-10,26.825,26.816,-83.581,-83.557,26.8205,-83.569,32.8,5.7,302.0,30.0,19.8,,,,75.0,,,30.0,59.0,,31.29,28.31,23.68,36.59,36.45,36.43,,,0.363,6.1,6.5,7.0,96.2628,96.3471,94.5835,,,,,,,,,,,,,,,,,,,,,,,,,,,,,,,,,,,,,,,,,,,,,,,,,,,,,,,,,,,,,,,,,,,,,,,,,,,,,,,,,,,,,,,,,,,,,,,,,,,,,,,,,,,,,,,,,,,,,,,,,,,,,,,,,,,,,,,,,,,,,,,,,,,,,,,,,,,,,,,,,,,,,,,,,,,,,
395,236128,1147,2024-07-10,26.662,26.64,-83.455,-83.448,26.651,-83.4515,31.4,1.9,314.0,30.0,165.9,,,,75.0,,,28.0,55.0,,31.2,28.16,24.13,36.59,36.5,36.44,,0.02,0.646,6.1,6.5,6.8,96.0875,96.3248,94.1514,,,,,,,,,,,,,,,,,,,,,,,,,,,,,,,,,,,,,,,,,,,,,,,,,,,,,,,,,,,,,,,,,,,,,,,,,,,,,,,,,,,,,,,,,,,,,,,,,,,,,,,,,,,,,,,,,,,,,,,,,,,,,,,,,,,,,,,,,,,,,,,,,,,,,,,,,,,,,,,,,,,,,,,,,,,,,
396,236129,1148,2024-10-15,30.054,30.033,-88.467,-88.475,30.0435,-88.471,11.4,10.5,25.0,30.0,70.4,,,,,,,,,,,,,,,,,,,,,,,,,,,,,,,,,,,,,,,,,,,,,,,,,,,,,,,,,,,,,,,,,,,,,,,,,,,,,,,,,,,,,,,,,,,,,,,,,,,,,,,,,,,,,,,,,,,,,,,,,,,,,,,,,,,,,,,,,,,,,,,,,,,,,,,,,,,,,,,,,,,,,,,,,,,,,,,,,,,,,,,,,,,,,,,,,,,,,
397,236130,1148,2024-10-15,29.861,29.879,-88.183,-88.199,29.87,-88.191,18.4,4.2,148.0,30.0,243.2,,,,,,,,,,,,,,,,,,,,,,,,,,,,,,,,,,,,,,,,,,,,,,,,,,,,,,,,,,,,,,,,,,,,,,,,,,,,,,,,,,,,,,,,,,,,,,,,,,,,,,,,,,,,,,,,,,,,,,,,,,,,,,,,,,,,,,,,,,,,,,,,,,,,,,,,,,,,,,,,,,,,,,,,,,,,,,,,,,,,,,,,,,,,,,,,,,,,,
398,236131,1148,2024-10-22,29.825,29.831,-88.708,-88.685,29.828,-88.6965,9.6,4.3,84.0,30.0,75.1,,,,,,,9.0,16.0,,24.75,24.76,24.76,34.26,34.26,34.26,0.736,0.69,0.735,6.2,6.2,6.2,58.8826,60.6611,60.849,,,,,,,,,,,,,,,,,,,,,,,,,,,,,,,,,,,,,,,,,,,,,,,,,,,,,,,,,,,,,,,,,,,,,,,,,,,,,,,,,,,,,,,,,,,,,,,,,,,,,,,,,,,,,,,,,,,,,,,,,,,,,,,,,,,,,,,,,,,,,,,,,,,,,,,,,,,,,,,,,,,,,,,,,,,,,
399,236132,1148,2024-10-22,29.451,29.458,-88.944,-88.918,29.4545,-88.931,7.7,11.4,67.0,30.0,125.4,,,,,,,7.5,13.0,,25.37,25.38,25.38,35.27,35.27,35.27,1.781,1.696,1.618,6.1,6.2,6.2,66.6769,66.0322,66.647,,,,,,,,,,,,,,,,,,,,,,,,,,,,,,,,,,,,,,,,,,,,,,,,,,,,,,,,,,,,,,,,,,,,,,,,,,,,,,,,,,,,,,,,,,,,,,,,,,,,,,,,,,,,,,,,,,,,,,,,,,,,,,,,,,,,,,,,,,,,,,,,,,,,,,,,,,,,,,,,,,,,,,,,,,,,,
400,236133,1148,2024-10-22,29.213,29.212,-88.924,-88.924,29.2125,-88.924,,13.8,90.0,,,,,,,,,19.0,36.0,,25.55,25.57,25.56,12.13,35.43,35.44,1.76,1.587,1.761,5.8,4.5,6.1,81.0221,78.7455,68.7102,524.1194355900642,0.00505400076508522,0.00510600209236145,0.00548199936747551,0.005470000207424164,0.005433999001979828,0.005966000258922577,0.006292000412940979,0.006597999483346939,0.006718002259731293,0.006842002272605896,0.006967999041080475,0.007093999534845352,0.007570002228021622,0.007686000317335129,0.007552001625299454,0.007881999015808105,0.008296001702547073,0.008551999926567078,0.008650001138448715,0.008827999234199524,0.00943399965763092,0.009741999208927155,0.00958000123500824,0.009400002658367157,0.00944400206208229,0.009616002440452576,0.009768001735210419,0.009849999099969864,0.009908001869916916,0.010026000440120697,0.010124001652002335,0.010292001068592072,0.010500002652406693,0.010618001222610474,0.010850001126527786,0.011057998985052109,0.011137999594211578,0.011288002133369446,0.011507999151945114,0.011744000017642975,0.01201000064611435,0.012358002364635468,0.012639999389648438,0.01285400241613388,0.013087999075651169,0.013321999460458755,0.013599999248981476,0.013714000582695007,0.013800002634525299,0.013934001326560974,0.01415799930691719,0.01435999944806099,0.014531999826431274,0.014768000692129135,0.015043999999761581,0.015194002538919449,0.015348002314567566,0.015580002218484879,0.015688002109527588,0.01576000079512596,0.015904001891613007,0.015994001179933548,0.016092002391815186,0.01614600047469139,0.01619800180196762,0.016235999763011932,0.01623000204563141,0.016168002039194107,0.01615000143647194,0.01630600169301033,0.016486000269651413,0.016543999314308167,0.016620002686977386,0.016731999814510345,0.01685599982738495,0.01686600223183632,0.016853999346494675,0.01683400198817253,0.016802001744508743,0.01678600162267685,0.01676199957728386,0.016672000288963318,0.016582001000642776,0.016520000994205475,0.016566000878810883,0.016662001609802246,0.016683999449014664,0.016648001968860626,0.01655999943614006,0.016387999057769775,0.016143999993801117,0.015822000801563263,0.015443999320268631,0.015038002282381058,0.014534000307321548,0.013911999762058258,0.013118002563714981,0.01206200197339058,0.007091999053955078,0.006994001567363739,0.006953999400138855,0.006875999271869659,0.0067660026252269745,0.006634000688791275,0.006505999714136124,0.006436001509428024,0.0063880011439323425,0.006322000175714493,0.006270002573728561,0.0061980001628398895,0.006160002201795578,0.006108000874519348,0.006058000028133392,0.005963999778032303,0.005862001329660416,0.005768001079559326,0.005672000348567963,0.005600001662969589,0.0055520012974739075,0.005483999848365784,0.00539800152182579,0.0053259991109371185,0.005217999219894409,0.005124002695083618,0.0050420016050338745,0.004950001835823059,0.004882000386714935,0.00481400266289711,0.00476200133562088,0.0047200024127960205,0.004684001207351685,0.004645999521017075,0.004628002643585205,0.004602000117301941,0.004594001919031143,0.004578001797199249,0.004551999270915985,0.0045500025153160095,0.0045280009508132935,0.004521999508142471,0.004516001790761948,0.0044919997453689575,0.004472002387046814,0.004448000341653824,0.00440400093793869,0.0043400004506111145,0.004259999841451645,0.0041700005531311035,0.004106000065803528,0.004052001982927322,0.003986001014709473,0.0038820020854473114,0.0037440024316310883,0.0036260001361370087,0.003543999046087265,0.003466002643108368,0.003394000232219696,0.003294002264738083,0.003192000091075897,0.0031099990010261536,0.0030300021171569824,0.0029579997062683105,0.002884000539779663,0.002800002694129944,0.002723999321460724,0.0026459991931915283,0.002539999783039093,0.0024360008537769318,0.0023100003600120544,0.0021339990198612213,0.0017140023410320282,0.0014059990644454956
401,236134,1148,2024-10-22,29.213,29.201,-88.908,-88.887,29.207,-88.8975,24.3,6.0,74.0,30.0,72.1,,,,,,,20.0,39.0,,25.55,25.57,25.61,35.48,35.48,35.49,1.737,1.614,1.59,6.1,6.1,6.2,79.942,79.8651,74.3163,,,,,,,,,,,,,,,,,,,,,,,,,,,,,,,,,,,,,,,,,,,,,,,,,,,,,,,,,,,,,,,,,,,,,,,,,,,,,,,,,,,,,,,,,,,,,,,,,,,,,,,,,,,,,,,,,,,,,,,,,,,,,,,,,,,,,,,,,,,,,,,,,,,,,,,,,,,,,,,,,,,,,,,,,,,,,
402,236135,1148,2024-10-22,29.117,29.126,-88.904,-88.88,29.1215,-88.892,34.4,7.7,71.0,30.0,23.7,,,,,,,29.5,58.0,,25.75,25.94,26.52,35.53,35.62,36.23,1.767,1.586,1.542,6.2,6.1,5.8,80.6359,82.322,76.7314,,,,,,,,,,,,,,,,,,,,,,,,,,,,,,,,,,,,,,,,,,,,,,,,,,,,,,,,,,,,,,,,,,,,,,,,,,,,,,,,,,,,,,,,,,,,,,,,,,,,,,,,,,,,,,,,,,,,,,,,,,,,,,,,,,,,,,,,,,,,,,,,,,,,,,,,,,,,,,,,,,,,,,,,,,,,,
403,236136,1148,2024-10-22,28.962,28.956,-89.181,-89.157,28.959,-89.169,8.4,9.5,17.0,30.0,143.1,,,,25.0,,15.0,8.5,15.0,,23.84,25.91,26.71,30.02,34.5,35.42,2.067,0.472,0.377,6.1,5.0,4.9,11.8173,18.1656,7.4585,567.1587653815848,0.0022460008040070534,0.0022710012272000313,0.0022912509739398956,0.0022370009683072567,0.0022307508625090122,0.0024830009788274765,0.0027477508410811424,0.0029225009493529797,0.0029822508804500103,0.0029372507706284523,0.002875000238418579,0.003043750301003456,0.003347500693053007,0.00321525102481246,0.003070501144975424,0.003298751078546047,0.00351500092074275,0.0036335010081529617,0.0036302506923675537,0.003706750925630331,0.004151250701397657,0.004413250833749771,0.004288750234991312,0.0041510011069476604,0.004182750824838877,0.004209000617265701,0.004242001101374626,0.004324250854551792,0.004405501298606396,0.00449725054204464,0.004567750729620457,0.004657250363379717,0.004756501410156488,0.00488125067204237,0.005103501491248608,0.005270750727504492,0.005328751169145107,0.005433001089841127,0.005575750954449177,0.0057165008038282394,0.005896000657230616,0.006163251120597124,0.006403251085430384,0.006564001087099314,0.00674075074493885,0.006919250823557377,0.00709550129249692,0.007218501530587673,0.007334501016885042,0.007434250321239233,0.007592751178890467,0.007808250840753317,0.00801750086247921,0.008218500763177872,0.008420750498771667,0.008571751415729523,0.008738750591874123,0.008901000954210758,0.009017501026391983,0.009164251387119293,0.009341751225292683,0.009510500356554985,0.00972750037908554,0.009941251948475838,0.010167500004172325,0.01042450126260519,0.01072775013744831,0.011015500873327255,0.011330750770866871,0.011642750352621078,0.011937501840293407,0.01218624971807003,0.012462500482797623,0.012723001651465893,0.01297375001013279,0.013190751895308495,0.013432001695036888,0.01364000141620636,0.013834500685334206,0.014046501368284225,0.014265749603509903,0.014470500871539116,0.014691000804305077,0.014916250482201576,0.015143499709665775,0.015373749658465385,0.015601751394569874,0.015811750665307045,0.015939000993967056,0.015974251553416252,0.01598775014281273,0.016002250835299492,0.015981001779437065,0.015981251373887062,0.015960000455379486,0.01582850143313408,0.015522001311182976,0.01485375128686428,0.012120502069592476,0.01202700100839138,0.011930250562727451,0.011846750974655151,0.011754999868571758,0.011629750952124596,0.011501500383019447,0.011431001126766205,0.01144850067794323,0.011465751565992832,0.01149825006723404,0.011519251391291618,0.011541500687599182,0.011529751121997833,0.011482750996947289,0.011383500881493092,0.011236751452088356,0.011090502142906189,0.010980000719428062,0.010920250788331032,0.010900750756263733,0.010845000855624676,0.01074950024485588,0.010587500408291817,0.01042650081217289,0.01022225059568882,0.01004050113260746,0.009870500303804874,0.009722000919282436,0.00955125130712986,0.009378750808537006,0.009216750040650368,0.009078001603484154,0.008945751935243607,0.008837750181555748,0.0087482500821352,0.008681001141667366,0.008639500476419926,0.008613250218331814,0.00860700011253357,0.008616000413894653,0.008647751063108444,0.008687250316143036,0.008743001148104668,0.00881150085479021,0.008886000141501427,0.008960000239312649,0.008999500423669815,0.009009001776576042,0.009023251943290234,0.009071750566363335,0.009128250181674957,0.009121499955654144,0.009011751040816307,0.008846001699566841,0.008742250502109528,0.008714500814676285,0.008707250468432903,0.008649250492453575,0.008489001542329788,0.008306000381708145,0.008147000335156918,0.008027501404285431,0.007921751588582993,0.007790000643581152,0.007628750987350941,0.007441251073032618,0.007235001306980848,0.007000000681728125,0.006732250563800335,0.006412000395357609,0.0059580011293292046,0.004692000336945057,0.0037182504311203957
404,236137,1148,2024-10-23,28.578,28.575,-90.026,-90.002,28.5765,-90.014,43.0,14.6,155.0,30.0,27.2,,,,,,,39.5,76.0,,26.06,26.69,24.32,34.76,35.75,36.34,1.096,0.23,2.023,6.2,5.8,4.9,81.4867,90.5436,,,,,,,,,,,,,,,,,,,,,,,,,,,,,,,,,,,,,,,,,,,,,,,,,,,,,,,,,,,,,,,,,,,,,,,,,,,,,,,,,,,,,,,,,,,,,,,,,,,,,,,,,,,,,,,,,,,,,,,,,,,,,,,,,,,,,,,,,,,,,,,,,,,,,,,,,,,,,,,,,,,,,,,,,,,,,,
405,236138,1148,2024-10-23,28.402,28.399,-90.113,-90.088,28.4005,-90.1005,39.3,14.0,177.0,31.0,,,,,,,,37.0,72.0,,26.24,26.62,23.29,35.53,36.06,36.55,0.774,0.233,0.167,6.2,6.1,4.7,88.4581,97.717,60.0799,,,,,,,,,,,,,,,,,,,,,,,,,,,,,,,,,,,,,,,,,,,,,,,,,,,,,,,,,,,,,,,,,,,,,,,,,,,,,,,,,,,,,,,,,,,,,,,,,,,,,,,,,,,,,,,,,,,,,,,,,,,,,,,,,,,,,,,,,,,,,,,,,,,,,,,,,,,,,,,,,,,,,,,,,,,,,
406,236139,1148,2024-10-23,28.371,28.381,-90.258,-90.235,28.376,-90.2465,33.6,13.2,192.0,30.0,30.3,,,,,,,31.5,61.0,,26.16,26.55,26.85,35.11,35.39,35.52,1.44,1.391,1.401,6.2,6.0,5.8,90.4065,90.7111,66.0235,,,,,,,,,,,,,,,,,,,,,,,,,,,,,,,,,,,,,,,,,,,,,,,,,,,,,,,,,,,,,,,,,,,,,,,,,,,,,,,,,,,,,,,,,,,,,,,,,,,,,,,,,,,,,,,,,,,,,,,,,,,,,,,,,,,,,,,,,,,,,,,,,,,,,,,,,,,,,,,,,,,,,,,,,,,,,
407,236140,1148,2024-10-23,28.203,28.181,-90.644,-90.641,28.192,-90.6425,46.0,3.9,188.0,30.0,26.1,,,,,,,39.5,77.0,,26.79,26.8,24.72,35.65,35.75,36.51,1.425,1.388,1.347,5.9,5.8,5.0,82.0036,81.9179,71.2527,,,,,,,,,,,,,,,,,,,,,,,,,,,,,,,,,,,,,,,,,,,,,,,,,,,,,,,,,,,,,,,,,,,,,,,,,,,,,,,,,,,,,,,,,,,,,,,,,,,,,,,,,,,,,,,,,,,,,,,,,,,,,,,,,,,,,,,,,,,,,,,,,,,,,,,,,,,,,,,,,,,,,,,,,,,,,
408,236141,1148,2024-10-23,28.261,28.261,-90.941,-90.931,28.261,-90.936,38.4,13.8,150.0,30.0,,,,,,,,35.0,68.0,,26.7,27.25,26.88,34.77,35.42,36.01,1.404,1.37,1.362,6.0,5.7,5.9,94.9722,82.583,92.7951,,,,,,,,,,,,,,,,,,,,,,,,,,,,,,,,,,,,,,,,,,,,,,,,,,,,,,,,,,,,,,,,,,,,,,,,,,,,,,,,,,,,,,,,,,,,,,,,,,,,,,,,,,,,,,,,,,,,,,,,,,,,,,,,,,,,,,,,,,,,,,,,,,,,,,,,,,,,,,,,,,,,,,,,,,,,,
409,236142,1148,2024-10-23,28.144,28.139,-91.103,-91.079,28.1415,-91.091,55.4,11.3,180.0,30.0,50.7,,,,50.0,,6.0,50.0,97.0,,27.38,27.54,20.08,36.1,36.32,36.51,0.19,0.468,0.074,6.0,6.0,3.8,97.5534,97.767,11.6534,,,,,,,,,,,,,,,,,,,,,,,,,,,,,,,,,,,,,,,,,,,,,,,,,,,,,,,,,,,,,,,,,,,,,,,,,,,,,,,,,,,,,,,,,,,,,,,,,,,,,,,,,,,,,,,,,,,,,,,,,,,,,,,,,,,,,,,,,,,,,,,,,,,,,,,,,,,,,,,,,,,,,,,,,,,,,
410,236143,1148,2024-10-23,28.315,28.294,-91.692,-91.699,28.3045,-91.6955,36.5,3.3,148.0,30.0,17.3,,,,50.0,,2.0,34.5,67.0,,26.82,26.89,25.26,35.03,35.37,36.48,0.439,0.395,0.245,6.2,6.0,4.4,88.3047,90.1135,63.5541,,,,,,,,,,,,,,,,,,,,,,,,,,,,,,,,,,,,,,,,,,,,,,,,,,,,,,,,,,,,,,,,,,,,,,,,,,,,,,,,,,,,,,,,,,,,,,,,,,,,,,,,,,,,,,,,,,,,,,,,,,,,,,,,,,,,,,,,,,,,,,,,,,,,,,,,,,,,,,,,,,,,,,,,,,,,,
411,236144,1148,2024-10-24,28.154,28.169,-91.979,-91.999,28.1615,-91.989,45.1,7.5,152.0,30.0,14.5,,,,,,,44.0,85.0,,27.25,27.49,23.46,36.07,36.37,36.54,0.114,0.097,0.911,6.1,6.0,4.1,97.9342,98.5674,57.7966,477.70716103587927,0.008356667123734951,0.008672666735947132,0.008716002106666565,0.008577334694564342,0.008566000498831272,0.00880999956279993,0.008943334221839905,0.008846667595207691,0.00887800008058548,0.008718668483197689,0.008518666960299015,0.008717999793589115,0.008734666742384434,0.008418001234531403,0.008316666819155216,0.008317333646118641,0.008329334668815136,0.008431334048509598,0.008392666466534138,0.008381334133446217,0.008522667922079563,0.008590668439865112,0.008298669010400772,0.007992667146027088,0.007842667400836945,0.007702000439167023,0.007606667932122946,0.007545334752649069,0.007468668278306723,0.007403334137052298,0.007338667754083872,0.007259333971887827,0.007152667734771967,0.007157334592193365,0.007209334522485733,0.00711800018325448,0.006993334740400314,0.006881333887577057,0.0067800008691847324,0.006742667406797409,0.006703334394842386,0.0066486685536801815,0.006586667150259018,0.006529334932565689,0.006539333611726761,0.006544001400470734,0.006545333657413721,0.006568001117557287,0.00656200060620904,0.0065126679837703705,0.006482666824012995,0.006425334606319666,0.006346000824123621,0.006267333868891001,0.0062613338232040405,0.006250668317079544,0.006218668073415756,0.006164668593555689,0.006014000624418259,0.005888668354600668,0.005748001392930746,0.0055720009841024876,0.005397334694862366,0.005231333430856466,0.0050780014134943485,0.004822667688131332,0.0045026675797998905,0.004225334618240595,0.0040520005859434605,0.003978001419454813,0.003920000046491623,0.0038873341400176287,0.0038246673066169024,0.00375400111079216,0.003692666767165065,0.0035913337487727404,0.003524667350575328,0.0034406681079417467,0.0033360011875629425,0.003258001059293747,0.0031740006525069475,0.003056667745113373,0.00293133407831192,0.0028440009336918592,0.0027640003245323896,0.002688000677153468,0.0026366673409938812,0.0025966677349060774,0.0025313335936516523,0.0024426679592579603,0.0023060019593685865,0.002156666247174144,0.0020393331069499254,0.0019106665858998895,0.0017966678133234382,0.001676667481660843,0.0015726672718301415,0.0014813343295827508,0.0006893339450471103,0.0006793339853174984,0.0006733338232152164,0.000636667013168335,0.0006293344195000827,0.0006220017676241696,0.0006000014836899936,0.0006066672503948212,0.000583334534894675,0.0005533334915526211,0.0005700004403479397,0.000565333932172507,0.0005593349342234433,0.0005526666645891964,0.0005533334915526211,0.0005686680669896305,0.0005753350560553372,0.000581334054004401,0.0005960005219094455,0.0005786679685115814,0.0005746670067310333,0.0005660019814968109,0.0005486682057380676,0.0005333336885087192,0.0005233337287791073,0.0005093353684060276,0.0004953344468958676,0.0004893342847935855,0.00047066807746887207,0.0004580008389893919,0.00044533362961374223,0.0004426675441209227,0.0004406683146953583,0.00043800100684165955,0.0004406683146953583,0.00043733417987823486,0.0004340012965258211,0.00043933340930379927,0.0004386665823403746,0.0004366673529148102,0.00044066706323064864,0.0004426675441209227,0.00044333437108434737,0.00044200196862220764,0.0004426663217600435,0.0004353336989879608,0.0004479996860027313,0.0004533343017101288,0.00043733417987823486,0.0004766670463141054,0.0004626686277333647,0.00046800076961517334,0.0004713336529675871,0.0004246669413987547,0.00042266896343789995,0.00040266787982545793,0.00038000071072019637,0.000366666674381122,0.00035000094794668257,0.00033999979496002197,0.0003300011157989502,0.0003226684930268675,0.00030466789030469954,0.0002833344042301178,0.0002826675772666931,0.000273335725069046,0.0002686666848603636,0.00026600187993608415,0.00025400021695531905,0.00024333347391802818,0.00023800134658813477,0.0002359996287850663,0.0002073347568511963,0.00019600118685048074
412,236145,1148,2024-10-24,28.232,28.23,-92.205,-92.231,28.231,-92.218,37.7,2.5,162.0,30.0,45.4,,,,,,,35.5,69.0,,27.54,27.56,26.86,36.36,36.36,36.41,0.125,0.108,0.969,6.0,6.1,5.5,98.1459,98.1684,82.7581,480.69101191650236,0.011520002037286758,0.012003999203443527,0.012414000928401947,0.012338001281023026,0.011932000517845154,0.01211399957537651,0.012126002460718155,0.012014001607894897,0.011920001357793808,0.011541999876499176,0.011309999972581863,0.011509999632835388,0.011476002633571625,0.011048000305891037,0.010951999574899673,0.011140000075101852,0.011006001383066177,0.010779999196529388,0.010648000985383987,0.010756000876426697,0.011032000184059143,0.010878000408411026,0.01045599952340126,0.01023000106215477,0.010046001523733139,0.009849999099969864,0.009740002453327179,0.009548000991344452,0.00945800170302391,0.009470000863075256,0.009371999651193619,0.009314000606536865,0.009204000234603882,0.00910000130534172,0.009261999279260635,0.00916600227355957,0.008937999606132507,0.00885000079870224,0.008820001035928726,0.008795998990535736,0.008726000785827637,0.00870399922132492,0.008714001625776291,0.008718002587556839,0.008740000426769257,0.008744001388549805,0.008795998990535736,0.008792001754045486,0.008790001273155212,0.00874200090765953,0.008668001741170883,0.008692000061273575,0.008666001260280609,0.008602000772953033,0.008656002581119537,0.008659999817609787,0.008618000894784927,0.0085580013692379,0.008457999676465988,0.008328001946210861,0.008174002170562744,0.007980000227689743,0.007823999971151352,0.007654000073671341,0.007387999445199966,0.0070980004966259,0.0067280009388923645,0.006378002464771271,0.006136000156402588,0.006030000746250153,0.005974002182483673,0.005910001695156097,0.005834002047777176,0.005766000598669052,0.0056859999895095825,0.0055540017783641815,0.005458001047372818,0.0053660012781620026,0.005242001265287399,0.005072001367807388,0.004922002553939819,0.004730001091957092,0.004534002393484116,0.004413999617099762,0.0043199993669986725,0.004257999360561371,0.004232000559568405,0.004122000187635422,0.003958001732826233,0.0038360022008419037,0.0036640018224716187,0.003428000956773758,0.003208000212907791,0.0030000023543834686,0.00279800221323967,0.002596002072095871,0.002381999045610428,0.0021460019052028656,0.0010339990258216858,0.001003999263048172,0.0010100007057189941,0.0010000020265579224,0.0009700022637844086,0.0009200014173984528,0.0008760020136833191,0.0008440017700195312,0.000854000449180603,0.000854000449180603,0.0008220002055168152,0.0008179992437362671,0.0008120015263557434,0.0008220002055168152,0.0008140020072460175,0.0008000023663043976,0.0007879994809627533,0.0007780008018016815,0.0007700026035308838,0.0007620006799697876,0.0007559992372989655,0.0007399991154670715,0.0007240027189254761,0.0006920024752616882,0.0006760023534297943,0.0006540007889270782,0.0006420016288757324,0.0006520003080368042,0.0006280019879341125,0.0006200000643730164,0.0006080009043216705,0.0005800016224384308,0.0005780011415481567,0.0005780011415481567,0.0005780011415481567,0.0005840025842189789,0.0005960017442703247,0.0005960017442703247,0.0006080009043216705,0.0006100013852119446,0.0006000027060508728,0.0005980022251605988,0.0005859993398189545,0.0005900003015995026,0.0005859993398189545,0.0005620010197162628,0.0005580000579357147,0.0005340017378330231,0.0005220025777816772,0.0005239993333816528,0.000512000173330307,0.000493999570608139,0.0004660002887248993,0.00045000016689300537,0.00043800100684165955,0.0004440024495124817,0.00043400004506111145,0.00041799992322921753,0.0003960020840167999,0.0003760010004043579,0.0003679990768432617,0.0003679990768432617,0.000360000878572464,0.00036200135946273804,0.0003460012376308441,0.00032800063490867615,0.0003160014748573303,0.00029399991035461426,0.00029399991035461426,0.00028600171208381653,0.0002740025520324707,0.00023600086569786072,0.00017200037837028503,0.0001560002565383911
413,236146,1148,2024-10-24,28.328,28.337,-92.28,-92.303,28.3325,-92.2915,34.2,2.5,161.0,30.0,44.9,,,,,,,32.0,63.0,,27.2,27.49,27.45,35.93,36.23,36.29,1.512,1.457,1.381,6.0,6.0,5.9,94.4955,97.4313,86.3489,480.6910122894719,0.011520002037286758,0.012003999203443527,0.012414000928401947,0.012338001281023026,0.011932000517845154,0.01211399957537651,0.012126002460718155,0.012014001607894897,0.011920001357793808,0.011541999876499176,0.011309999972581863,0.011509999632835388,0.011476002633571625,0.011048000305891037,0.010951999574899673,0.011140000075101852,0.011006001383066177,0.010779999196529388,0.010648000985383987,0.010756000876426697,0.011032000184059143,0.010878000408411026,0.01045599952340126,0.01023000106215477,0.010046001523733139,0.009849999099969864,0.009740002453327179,0.009548000991344452,0.00945800170302391,0.009470000863075256,0.009371999651193619,0.009314000606536865,0.009204000234603882,0.00910000130534172,0.009261999279260635,0.00916600227355957,0.008937999606132507,0.00885000079870224,0.008820001035928726,0.008795998990535736,0.008726000785827637,0.00870399922132492,0.008714001625776291,0.008718002587556839,0.008740000426769257,0.008744001388549805,0.008795998990535736,0.008792001754045486,0.008790001273155212,0.00874200090765953,0.008668001741170883,0.008692000061273575,0.008666001260280609,0.008602000772953033,0.008656002581119537,0.008659999817609787,0.008618000894784927,0.0085580013692379,0.008457999676465988,0.008328001946210861,0.008174002170562744,0.007980000227689743,0.007823999971151352,0.007653999608010054,0.007387998979538679,0.007098000962287188,0.0067280009388923645,0.006378002464771271,0.006136000156402588,0.006030000746250153,0.005974002182483673,0.005910001695156097,0.005834002047777176,0.005766000598669052,0.0056859999895095825,0.0055540017783641815,0.005458001047372818,0.0053660012781620026,0.005242001265287399,0.005072001367807388,0.004922002553939819,0.004730001091957092,0.004534002393484116,0.004413999617099762,0.0043199993669986725,0.004257999360561371,0.004232000559568405,0.004122000187635422,0.003958001732826233,0.0038360022008419037,0.0036640018224716187,0.003428000956773758,0.003208000212907791,0.0030000023543834686,0.00279800221323967,0.002596002072095871,0.002381999045610428,0.0021460019052028656,0.0010339990258216858,0.001003999263048172,0.0010100007057189941,0.0010000020265579224,0.0009700022637844086,0.0009200014173984528,0.0008760020136833191,0.0008440017700195312,0.000854000449180603,0.000854000449180603,0.0008220002055168152,0.0008179992437362671,0.0008120015263557434,0.0008220002055168152,0.0008140020072460175,0.0008000023663043976,0.0007879994809627533,0.0007780008018016815,0.0007700026035308838,0.0007620006799697876,0.0007559992372989655,0.0007399991154670715,0.0007240027189254761,0.0006920024752616882,0.0006760023534297943,0.0006540007889270782,0.0006420016288757324,0.0006520003080368042,0.0006280019879341125,0.0006200000643730164,0.0006080009043216705,0.0005800016224384308,0.0005780011415481567,0.0005780011415481567,0.0005780011415481567,0.0005840025842189789,0.0005960017442703247,0.0005960017442703247,0.0006080009043216705,0.0006100013852119446,0.0006000027060508728,0.0005980022251605988,0.0005859993398189545,0.0005900003015995026,0.0005859993398189545,0.0005620010197162628,0.0005580000579357147,0.0005340017378330231,0.0005220025777816772,0.0005239993333816528,0.000512000173330307,0.000493999570608139,0.0004660002887248993,0.00045000016689300537,0.00043800100684165955,0.0004440024495124817,0.00043400004506111145,0.00041799992322921753,0.0003960020840167999,0.0003760010004043579,0.0003679990768432617,0.0003679990768432617,0.000360000878572464,0.00036200135946273804,0.0003460012376308441,0.00032800063490867615,0.0003160014748573303,0.00029399991035461426,0.00029399991035461426,0.00028600171208381653,0.0002740025520324707,0.00023600086569786072,0.00017200037837028503,0.0001560002565383911
414,236147,1148,2024-10-24,28.111,28.112,-92.396,-92.371,28.1115,-92.3835,48.5,12.6,208.0,30.0,16.3,,,,,,,45.0,88.0,,27.45,27.72,22.09,36.1,36.26,36.62,1.439,1.403,1.325,6.0,6.0,4.5,97.8494,98.5136,70.2469,,,,,,,,,,,,,,,,,,,,,,,,,,,,,,,,,,,,,,,,,,,,,,,,,,,,,,,,,,,,,,,,,,,,,,,,,,,,,,,,,,,,,,,,,,,,,,,,,,,,,,,,,,,,,,,,,,,,,,,,,,,,,,,,,,,,,,,,,,,,,,,,,,,,,,,,,,,,,,,,,,,,,,,,,,,,,
415,236148,1148,2024-10-24,28.045,28.025,-92.522,-92.512,28.035,-92.517,53.3,6.3,234.0,26.0,,,,,,,,,,,,,,,,,,,,,,,,,,471.3005517519761,0.013368001207709312,0.01352125033736229,0.01360775064677,0.013347500935196877,0.013098500669002533,0.013198250904679298,0.013100501149892807,0.012963500805199146,0.01279200054705143,0.01257300190627575,0.01234850101172924,0.0123050007969141,0.01213225070387125,0.011626750230789185,0.011358000338077545,0.011540500447154045,0.011508749797940254,0.011278999969363213,0.011024998500943184,0.010886250995099545,0.011046000756323338,0.010949000716209412,0.010476000607013702,0.010145749896764755,0.009969000704586506,0.009736250154674053,0.009487000294029713,0.009299499914050102,0.009185001254081726,0.009072750806808472,0.008901000954210758,0.008748000487685204,0.008620000444352627,0.008548001758754253,0.008515500463545322,0.008366250433027744,0.008161251433193684,0.008042250759899616,0.007921751588582993,0.007756000384688377,0.007651001680642366,0.007599251344799995,0.007507750764489174,0.007434000261127949,0.007387001067399979,0.007340750657021999,0.007364501245319843,0.007355000823736191,0.0072920010425150394,0.007187000475823879,0.0070902504958212376,0.006999000906944275,0.006921251304447651,0.006846500560641289,0.006798000540584326,0.006736750714480877,0.0066852509044110775,0.006600500550121069,0.006412751041352749,0.006242750678211451,0.006082500796765089,0.0058965012431144714,0.005703750066459179,0.005505001172423363,0.005263500846922398,0.004958001431077719,0.004616750869899988,0.004340750630944967,0.004154500551521778,0.004061751067638397,0.003980750218033791,0.0038772509433329105,0.003806502092629671,0.0037687504664063454,0.003688251134008169,0.0035697505809366703,0.00348725076764822,0.003398500382900238,0.0033027506433427334,0.003191750030964613,0.0030742515809834003,0.0029392512515187263,0.0027965009212493896,0.002707000821828842,0.002648000605404377,0.0026005012914538383,0.0025272509083151817,0.0024175005964934826,0.0023180004209280014,0.0022275010123848915,0.002115250565111637,0.0019840016029775143,0.0018620006740093231,0.001752000767737627,0.0016375002451241016,0.001531751360744238,0.0014325007796287537,0.001344501506537199,0.0006677508354187012,0.000651251059025526,0.0006105001084506512,0.0005790004506707191,0.0005670003592967987,0.0005475007928907871,0.0005270014517009258,0.0005252514965832233,0.0005282512865960598,0.0005110003985464573,0.0004990012384951115,0.0005020010285079479,0.0004907506518065929,0.0004910011775791645,0.0004855012521147728,0.0004900004714727402,0.0004985006526112556,0.0004980000667273998,0.0004927515983581543,0.0004847506061196327,0.00046900054439902306,0.00045675039291381836,0.0004537506029009819,0.0004422510974109173,0.0004392508417367935,0.00043075019493699074,0.00041975127533078194,0.00041025038808584213,0.000402750913053751,0.00040150154381990433,0.0003965012729167938,0.0003972509875893593,0.0003977506421506405,0.00039575155824422836,0.0004022512584924698,0.00039225025102496147,0.0003872504457831383,0.0003827507607638836,0.0003717509098351002,0.0003745006397366524,0.0003765006549656391,0.00037350086495280266,0.0003755008801817894,0.0003710011951625347,0.0003627515397965908,0.000354250892996788,0.00034850137308239937,0.0003537503071129322,0.0003412514925003052,0.00033625029027462006,0.00032300129532814026,0.0003042505122721195,0.0002965005114674568,0.0002892506308853626,0.0002850010059773922,0.00027525145560503006,0.00026750005781650543,0.0002590008080005646,0.0002527511678636074,0.00024850107729434967,0.0002422514371573925,0.00023700017482042313,0.00023400038480758667,0.00023025088012218475,0.00022975075989961624,0.00022675050422549248,0.00021150056272745132,0.00020600063726305962,0.00019425014033913612,0.00018425052985548973,0.00018250104039907455,0.0001717512495815754,0.00014425022527575493,0.00010575121268630028
416,236149,1148,2024-10-24,28.031,28.011,-92.665,-92.654,28.021,-92.6595,61.3,8.5,237.0,30.0,50.0,,,,,,,55.5,109.0,,27.51,26.73,19.99,36.07,36.33,36.65,1.399,1.366,1.311,6.0,5.3,4.3,97.6185,96.0393,90.5032,471.6296065144585,0.011429601348936558,0.01153000071644783,0.011577999219298363,0.011554800905287266,0.01148880086839199,0.011616400443017483,0.011505601927638054,0.011429199948906898,0.01139560155570507,0.011175600811839104,0.010915600694715977,0.010954000987112522,0.010857601650059223,0.010395600460469723,0.010164800100028515,0.01034640148282051,0.010371201671659946,0.010232001543045044,0.010030400939285755,0.009909600019454956,0.010086801834404469,0.010075201280415058,0.009688801132142544,0.00935280043631792,0.00915280170738697,0.008958401158452034,0.008766400627791882,0.00861200038343668,0.008505601435899734,0.008422000333666801,0.00829240120947361,0.008142400532960892,0.008032402023673058,0.007998401299118996,0.008008000440895557,0.007864400744438171,0.007655201014131308,0.007543201092630625,0.007454001344740391,0.007314401213079691,0.0072236014530062675,0.007158400025218725,0.007071200758218765,0.007026401348412037,0.006984400562942028,0.006946001201868057,0.006979200057685375,0.0069808014668524265,0.0069524021819233894,0.006867201533168554,0.006760400719940662,0.006670000962913036,0.006591202225536108,0.006515202112495899,0.00648800004273653,0.006444000639021397,0.006407200358808041,0.006336800754070282,0.006138799246400595,0.005984400864690542,0.005821600556373596,0.00562520045787096,0.005433601327240467,0.00523400167003274,0.005002000369131565,0.0047248005867004395,0.004383600316941738,0.004086399916559458,0.0038960003294050694,0.003795202123001218,0.0037084012292325497,0.003628800855949521,0.0035644001327455044,0.0035116001963615417,0.0034400001168251038,0.0033288002014160156,0.0032416009344160557,0.003173601580783725,0.003094799816608429,0.002976801246404648,0.0028676011133939028,0.0027424015570431948,0.002600001636892557,0.002491600112989545,0.0024332008324563503,0.0023816004395484924,0.0023099996615201235,0.0022332011722028255,0.0021383999846875668,0.002044400665909052,0.0019268020987510681,0.0017960004042834044,0.0016900018090382218,0.0015780001413077116,0.0014656014973297715,0.0013836011057719588,0.0013287998735904694,0.0012828006874769926,0.0006008006748743355,0.0005860000965185463,0.0005596004193648696,0.0005360000068321824,0.000524400151334703,0.000505201518535614,0.0004940010840073228,0.0004896007594652474,0.000494401145260781,0.00048680006875656545,0.00046520159230567515,0.00046000181464478374,0.00046360044507309794,0.0004704013408627361,0.00046920179738663137,0.0004904009401798248,0.0004923999076709151,0.0004912003641948104,0.00048680155305191875,0.0004672013164963573,0.00045760124339722097,0.0004472009895835072,0.0004480004427023232,0.0004368014633655548,0.0004288010240998119,0.0004176013171672821,0.00040040165185928345,0.00039720014319755137,0.0003848023770842701,0.0003824010491371155,0.000380801415303722,0.00037720054388046265,0.0003747999726328999,0.0003688022552523762,0.0003668010176625103,0.0003603994846343994,0.00035799964098259807,0.0003556005540303886,0.00035440101055428386,0.0003512009861879051,0.0003504015621729195,0.0003512009861879051,0.00035360007314011455,0.0003572009445633739,0.0003512009861879051,0.00034240036620758474,0.00034320130362175405,0.0003484003245830536,0.0003328002931084484,0.0003420010325498879,0.00033160074963234365,0.00032440052018500865,0.00032840072526596487,0.0003172002616338432,0.0003144003567285836,0.00030120089650154114,0.00029000118956901133,0.00027920081629417837,0.0002728000399656594,0.00027160122408531606,0.0002668015658855438,0.0002620004233904183,0.00024840087280608714,0.00023680031881667674,0.00023000090732239187,0.00022520124912261963,0.00021760017261840403,0.0002128012420143932,0.0002028003364102915,0.00019760131544899195,0.00019600093946792185,0.00020040050731040537,0.00019040032930206507,0.0001540005177957937
417,236150,1148,2024-10-24,28.21,28.231,-92.671,-92.663,28.2205,-92.667,37.8,10.8,179.0,30.0,,,,,50.0,,2.0,36.0,70.0,,27.58,27.45,26.35,36.28,36.28,36.34,0.003,0.124,0.731,6.1,6.1,4.3,98.5294,98.1594,65.7112,481.13912464099377,0.006759000942111015,0.00708600040525198,0.007463501766324043,0.007486999966204166,0.007292500697076321,0.0075935013592243195,0.007871001027524471,0.007872001267969608,0.007787002250552177,0.007629001513123512,0.007509500719606876,0.007670501247048378,0.00783300120383501,0.00751350075006485,0.0072635021060705185,0.00759150180965662,0.007834501564502716,0.007734501734375954,0.007549001835286617,0.0075925011187791824,0.007947999984025955,0.00806250050663948,0.007790002040565014,0.007532000541687012,0.0074890004470944405,0.007418501190841198,0.007304000668227673,0.007236502133309841,0.007236999459564686,0.007247999310493469,0.007215001620352268,0.007175500504672527,0.007111500948667526,0.007144000381231308,0.007283501327037811,0.007284500636160374,0.007178501226007938,0.007108500227332115,0.00707900058478117,0.007055501453578472,0.0070780012756586075,0.007107000797986984,0.00710150133818388,0.007129501551389694,0.007187999784946442,0.007242999970912933,0.007345001213252544,0.00740399956703186,0.007431500591337681,0.0074370019137859344,0.0074765002354979515,0.007498499937355518,0.007474500685930252,0.0074830008670687675,0.00753250066190958,0.0075025008991360664,0.007497500628232956,0.007511500269174576,0.0073815006762743,0.007231500931084156,0.00710650160908699,0.006934501230716705,0.006744500249624252,0.0065605007112026215,0.006323499605059624,0.00603449996560812,0.00564850028604269,0.005255500786006451,0.005023001693189144,0.004946000874042511,0.004922499880194664,0.0048750014975667,0.004820001311600208,0.0047875018790364265,0.004721000790596008,0.0045934999361634254,0.004504501819610596,0.0044310009106993675,0.004308500327169895,0.004169001244008541,0.00402000080794096,0.0038564996793866158,0.0037060007452964783,0.0035910019651055336,0.0035095009952783585,0.003437500447034836,0.003343501128256321,0.0032390011474490166,0.0031435005366802216,0.0030105002224445343,0.002863500267267227,0.002701500430703163,0.002543501555919647,0.0023735016584396362,0.0021955017000436783,0.0020249998196959496,0.0018070004880428314,0.0016165003180503845,0.0007400009781122208,0.0007460014894604683,0.0007440019398927689,0.0007125018164515495,0.000694500282406807,0.0006710011512041092,0.0006490005180239677,0.0006390009075403214,0.0006315009668469429,0.0006370013579726219,0.0006435010582208633,0.0006300006061792374,0.0006365012377500534,0.0006210003048181534,0.0006190016865730286,0.0005995016545057297,0.0005785003304481506,0.0005735009908676147,0.0005680005997419357,0.0005665011703968048,0.0005650017410516739,0.0005535008385777473,0.0005280002951622009,0.0005175014957785606,0.0005070017650723457,0.0005040010437369347,0.0005179997533559799,0.0005040010437369347,0.0004970002919435501,0.0004775002598762512,0.00047350209206342697,0.0004585022106766701,0.0004465002566576004,0.00044800061732530594,0.00044300034642219543,0.00045549962669610977,0.0004600007086992264,0.0004600007086992264,0.00045800022780895233,0.000446501187980175,0.00043999962508678436,0.0004405006766319275,0.00043300073593854904,0.000432000495493412,0.0004295008257031441,0.00042900070548057556,0.0004255007952451706,0.00039800163358449936,0.00037700124084949493,0.0003650002181529999,0.00035750027745962143,0.0003805002197623253,0.00036899931728839874,0.00035700108855962753,0.0003440016880631447,0.00033750012516975403,0.00033350102603435516,0.00032200105488300323,0.0003110012039542198,0.0002940017729997635,0.00029399991035461426,0.000293501652777195,0.00028300099074840546,0.00028249993920326233,0.00027349963784217834,0.0002560000866651535,0.00025250017642974854,0.0002400008961558342,0.0002300012856721878,0.00021750107407569885,0.0001995014026761055,0.0001640021800994873,8.300039917230606e-05,7.550138980150223e-05
418,236151,1148,2024-10-24,28.385,28.389,-92.682,-92.708,28.387,-92.695,31.0,5.4,138.0,30.0,45.8,,,,25.0,,9.0,30.0,58.0,,26.79,27.14,27.36,34.38,35.61,36.22,0.364,0.54,0.346,6.3,6.0,5.9,88.0562,92.5668,75.8596,503.23673793200965,0.002904000226408243,0.003292251378297806,0.0035000001080334187,0.0035245008766651154,0.003561250399798155,0.003768001217395067,0.003817751072347164,0.00406850129365921,0.0042760008946061134,0.004173251334577799,0.004223750438541174,0.004449501167982817,0.004535500425845385,0.004336501006036997,0.0042012520134449005,0.004524501506239176,0.004750250373035669,0.004866500850766897,0.004883000627160072,0.004848250187933445,0.005215751007199287,0.005618250463157892,0.005440750624984503,0.005154752172529697,0.005112249869853258,0.005110499914735556,0.005136000458151102,0.00515375193208456,0.005189001560211182,0.005278501193970442,0.00529125053435564,0.005272000562399626,0.0053437501192092896,0.0054090009070932865,0.00554425036534667,0.005691251717507839,0.005692501552402973,0.005619999952614307,0.005686750635504723,0.005839251447468996,0.005956001579761505,0.0061262501403689384,0.006294501479715109,0.006355500314384699,0.006468750070780516,0.00661125173792243,0.006711750291287899,0.006804251577705145,0.00690250052139163,0.007015000097453594,0.007136499974876642,0.0071992515586316586,0.007302252110093832,0.007427501026540995,0.007584999781101942,0.007673501502722502,0.007742500863969326,0.007878251373767853,0.007890250533819199,0.007840249687433243,0.007856251671910286,0.007807750720530748,0.0077722505666315556,0.007744751870632172,0.00766550051048398,0.007528751157224178,0.0072680008597671986,0.0069957515224814415,0.00683900061994791,0.006819750647991896,0.006908750627189875,0.006952750962227583,0.00696850148960948,0.006970501504838467,0.006939001381397247,0.006842000409960747,0.0068115005269646645,0.006766751874238253,0.006649501156061888,0.0065435003489255905,0.00642775185406208,0.0063015008345246315,0.006114750634878874,0.005951001308858395,0.005877000745385885,0.0058347503654658794,0.005787750240415335,0.005700251087546349,0.005589000415056944,0.005431751720607281,0.0052370005287230015,0.005006751511245966,0.004730750806629658,0.004421751946210861,0.004121751990169287,0.003792750183492899,0.003467000089585781,0.0031400001607835293,0.0014852513559162617,0.0014685001224279404,0.001441251952201128,0.0013850005343556404,0.001346501987427473,0.0013337512500584126,0.0013375021517276764,0.001353500410914421,0.0013220002874732018,0.0012915004044771194,0.0012887506745755672,0.0012822519056499004,0.0012952499091625214,0.0012772507034242153,0.0012597506865859032,0.0012464998289942741,0.0012262514792382717,0.0012205005623400211,0.0012300005182623863,0.0012350012548267841,0.001208251342177391,0.0011984999291598797,0.0011687511578202248,0.0011160001158714294,0.0011135009117424488,0.0010792510583996773,0.0010360009036958218,0.0010297512635588646,0.0009912517853081226,0.0009650015272200108,0.0009710006415843964,0.0009572505950927734,0.0009535001590847969,0.0009617507457733154,0.0009564999490976334,0.0009647519327700138,0.0009674998000264168,0.000974251888692379,0.0009817504324018955,0.0009892499074339867,0.0009907502681016922,0.0009822510182857513,0.0009692511521279812,0.0009497497230768204,0.0009482502937316895,0.0009495005942881107,0.0009539998136460781,0.0009727515280246735,0.0009150002151727676,0.0009502498432993889,0.0009515001438558102,0.0009432509541511536,0.00099500035867095,0.0009155003353953362,0.000884251669049263,0.0008317511528730392,0.0007925010286271572,0.0007650009356439114,0.0007412517443299294,0.0007237517274916172,0.0007037497125566006,0.0007102517411112785,0.000688750296831131,0.0006730020977556705,0.000651251059025526,0.0006177499890327454,0.0005985009483993053,0.0005842512473464012,0.0005680005997419357,0.0005597523413598537,0.0005292519927024841,0.0004890016280114651,0.00034850044175982475,0.0003090016543865204
419,236152,1148,2024-10-24,28.306,28.296,-92.831,-92.809,28.301,-92.82,31.6,15.6,225.0,30.0,76.9,,,,25.0,,4.0,29.5,57.0,,26.92,27.2,27.2,34.5,36.07,36.22,0.231,0.249,0.464,6.3,6.1,5.4,89.7958,96.8299,49.0176,484.2308817188494,0.006235111970454454,0.006610444746911526,0.006749333813786507,0.006719111930578947,0.006713556125760078,0.006908223498612642,0.006976223550736904,0.006998000666499138,0.007028889376670122,0.007003333885222673,0.006933111231774092,0.0070886677131056786,0.007171556353569031,0.006946668028831482,0.006804445758461952,0.006998000666499138,0.007133333012461662,0.007154444698244333,0.0070704445242881775,0.007061777636408806,0.007388000842183828,0.007501778658479452,0.007243111729621887,0.007038000505417585,0.007005779072642326,0.006907778792083263,0.006802890449762344,0.006802668329328299,0.006807112600654364,0.0068100010976195335,0.006782445125281811,0.006734444759786129,0.006726222578436136,0.0067564453929662704,0.006865333765745163,0.006877778563648462,0.006762001197785139,0.0067297788336873055,0.0067395553924143314,0.006720222998410463,0.006765111815184355,0.006827333942055702,0.006837778724730015,0.0068931118585169315,0.006962890271097422,0.0070215561427176,0.007117778062820435,0.00716822175309062,0.007227778434753418,0.007226001936942339,0.007235555909574032,0.007259777747094631,0.007279334124177694,0.007311112247407436,0.00735822319984436,0.007370446342974901,0.007392889820039272,0.007370667532086372,0.007259778678417206,0.007168445270508528,0.0070680007338523865,0.006940889172255993,0.006802001036703587,0.00661311112344265,0.006396444980055094,0.006133333779871464,0.005799556616693735,0.005499556660652161,0.005302668083459139,0.005233777686953545,0.005189778748899698,0.005138889886438847,0.005108223762363195,0.005074667744338512,0.0050084455870091915,0.004910223186016083,0.004830223508179188,0.004734667018055916,0.00461977906525135,0.004485112149268389,0.004341556690633297,0.00419066846370697,0.004036666825413704,0.003911334089934826,0.0038246677722781897,0.0037611122243106365,0.0036980013828724623,0.0035997789818793535,0.0034835566766560078,0.003340223105624318,0.0031897786539047956,0.0030304444953799248,0.002849777927622199,0.002656667260453105,0.0024666674435138702,0.0022708894684910774,0.002066001296043396,0.0018582232296466827,0.0008051122422330081,0.0007886675302870572,0.0007797785801813006,0.0007577787037007511,0.000736889720428735,0.0007126678829081357,0.0006831114296801388,0.0006748905871063471,0.0006788902683183551,0.0006757788360118866,0.0006788898608647287,0.000675333896651864,0.0006706681451760232,0.0006640010979026556,0.0006542234914377332,0.0006473337416537106,0.0006377779645845294,0.000628223002422601,0.0006146679515950382,0.000602001091465354,0.0005880006356164813,0.0005726669332943857,0.0005688894889317453,0.0005648897495120764,0.0005575567483901978,0.0005471118493005633,0.0005324461963027716,0.0005171116790734231,0.0005060008261352777,0.000503556162584573,0.0005004451377317309,0.0004906675312668085,0.0004897780017927289,0.00048288950347341597,0.0004828903474844992,0.00048155628610402346,0.00048222352052107453,0.0004802230396308005,0.0004777784051839262,0.0004773338732775301,0.00047511153388768435,0.00047866793465800583,0.0004795566201210022,0.0004822226765099913,0.0004762237367685884,0.0004724454483948648,0.00046400062274187803,0.000452445208793506,0.0004324449400883168,0.0004022233188152313,0.0003795561788138002,0.0003664452233351767,0.0003600004711188376,0.0003593340516090393,0.0003537792363204062,0.00034222338581457734,0.0003282233374193311,0.00032022304367274046,0.0003151111304759979,0.0003093340201303363,0.0003002232115250081,0.0002893341879826039,0.00027955614496022463,0.00026755654835142195,0.0002642228500917554,0.000256668368820101,0.00024777775979600847,0.00023777865862939507,0.0002235563297290355,0.00020911254978273064,0.0001902232615975663,0.00017244534683413804,0.0001233340153703466,7.111248123692349e-05
420,236153,1148,2024-10-25,28.395,28.397,-92.998,-92.994,28.396,-92.996,28.6,13.5,237.0,4.0,,,,,,,,27.0,51.0,,26.97,27.29,27.3,34.74,35.78,36.2,0.249,0.482,0.244,6.3,5.9,5.3,91.8437,94.1523,65.3901,,,,,,,,,,,,,,,,,,,,,,,,,,,,,,,,,,,,,,,,,,,,,,,,,,,,,,,,,,,,,,,,,,,,,,,,,,,,,,,,,,,,,,,,,,,,,,,,,,,,,,,,,,,,,,,,,,,,,,,,,,,,,,,,,,,,,,,,,,,,,,,,,,,,,,,,,,,,,,,,,,,,,,,,,,,,,
421,236154,1148,2024-10-25,28.373,28.386,-93.221,-93.241,28.3795,-93.231,30.0,6.7,228.0,30.0,9.6,,,,,,,28.5,55.0,,26.75,26.95,27.51,34.42,34.67,35.96,0.439,0.654,0.624,6.4,6.0,4.9,88.1301,89.4068,72.8026,,,,,,,,,,,,,,,,,,,,,,,,,,,,,,,,,,,,,,,,,,,,,,,,,,,,,,,,,,,,,,,,,,,,,,,,,,,,,,,,,,,,,,,,,,,,,,,,,,,,,,,,,,,,,,,,,,,,,,,,,,,,,,,,,,,,,,,,,,,,,,,,,,,,,,,,,,,,,,,,,,,,,,,,,,,,,
422,236155,1148,2024-10-25,28.433,28.41,-93.376,-93.378,28.4215,-93.377,27.6,13.0,279.0,30.0,14.4,,,,,,,25.0,48.0,,26.67,27.2,27.14,34.57,35.19,35.21,0.304,0.361,0.66,6.2,6.2,5.9,92.0722,92.4939,77.4965,,,,,,,,,,,,,,,,,,,,,,,,,,,,,,,,,,,,,,,,,,,,,,,,,,,,,,,,,,,,,,,,,,,,,,,,,,,,,,,,,,,,,,,,,,,,,,,,,,,,,,,,,,,,,,,,,,,,,,,,,,,,,,,,,,,,,,,,,,,,,,,,,,,,,,,,,,,,,,,,,,,,,,,,,,,,,
423,236156,1148,2024-10-25,28.532,28.509,-93.505,-93.506,28.5205,-93.5055,22.2,13.2,265.0,30.0,27.7,,,,,,,21.0,40.0,,26.89,26.96,26.9,34.96,35.04,35.02,0.379,0.478,0.395,6.1,6.0,5.9,91.2667,93.012,75.8347,,,,,,,,,,,,,,,,,,,,,,,,,,,,,,,,,,,,,,,,,,,,,,,,,,,,,,,,,,,,,,,,,,,,,,,,,,,,,,,,,,,,,,,,,,,,,,,,,,,,,,,,,,,,,,,,,,,,,,,,,,,,,,,,,,,,,,,,,,,,,,,,,,,,,,,,,,,,,,,,,,,,,,,,,,,,,
424,236157,1148,2024-10-25,28.645,28.626,-93.897,-93.882,28.6355,-93.8895,16.9,10.7,275.0,30.0,41.0,,,,,,,16.0,30.0,,26.73,26.84,27.01,34.59,35.14,35.25,0.32,0.304,0.468,4.8,6.1,5.9,89.7162,92.321,67.3255,,,,,,,,,,,,,,,,,,,,,,,,,,,,,,,,,,,,,,,,,,,,,,,,,,,,,,,,,,,,,,,,,,,,,,,,,,,,,,,,,,,,,,,,,,,,,,,,,,,,,,,,,,,,,,,,,,,,,,,,,,,,,,,,,,,,,,,,,,,,,,,,,,,,,,,,,,,,,,,,,,,,,,,,,,,,,
425,236158,1148,2024-10-25,28.715,28.697,-93.756,-93.743,28.706,-93.7495,14.1,12.8,110.0,30.0,67.5,,,,,,,13.0,25.0,,26.6,26.61,26.64,34.22,34.23,34.32,0.551,0.596,0.605,6.2,6.3,6.1,88.432,88.4879,77.9999,,,,,,,,,,,,,,,,,,,,,,,,,,,,,,,,,,,,,,,,,,,,,,,,,,,,,,,,,,,,,,,,,,,,,,,,,,,,,,,,,,,,,,,,,,,,,,,,,,,,,,,,,,,,,,,,,,,,,,,,,,,,,,,,,,,,,,,,,,,,,,,,,,,,,,,,,,,,,,,,,,,,,,,,,,,,,
426,236159,1148,2024-10-25,28.778,28.757,-94.03,-94.018,28.7675,-94.024,14.1,10.0,120.0,30.0,50.4,,,,25.0,,7.0,13.0,24.0,,26.8,26.7,26.79,34.56,34.56,34.73,0.124,0.226,0.676,6.3,6.3,6.1,93.4405,93.3348,70.9118,497.3545691177362,0.006482800934463739,0.006418400444090366,0.006432000547647476,0.0061728013679385185,0.005844800733029842,0.006032799836248159,0.00627560168504715,0.006208401173353195,0.006037200801074505,0.005896000657230616,0.00571880117058754,0.005729600787162781,0.005894801113754511,0.0056772008538246155,0.005460801068693399,0.005633201450109482,0.005764801986515522,0.005808000918477774,0.0057219997979700565,0.005654401145875454,0.005998400505632162,0.0061507998034358025,0.005878800060600042,0.005675199441611767,0.005619200412184,0.005520801059901714,0.005443199537694454,0.005419600754976273,0.005411201156675816,0.005429601762443781,0.005422002170234919,0.0054068006575107574,0.005410800687968731,0.005431200377643108,0.005567200481891632,0.005651602055877447,0.005583201535046101,0.00559080159291625,0.005611600819975138,0.0056612007319927216,0.005783201195299625,0.005926400423049927,0.006026001181453466,0.006074801087379456,0.006182401441037655,0.00630240049213171,0.006404802203178406,0.006489200051873922,0.006516400724649429,0.006519199348986149,0.006608800031244755,0.006705199833959341,0.00680040055885911,0.006940401159226894,0.007047201041132212,0.007089599967002869,0.007179200649261475,0.007252401206642389,0.007197599858045578,0.007180799730122089,0.0071848006919026375,0.00716440100222826,0.007127600722014904,0.0070516010746359825,0.006937201134860516,0.006781601347029209,0.006599599961191416,0.006381601095199585,0.006256400607526302,0.006271200720220804,0.006285601295530796,0.00626880070194602,0.006299601402133703,0.0063227997161448,0.006257602013647556,0.006169600877910852,0.006087201181799173,0.005978000815957785,0.005869201384484768,0.00575640145689249,0.0056412010453641415,0.0054895998910069466,0.0053308019414544106,0.0052384003065526485,0.0051944018341600895,0.005176800303161144,0.00518200034275651,0.005155600607395172,0.005044000688940287,0.0048724012449383736,0.004689201712608337,0.004497201647609472,0.004272401332855225,0.0040096016600728035,0.0037203996907919645,0.003374000545591116,0.0029872008599340916,0.0026164003647863865,0.0011544011067599058,0.0011456012725830078,0.0011428005527704954,0.0011460005771368742,0.0011279999744147062,0.001085201627574861,0.0010432011913508177,0.0010244004661217332,0.0010071999859064817,0.0010036006569862366,0.0010108009446412325,0.0009760007378645241,0.0009695999324321747,0.0009484015172347426,0.0009380020201206207,0.0009196005994454026,0.000891600560862571,0.0008856005733832717,0.0008731998386792839,0.0008675999706611037,0.0008572004735469818,0.0008263997733592987,0.0007996007916517556,0.0007748007774353027,0.0007600009557791054,0.000743201351724565,0.0007540009682998061,0.0007400013273581862,0.0007328003412112594,0.0007236011442728341,0.0007116012275218964,0.0007059999043121934,0.0006988018867559731,0.0007008008542470634,0.0007047996041364968,0.0007055997848510742,0.0007092006271705031,0.0007064007222652435,0.0007032006978988647,0.0007136017084121704,0.0007248006877489388,0.0007388010853901505,0.0007459998014383018,0.0007348001236096025,0.0007344000041484833,0.0007207997259683907,0.000712801527697593,0.0007020003977231681,0.000680401164572686,0.0006688021239824593,0.0006556011503562331,0.0006444007158279419,0.0006200015777722001,0.0005868010339327157,0.0005448013544082642,0.0005072019994258881,0.00048600061563774943,0.0004659995320253074,0.0004504017415456474,0.00043400152935646474,0.00041680113645270467,0.00040400176658295095,0.00038800164475105703,0.0003820002020802349,0.00036680029006674886,0.0003487996873445809,0.0003340020775794983,0.0003148011746816337,0.00030200183391571045,0.00028720201225951314,0.000276399397989735,0.00024920032592490315,0.0001852005661930889,0.00014400035433936864
427,236160,1148,2024-10-25,29.036,29.053,-93.542,-93.526,29.0445,-93.534,11.8,3.6,182.0,30.0,107.6,,,,50.0,,8.0,11.5,21.0,,26.15,25.97,26.09,32.81,32.94,33.24,0.477,0.937,0.961,6.6,6.5,5.4,89.5603,88.9147,44.2719,,,,,,,,,,,,,,,,,,,,,,,,,,,,,,,,,,,,,,,,,,,,,,,,,,,,,,,,,,,,,,,,,,,,,,,,,,,,,,,,,,,,,,,,,,,,,,,,,,,,,,,,,,,,,,,,,,,,,,,,,,,,,,,,,,,,,,,,,,,,,,,,,,,,,,,,,,,,,,,,,,,,,,,,,,,,,
428,236161,1148,2024-10-25,29.085,29.062,-93.661,-93.662,29.0735,-93.6615,11.6,7.0,131.0,30.0,125.4,,,,50.0,,10.0,11.0,20.0,,26.13,25.96,25.94,32.71,32.91,33.09,0.772,0.631,1.007,6.8,6.7,6.5,84.3089,90.0118,61.0925,,,,,,,,,,,,,,,,,,,,,,,,,,,,,,,,,,,,,,,,,,,,,,,,,,,,,,,,,,,,,,,,,,,,,,,,,,,,,,,,,,,,,,,,,,,,,,,,,,,,,,,,,,,,,,,,,,,,,,,,,,,,,,,,,,,,,,,,,,,,,,,,,,,,,,,,,,,,,,,,,,,,,,,,,,,,,
429,236162,1148,2024-10-26,29.01,28.989,-93.887,-93.877,28.9995,-93.882,11.0,11.5,128.0,30.0,127.6,,,,,,,10.5,19.0,,26.1,26.1,25.9,33.2,33.21,33.3,0.765,0.761,1.451,6.5,6.5,5.8,91.5536,91.4574,65.5967,,,,,,,,,,,,,,,,,,,,,,,,,,,,,,,,,,,,,,,,,,,,,,,,,,,,,,,,,,,,,,,,,,,,,,,,,,,,,,,,,,,,,,,,,,,,,,,,,,,,,,,,,,,,,,,,,,,,,,,,,,,,,,,,,,,,,,,,,,,,,,,,,,,,,,,,,,,,,,,,,,,,,,,,,,,,,
430,236163,1148,2024-10-26,29.064,29.046,-94.336,-94.348,29.055,-94.342,8.7,9.0,133.0,30.0,100.6,,,,,,,9.0,16.0,,25.57,25.57,25.76,32.12,32.12,32.76,1.439,1.436,1.398,6.6,6.6,6.0,77.8055,77.6785,33.2076,513.1519338007839,0.004485112149268389,0.004379333928227425,0.0043057785369455814,0.004072001203894615,0.003988000564277172,0.0043040006421506405,0.004606445785611868,0.004660667851567268,0.0046377782709896564,0.004447111394256353,0.0043382225558161736,0.004606445319950581,0.004856001120060682,0.004575112834572792,0.004406667780131102,0.004724668338894844,0.005034445319324732,0.005069112405180931,0.004854889586567879,0.004880890250205994,0.005418889224529266,0.005619111470878124,0.005298668053001165,0.005001334473490715,0.004990445449948311,0.004965111613273621,0.004926444962620735,0.004954444710165262,0.004967112559825182,0.005016445182263851,0.005029778927564621,0.005044890101999044,0.005088889971375465,0.0051971119828522205,0.005444445181638002,0.005573112051934004,0.005512222647666931,0.005545333959162235,0.0056517780758440495,0.005698667839169502,0.0058237784542143345,0.006084444932639599,0.006270000711083412,0.00636422261595726,0.006486889440566301,0.006607778836041689,0.006749778985977173,0.006828001234680414,0.006884222850203514,0.006921777967363596,0.0070215561427176,0.00716911256313324,0.0073522231541574,0.0075266677886247635,0.007653112057596445,0.007722223177552223,0.00784333422780037,0.007964222691953182,0.00797400251030922,0.007997555658221245,0.008058223873376846,0.00808511208742857,0.008126000873744488,0.008145999163389206,0.00814733374863863,0.008120890706777573,0.008069334551692009,0.007978444918990135,0.007943334057927132,0.008017335087060928,0.00810733437538147,0.008130444213747978,0.008182445541024208,0.008225333876907825,0.0082246670499444,0.008190223015844822,0.008180000819265842,0.008134222589433193,0.008057111874222755,0.007967112585902214,0.007875334471464157,0.007755777798593044,0.007656223140656948,0.007588445208966732,0.007550222333520651,0.007549112197011709,0.007548890076577663,0.0075142234563827515,0.007425334770232439,0.007266000844538212,0.007076223846524954,0.006864223629236221,0.006613556295633316,0.00633000023663044,0.006019778084009886,0.005619111470878124,0.005130222532898188,0.004526000469923019,0.002325334120541811,0.002297334372997284,0.002257556188851595,0.0022155563347041607,0.002180890180170536,0.002127556363120675,0.0020468896254897118,0.002008889801800251,0.0020224456675350666,0.0020202232990413904,0.001997556071728468,0.001969556324183941,0.0019546677358448505,0.0019375565461814404,0.001902889460325241,0.0018684454262256622,0.0018217791803181171,0.0017793340375646949,0.0017453341279178858,0.0017275565769523382,0.001710222801193595,0.0016933344304561615,0.0016760011203587055,0.001649112324230373,0.001628667931072414,0.001590445637702942,0.0015671116998419166,0.0015400010161101818,0.0015213345177471638,0.0015108896186575294,0.0014920011162757874,0.0014828898711130023,0.0014726681401953101,0.0014666678616777062,0.0014680003514513373,0.0014622232411056757,0.0014620008878409863,0.0014626668998971581,0.001460666419006884,0.0014595562824979424,0.0014577785041183233,0.0014573343796655536,0.001457112142816186,0.0014555561356246471,0.001448445487767458,0.001434889156371355,0.0014166674809530377,0.0013757790438830853,0.0013175556669011712,0.0012537786969915032,0.001198889920488,0.001170667470432818,0.0011517786188051105,0.001122889807447791,0.0010844452772289515,0.001045334618538618,0.0010251121129840612,0.0010102229425683618,0.0009871120564639568,0.0009575564763508737,0.0009293340845033526,0.0009068892104551196,0.0008868898148648441,0.0008715565199963748,0.000860000669490546,0.0008337779436260462,0.0008117784163914621,0.000789556244853884,0.0007620006799697876,0.0007328891661018133,0.0006986678345128894,0.0006391124334186316,0.00048777833580970764,0.00038133395719341934
431,236164,1148,2024-11-01,28.895,28.882,-94.635,-94.612,28.8885,-94.6235,11.6,4.9,92.0,30.0,108.2,,,,,,,11.0,20.0,,26.58,26.58,26.55,34.07,34.49,34.52,0.629,0.652,0.501,6.2,6.1,6.1,71.3036,60.7061,46.6615,,,,,,,,,,,,,,,,,,,,,,,,,,,,,,,,,,,,,,,,,,,,,,,,,,,,,,,,,,,,,,,,,,,,,,,,,,,,,,,,,,,,,,,,,,,,,,,,,,,,,,,,,,,,,,,,,,,,,,,,,,,,,,,,,,,,,,,,,,,,,,,,,,,,,,,,,,,,,,,,,,,,,,,,,,,,,
432,236165,1148,2024-11-01,28.91,28.925,-94.865,-94.884,28.9175,-94.8745,10.1,12.3,103.0,30.0,101.8,,,,,,,9.5,17.0,,25.79,25.78,26.03,32.8,32.83,33.5,1.092,1.102,0.728,6.1,6.1,6.1,44.5206,50.1907,36.1212,,,,,,,,,,,,,,,,,,,,,,,,,,,,,,,,,,,,,,,,,,,,,,,,,,,,,,,,,,,,,,,,,,,,,,,,,,,,,,,,,,,,,,,,,,,,,,,,,,,,,,,,,,,,,,,,,,,,,,,,,,,,,,,,,,,,,,,,,,,,,,,,,,,,,,,,,,,,,,,,,,,,,,,,,,,,,
433,236166,1148,2024-11-01,29.118,29.099,-94.851,-94.835,29.1085,-94.843,8.5,7.6,82.0,30.0,107.3,,,,,,,9.0,16.0,,25.04,24.94,24.96,26.91,27.83,28.65,1.293,1.273,1.491,6.6,6.4,5.7,,,,,,,,,,,,,,,,,,,,,,,,,,,,,,,,,,,,,,,,,,,,,,,,,,,,,,,,,,,,,,,,,,,,,,,,,,,,,,,,,,,,,,,,,,,,,,,,,,,,,,,,,,,,,,,,,,,,,,,,,,,,,,,,,,,,,,,,,,,,,,,,,,,,,,,,,,,,,,,,,,,,,,,,,,,,,,,,
434,236167,1148,2024-11-01,29.027,29.009,-95.115,-95.101,29.018,-95.108,7.2,7.4,56.0,30.0,42.2,,,,,,,6.5,12.0,,25.2,25.23,25.28,28.46,28.46,28.49,1.77,1.608,2.086,6.2,6.2,6.2,,,,,,,,,,,,,,,,,,,,,,,,,,,,,,,,,,,,,,,,,,,,,,,,,,,,,,,,,,,,,,,,,,,,,,,,,,,,,,,,,,,,,,,,,,,,,,,,,,,,,,,,,,,,,,,,,,,,,,,,,,,,,,,,,,,,,,,,,,,,,,,,,,,,,,,,,,,,,,,,,,,,,,,,,,,,,,,,
435,236168,1148,2024-11-01,28.769,28.767,-95.414,-95.389,28.768,-95.4015,7.9,11.1,54.0,30.0,73.2,,,,,,,7.5,14.0,,25.14,25.16,25.19,29.35,29.37,29.36,1.151,1.316,1.399,6.2,6.2,6.2,,,,,,,,,,,,,,,,,,,,,,,,,,,,,,,,,,,,,,,,,,,,,,,,,,,,,,,,,,,,,,,,,,,,,,,,,,,,,,,,,,,,,,,,,,,,,,,,,,,,,,,,,,,,,,,,,,,,,,,,,,,,,,,,,,,,,,,,,,,,,,,,,,,,,,,,,,,,,,,,,,,,,,,,,,,,,,,,
436,236169,1148,2024-11-01,28.588,28.569,-95.457,-95.444,28.5785,-95.4505,11.4,11.8,57.0,30.0,118.6,,,,,,,12.0,21.0,,25.43,25.44,25.66,30.94,31.11,31.69,1.31,1.105,1.192,6.2,6.0,5.9,,,,,,,,,,,,,,,,,,,,,,,,,,,,,,,,,,,,,,,,,,,,,,,,,,,,,,,,,,,,,,,,,,,,,,,,,,,,,,,,,,,,,,,,,,,,,,,,,,,,,,,,,,,,,,,,,,,,,,,,,,,,,,,,,,,,,,,,,,,,,,,,,,,,,,,,,,,,,,,,,,,,,,,,,,,,,,,,
437,236170,1148,2024-11-01,28.678,28.662,-95.666,-95.649,28.67,-95.6575,7.0,11.2,64.0,30.0,52.4,,,,100.0,,8.0,6.5,11.0,,25.36,25.38,25.54,28.71,28.91,30.15,1.183,1.167,1.302,6.3,6.3,5.7,,,,,,,,,,,,,,,,,,,,,,,,,,,,,,,,,,,,,,,,,,,,,,,,,,,,,,,,,,,,,,,,,,,,,,,,,,,,,,,,,,,,,,,,,,,,,,,,,,,,,,,,,,,,,,,,,,,,,,,,,,,,,,,,,,,,,,,,,,,,,,,,,,,,,,,,,,,,,,,,,,,,,,,,,,,,,,,,
438,236171,1148,2024-11-01,28.458,28.452,-96.046,-96.021,28.455,-96.0335,9.0,17.0,53.0,30.0,98.5,,,,100.0,,9.0,9.0,15.0,,25.63,25.55,25.7,29.83,30.69,31.12,1.249,0.883,1.174,6.2,5.9,5.6,37.5491,24.3651,,,,,,,,,,,,,,,,,,,,,,,,,,,,,,,,,,,,,,,,,,,,,,,,,,,,,,,,,,,,,,,,,,,,,,,,,,,,,,,,,,,,,,,,,,,,,,,,,,,,,,,,,,,,,,,,,,,,,,,,,,,,,,,,,,,,,,,,,,,,,,,,,,,,,,,,,,,,,,,,,,,,,,,,,,,,,,
439,236172,1148,2024-11-15,30.21,30.215,-88.237,-88.213,30.2125,-88.225,7.0,7.5,15.0,30.0,21.0,,,,,,12.0,5.5,10.0,,24.01,24.04,24.01,34.74,34.73,34.74,1.13,0.94,0.908,6.0,6.0,6.0,30.4043,35.0048,22.7965,556.065935131932,0.0006440008874051273,0.001210667658597231,0.0015722227981314063,0.0015882229199633002,0.001791557064279914,0.00227311160415411,0.0025400007143616676,0.0026466669514775276,0.0027597786393016577,0.0027555571869015694,0.002679112134501338,0.002982000820338726,0.0032015559263527393,0.0030540009029209614,0.0030920011922717094,0.0033822234254330397,0.003641112009063363,0.003748889546841383,0.0038424453232437372,0.004030223004519939,0.004423556849360466,0.004688000772148371,0.0045068892650306225,0.004412889946252108,0.004548889584839344,0.004672445356845856,0.004779777955263853,0.004892445169389248,0.005017334129661322,0.005173334386199713,0.005319334100931883,0.0054471115581691265,0.0056284451857209206,0.005818223115056753,0.00613444484770298,0.006380889564752579,0.006483334116637707,0.006660445127636194,0.006895556580275297,0.007091333623975515,0.007309334352612495,0.007618891075253487,0.00787511095404625,0.00801977887749672,0.008260001428425312,0.008419111371040344,0.008636001497507095,0.00881000142544508,0.008979556150734425,0.009139779955148697,0.009304223582148552,0.009448445402085781,0.009655333124101162,0.009862889535725117,0.010102000087499619,0.010335332714021206,0.01060644444078207,0.010853778570890427,0.011004889383912086,0.01116444543004036,0.011390667408704758,0.011575556360185146,0.011793113313615322,0.011989777907729149,0.012222000397741795,0.012397111393511295,0.012559332884848118,0.012712445110082626,0.012894000858068466,0.013118669390678406,0.013368000276386738,0.013516668230295181,0.013754667714238167,0.013968444429337978,0.014163111336529255,0.014322888106107712,0.014510667882859707,0.014668222516775131,0.01483200117945671,0.014935556799173355,0.015081999823451042,0.015224888920783997,0.015334222465753555,0.015440000221133232,0.015572445467114449,0.015734665095806122,0.015906669199466705,0.016034666448831558,0.016070889309048653,0.016060667112469673,0.0160075556486845,0.01590622216463089,0.015802890062332153,0.015674445778131485,0.015592223964631557,0.015373334288597107,0.015068224631249905,0.014400667510926723,0.010785778053104877,0.010709777474403381,0.010615555569529533,0.010536445304751396,0.01042733434587717,0.01029111072421074,0.010130445472896099,0.01002755668014288,0.01004066877067089,0.010043110698461533,0.01004533376544714,0.010005556978285313,0.010008000768721104,0.009976222179830074,0.009923111647367477,0.009847556240856647,0.009755332954227924,0.009631555527448654,0.009528666734695435,0.009447555989027023,0.00940089114010334,0.00932555552572012,0.009232444688677788,0.009096001274883747,0.008976222947239876,0.008797777816653252,0.008623780682682991,0.008473333902657032,0.00836955662816763,0.008240224793553352,0.008120889775454998,0.008006001822650433,0.007924000732600689,0.007839555852115154,0.007777778431773186,0.007714001461863518,0.007680223323404789,0.007653334178030491,0.007628222927451134,0.007621334865689278,0.007631111424416304,0.007625111378729343,0.007639557123184204,0.007658001501113176,0.007669779006391764,0.007691779173910618,0.007696890272200108,0.007654223125427961,0.007553112227469683,0.007420890033245087,0.007319778203964233,0.007286222651600838,0.007271556183695793,0.0072213346138596535,0.007100668270140886,0.006987778469920158,0.006934667006134987,0.006889556534588337,0.006820889189839363,0.006709778681397438,0.006558666937053204,0.006411334499716759,0.006285778246819973,0.006172445137053728,0.006051778327673674,0.005912667606025934,0.005758444778621197,0.005586223676800728,0.005396667867898941,0.005178000777959824,0.004935557022690773,0.004594000987708569,0.0035844454541802406,0.002821334172040224
440,236173,1148,2024-11-16,29.495,29.51,-88.619,-88.6,29.5025,-88.6095,22.0,12.3,39.0,30.0,61.4,,,,,,,21.0,39.0,,25.41,25.44,25.46,36.06,36.09,36.1,0.606,0.695,0.81,6.1,6.1,6.2,91.0808,88.1786,86.7751,,,,,,,,,,,,,,,,,,,,,,,,,,,,,,,,,,,,,,,,,,,,,,,,,,,,,,,,,,,,,,,,,,,,,,,,,,,,,,,,,,,,,,,,,,,,,,,,,,,,,,,,,,,,,,,,,,,,,,,,,,,,,,,,,,,,,,,,,,,,,,,,,,,,,,,,,,,,,,,,,,,,,,,,,,,,,
441,236174,1148,2024-11-16,29.491,29.498,-88.716,-88.691,29.4945,-88.7035,11.6,15.8,62.0,30.0,15.4,,,,,,,10.5,19.0,,25.07,25.06,25.07,35.97,35.97,35.97,1.185,0.915,0.905,6.2,6.2,6.2,89.99,90.0676,89.9675,,,,,,,,,,,,,,,,,,,,,,,,,,,,,,,,,,,,,,,,,,,,,,,,,,,,,,,,,,,,,,,,,,,,,,,,,,,,,,,,,,,,,,,,,,,,,,,,,,,,,,,,,,,,,,,,,,,,,,,,,,,,,,,,,,,,,,,,,,,,,,,,,,,,,,,,,,,,,,,,,,,,,,,,,,,,,
442,236175,1148,2024-11-16,29.106,29.109,-88.725,-88.698,29.1075,-88.7115,51.5,8.3,84.0,30.0,29.7,,,,,,,47.5,93.0,,26.28,26.29,23.53,36.22,36.22,36.33,0.17,0.141,0.207,6.0,6.0,4.9,98.3688,98.4202,50.4246,468.60448291007157,0.006960445083677769,0.007145557086914778,0.0070660007186234,0.006920445244759321,0.006816445849835873,0.007154000457376242,0.007442889269441366,0.007438223343342543,0.007469778880476952,0.007496889214962721,0.007423557341098785,0.007529778406023979,0.00767888966947794,0.007395111955702305,0.007261333987116814,0.007526224013417959,0.007655779365450144,0.007641555741429329,0.00746422354131937,0.007472445722669363,0.007811556104570627,0.00783311203122139,0.00750333396717906,0.0072535565122962,0.007182000204920769,0.0070717791095376015,0.006952667608857155,0.006882889196276665,0.0068080006167292595,0.006755556911230087,0.006688667461276054,0.0066093336790800095,0.006524223834276199,0.006481335032731295,0.00653622392565012,0.006477778777480125,0.006324667949229479,0.006226889323443174,0.006137556862086058,0.0060366676189005375,0.005947556812316179,0.005875778384506702,0.005790222901850939,0.005739111453294754,0.005741556640714407,0.005750889424234629,0.005813334137201309,0.005871111992746592,0.005847334396094084,0.005807778798043728,0.005763112101703882,0.005683778785169125,0.005624445620924234,0.005562889389693737,0.005510668270289898,0.005438445135951042,0.005364222452044487,0.005309334024786949,0.005158223677426577,0.004968223161995411,0.004781556781381369,0.004579333588480949,0.004388667643070221,0.004208889324218035,0.003991778939962387,0.0036837789230048656,0.003348445286974311,0.003054222324863076,0.0028611128218472004,0.002800667891278863,0.0027535567060112953,0.002686223713681102,0.0026415560860186815,0.002589779207482934,0.0025266679003834724,0.002459556795656681,0.002376444637775421,0.0022848891094326973,0.002233111299574375,0.0021546678617596626,0.0020500016398727894,0.0019537790212780237,0.0018660008208826184,0.001805112580768764,0.0017268897499889135,0.0016480013728141785,0.0016077794134616852,0.00156577886082232,0.0015002228319644928,0.0014482231345027685,0.0013971118023619056,0.001339556067250669,0.0012637786567211151,0.0011520000407472253,0.0010499999625608325,0.0009706669952720404,0.000873334298375994,0.0008086682064458728,0.0003464457986410707,0.00034000060986727476,0.000341334700351581,0.00035466832923702896,0.0003533346753101796,0.0003502232430037111,0.0003453331592027098,0.00033533366513438523,0.00033200159668922424,0.00032177899265661836,0.0003200011851731688,0.0002997782430611551,0.00029733445262536407,0.0002842239337041974,0.000296223908662796,0.0002977786061819643,0.0002966676256619394,0.00030444521689787507,0.0002997782430611551,0.00029177882242947817,0.0002773350279312581,0.00026577876997180283,0.0002511123020667583,0.00024777857470326126,0.0002493336796760559,0.0002508900361135602,0.0002500005066394806,0.00024022244906518608,0.0002300010819453746,0.00021577875304501504,0.00021466778707690537,0.00021666660904884338,0.0002164451580028981,0.00021577875304501504,0.00021644558000843972,0.00020622338342946023,0.0002073347568511963,0.00021466695761773735,0.0002097785472869873,0.00021311227465048432,0.0002106676547555253,0.00020888943981844932,0.00021444633603096008,0.000213779101613909,0.00021289040159899741,0.00020555696391966194,0.0001933342864504084,0.00018400077533442527,0.00017733375716488808,0.0001802233309717849,0.00018955643463414162,0.00020555572700686753,0.00021200130868237466,0.00020466661953832954,0.00019822269678115845,0.00017822327208705246,0.00017177892732433975,0.00017044444393832237,0.00017488996672909707,0.00018111203098669648,0.00018488947534933686,0.00018888918566517532,0.00017933423805516213,0.00017866741109173745,0.0001762231986504048,0.0001711125223664567,0.0001677792170085013,0.0001628895552130416,0.00015755619097035378,0.00014911219477653503,0.00015177867317106575,0.00013911227870266885,7.422268390655518e-05,7.111579179763794e-06
443,236176,1148,2024-11-16,29.203,29.223,-88.607,-88.594,29.213,-88.6005,41.2,10.2,100.0,30.0,67.1,,,,,,,39.5,77.0,,26.63,26.58,25.33,36.23,36.24,36.42,1.421,1.329,1.263,5.9,5.9,5.5,,,,467.28284690192055,0.006850250996649265,0.006894001271575689,0.006993250921368599,0.00693800114095211,0.00689725112169981,0.007165501359850168,0.007432251702994108,0.007574001327157021,0.007587500847876072,0.007550250738859177,0.007486000657081604,0.007606750354170799,0.007800251245498657,0.007577250711619854,0.007434000726789236,0.007681751158088446,0.007769250776618719,0.007776001002639532,0.007686250377446413,0.007664750795811415,0.007997751235961914,0.008075499907135963,0.007764000445604324,0.007477250415831804,0.0074007511138916016,0.00730225071310997,0.007172750309109688,0.0071067507378757,0.007051500491797924,0.007017750758677721,0.006947250571101904,0.006849001161754131,0.006764250807464123,0.006718250922858715,0.006782750599086285,0.006735251750797033,0.006531252060085535,0.006411251612007618,0.006320001091808081,0.0062092505395412445,0.006146750878542662,0.006087501533329487,0.005951250903308392,0.005864250473678112,0.005865751300007105,0.00589450029656291,0.00595700042322278,0.00600050063803792,0.005996250547468662,0.005946251098066568,0.005897500552237034,0.005836250726133585,0.005757500883191824,0.005679750815033913,0.005621001124382019,0.005529251415282488,0.005455000326037407,0.005405250005424023,0.005238500889390707,0.005048250779509544,0.004856000654399395,0.004628750495612621,0.004411750007420778,0.00420175027102232,0.003972251433879137,0.0036582504399120808,0.003301250282675028,0.003007500432431698,0.00281550083309412,0.0027452511712908745,0.0026995008811354637,0.0026290006935596466,0.0025695012882351875,0.002525999676436186,0.002465000841766596,0.0023697512224316597,0.002294751349836588,0.0022172508761286736,0.002144250553101301,0.002069750800728798,0.0019837510772049427,0.0018852516077458858,0.0017887512221932411,0.0017065014690160751,0.0016352511011064053,0.0015832516364753246,0.0015385015867650509,0.001488750334829092,0.001429001335054636,0.0013847509399056435,0.0013377508148550987,0.0012670005671679974,0.0011770008131861687,0.0010907500982284546,0.0010052509605884552,0.0009147506207227707,0.0008310009725391865,0.0007632509805262089,0.000335001852363348,0.0003167516551911831,0.00031850114464759827,0.0003177514299750328,0.00030750082805752754,0.00031525082886219025,0.00031925132498145103,0.0003142505884170532,0.0003105001524090767,0.00030250102281570435,0.0002932511270046234,0.0002750013954937458,0.00027450080960989,0.00027125095948576927,0.00027299998328089714,0.00028425129130482674,0.00028625084087252617,0.00028625037521123886,0.00028350064530968666,0.00026800064370036125,0.0002565006725490093,0.00025025056675076485,0.00024175038561224937,0.0002377512864768505,0.0002400004304945469,0.00023975130170583725,0.00024400092661380768,0.00023975037038326263,0.0002287500537931919,0.0002210005186498165,0.00021375063806772232,0.00020800111815333366,0.00020800065249204636,0.0002050013281404972,0.00020475080236792564,0.00020425068214535713,0.00020475080236792564,0.00020250026136636734,0.00019925180822610855,0.0001967516727745533,0.00019375095143914223,0.00019700033590197563,0.00019800057634711266,0.0002000005915760994,0.0001982501707971096,0.0001945015974342823,0.00019150134176015854,0.00017750076949596405,0.0001755007542669773,0.00018800096586346626,0.0001977509818971157,0.0002217511646449566,0.00023025088012218475,0.00021925149485468864,0.00020575150847434998,0.00018625054508447647,0.00017800042405724525,0.00017425091937184334,0.00017925119027495384,0.0001854998990893364,0.00018875068053603172,0.00019025104120373726,0.000190000981092453,0.00018975138664245605,0.00018875114619731903,0.00018675019964575768,0.00018175039440393448,0.00017525069415569305,0.00016850093379616737,0.00016375072300434113,0.00016100145876407623,0.00014575058594346046,5.9500802308321e-05,-7.492490112781525e-07
444,236177,1148,2024-11-16,29.331,29.335,-88.434,-88.408,29.333,-88.421,34.8,9.6,110.0,30.0,7.7,,,,,,,32.0,61.0,,25.91,25.92,26.08,35.96,35.95,36.24,0.178,0.158,0.957,6.0,6.0,5.7,,,,468.7361936552443,0.006208001170307398,0.006262889597564936,0.00632800068706274,0.006267112214118242,0.006252000108361244,0.0064697787165641785,0.006642889231443405,0.006732445675879717,0.006762667093425989,0.00674444530159235,0.006658889818936586,0.006786667741835117,0.006947111804038286,0.006711333990097046,0.006607112009078264,0.006818445399403572,0.00686822272837162,0.006850000470876694,0.006748223211616278,0.006726000923663378,0.007035556714981794,0.00709177739918232,0.006812222767621279,0.006565334275364876,0.006472445093095303,0.006365334615111351,0.006237778812646866,0.006185334175825119,0.00613955594599247,0.006090223323553801,0.006025111768394709,0.0059497784823179245,0.005867778789252043,0.005835556425154209,0.005888667423278093,0.005841556005179882,0.005673334002494812,0.005570223089307547,0.005494223441928625,0.0054086679592728615,0.00537177873775363,0.005320001393556595,0.005219333805143833,0.005169333890080452,0.005179333966225386,0.005205556750297546,0.005264223553240299,0.005312889814376831,0.005318001378327608,0.005277334246784449,0.005240222904831171,0.005189778283238411,0.00513533316552639,0.005088000558316708,0.005037111695855856,0.004956668242812157,0.004912001080811024,0.004874222446233034,0.0047342232428491116,0.004584000911563635,0.004428445361554623,0.004251334350556135,0.004081779159605503,0.003912223502993584,0.0037160003557801247,0.0034468902740627527,0.0031328897457569838,0.0028628893196582794,0.002698667347431183,0.002633334370329976,0.002580667147412896,0.0025173339527100325,0.0024866675958037376,0.0024477785918861628,0.0023788900580257177,0.0022993336897343397,0.0022308900952339172,0.002154445508494973,0.002087334403768182,0.0020137785468250513,0.0019273343496024609,0.0018377788364887238,0.0017451117746531963,0.001659334171563387,0.0015991119435057044,0.0015555558493360877,0.001509778667241335,0.0014580008573830128,0.001398445456288755,0.0013573343167081475,0.001307778526097536,0.0012366676237434149,0.0011531122727319598,0.0010586678981781006,0.0009611120913177729,0.0008706673979759216,0.0007924458477646112,0.0007344447076320648,0.0002893341879826039,0.0002831125457305461,0.0002906674344558269,0.0002888892195187509,0.0002811116573866457,0.00028133392333984375,0.00028466805815696716,0.0002837789652403444,0.00027800103998743,0.0002660014433786273,0.0002613336546346545,0.00025088959955610335,0.0002468894817866385,0.00024377844238188118,0.0002444452838972211,0.00025422332691960037,0.00025688938330858946,0.0002577785053290427,0.00025244554853998125,0.00023844506358727813,0.00022733377409167588,0.00021889060735702515,0.00022066757082939148,0.00022066757082939148,0.00021822337293997407,0.00021355639910325408,0.0002066675224341452,0.0001960007648449391,0.00019155649351887405,0.00018622353672981262,0.00018266754341311753,0.0001800006430130452,0.00017755685257725418,0.0001773345866240561,0.00017777871107682586,0.0001762231986504048,0.0001768900256138295,0.00017866781854536384,0.00017755644512362778,0.00017644547915551811,0.00017822327208705246,0.00017911195755004883,0.00018155615543946624,0.0001837785093812272,0.0001833335409173742,0.00018200071644969285,0.00017555679369252175,0.00017577905964571983,0.00016955618048086762,0.00016533459711354226,0.00016355638217646629,0.0001600012183189392,0.0001628895552130416,0.0001637782552279532,0.0001606680452823639,0.00014844536781311035,0.00014555620145983994,0.0001464452943764627,0.0001537787466077134,0.00016044493531808257,0.00016200086975004524,0.00016111259174067527,0.0001571120519656688,0.00015577880549244583,0.00015689019346609712,0.00015444515156559646,0.00015088956570252776,0.00014577929687220603,0.00013911185669712722,0.00013511255383491516,0.0001335566194029525,0.00012444498133845627,5.755573511123657e-05,-1.355426138616167e-05
445,236178,1148,2024-11-16,29.398,29.399,-88.364,-88.338,29.3985,-88.351,29.8,11.4,117.0,30.0,17.2,,,,,,,27.5,53.0,,25.83,25.83,26.06,35.88,35.88,36.18,0.157,0.157,0.419,6.0,6.0,5.9,,,,471.60037982487535,0.006060222629457712,0.006211778614670038,0.006202667485922575,0.006092667113989592,0.006134890019893646,0.0063195559196174145,0.00645622331649065,0.006581111811101437,0.006615111604332924,0.00654288986697793,0.006425555795431137,0.0065653338097035885,0.006735556293278933,0.006488224025815725,0.006385556887835264,0.00659044599160552,0.0066362228244543076,0.006632445380091667,0.006528222933411598,0.006499333772808313,0.006804444827139378,0.006850000470876694,0.006568667478859425,0.0063264453783631325,0.0062371124513447285,0.006135556381195784,0.00601355591788888,0.005951335188001394,0.005894889123737812,0.005848000757396221,0.005776667967438698,0.005705112591385841,0.005626667756587267,0.005598445422947407,0.005657778587192297,0.005618223454803228,0.005472445860505104,0.0053688897751271725,0.0052902232855558395,0.005225112661719322,0.0052095563150942326,0.005174668040126562,0.0050964453257620335,0.005064001306891441,0.0050735571421682835,0.005093778483569622,0.005158667452633381,0.005229556933045387,0.0052391113713383675,0.005206000059843063,0.005186223424971104,0.0051462226547300816,0.005113111808896065,0.0050822230987250805,0.005045111756771803,0.004978668410331011,0.004942890256643295,0.0049171121791005135,0.004782223608344793,0.004647556692361832,0.004518001340329647,0.004358445294201374,0.004208223428577185,0.004054667428135872,0.0038746679201722145,0.0036211125552654266,0.003304890124127269,0.0030222225468605757,0.002862445078790188,0.002807778539136052,0.0027597786393016577,0.0026946680154651403,0.0026540011167526245,0.0026162234134972095,0.0025551116559654474,0.002470889827236533,0.002394222654402256,0.002320001134648919,0.002243111841380596,0.0021660004276782274,0.002092889975756407,0.001993779093027115,0.0018913340754806995,0.0018055563559755683,0.0017473341431468725,0.0017073340713977814,0.0016513350419700146,0.0015933343674987555,0.0015313340118154883,0.00148311210796237,0.0014400010695680976,0.0013633345952257514,0.0012651114957407117,0.0011655568378046155,0.0010560001246631145,0.0009542240295559168,0.0008715561125427485,0.0008082232670858502,0.00034155615139752626,0.00033733496093191206,0.0003364450531080365,0.0003333344357088208,0.0003228899440728128,0.0003200011851731688,0.0003322238626424223,0.0003320003452245146,0.0003226676781196147,0.00030911259818822145,0.0002991118235513568,0.00028822323656640947,0.00028377852868288755,0.00027888931799679995,0.0002786674303933978,0.0002917779784183949,0.00029577812529169023,0.00030155686545185745,0.0002984449965879321,0.00028444535564631224,0.00027266808319836855,0.00026377910398878157,0.0002597781422082335,0.00025244554853998125,0.00024866810417734087,0.00024466795730404556,0.00023888962459750473,0.0002331116993445903,0.00022800100850872695,0.00022133356833364815,0.00021822254348080605,0.0002140009601134807,0.00021577833103947341,0.000213334133150056,0.0002140009601134807,0.00021355639910325408,0.0002097789547406137,0.00021244544768705964,0.00020933440828230232,0.0002097785472869873,0.00021266730618663132,0.0002140009601134807,0.00021511192608159035,0.0002153333625756204,0.00021177819871809334,0.00021088992070872337,0.0002066671004286036,0.00020911172032356262,0.00020533427596092224,0.00021066723274998367,0.0002166678459616378,0.00021866791939828545,0.00022444460773840547,0.00021400053810793906,0.00020111228513997048,0.00018400077533442527,0.00017622279119677842,0.00017466768622398376,0.00018244526290800422,0.00018888960767071694,0.00018755553173832595,0.00018711139273364097,0.00018244526290800422,0.00018133429693989456,0.0001833335409173742,0.00017800141358748078,0.00017488954472355545,0.00016755610704421997,0.00016155632329173386,0.0001604453573236242,0.0001568897714605555,0.00014533434296026826,6.533414125442505e-05,-9.55536961555481e-06
446,236179,1148,2024-11-16,29.482,29.489,-88.234,-88.211,29.4855,-88.2225,27.2,8.0,102.0,30.0,8.1,,,,,,,26.0,50.0,,25.7,25.71,26.08,35.91,35.91,36.15,0.1,0.218,0.595,6.0,6.1,5.9,97.334,97.3637,96.2765,472.55240997162866,0.00674977945163846,0.006730667315423489,0.006772890221327543,0.006630001123994589,0.006583334878087044,0.006830668076872826,0.00705866701900959,0.007128002122044563,0.007117556408047676,0.007003334816545248,0.0068651121109724045,0.007009333930909634,0.00716777890920639,0.006871556863188744,0.00672955671325326,0.006946666166186333,0.0069862231612205505,0.0069631123915314674,0.006866667419672012,0.006854889914393425,0.007111112121492624,0.007112666964530945,0.006835778243839741,0.006578222848474979,0.006480223033577204,0.0063575562089681625,0.00621444545686245,0.006146444473415613,0.00606200098991394,0.00601066742092371,0.005952667910605669,0.00588844483718276,0.005786667112261057,0.005754444748163223,0.005835112649947405,0.0057697780430316925,0.005606889259070158,0.005505334585905075,0.005444000940769911,0.005391555838286877,0.005367334466427565,0.005330890417098999,0.005239334423094988,0.005212000571191311,0.005253111943602562,0.0052666678093373775,0.00531333452090621,0.005382445640861988,0.005395333282649517,0.005351111758500338,0.005330223590135574,0.0053068893030285835,0.005268445238471031,0.005225556902587414,0.005200889427214861,0.005144445225596428,0.005104444921016693,0.005078890360891819,0.004966444801539183,0.0048357779160141945,0.0046995566226542,0.0045560006983578205,0.004406666848808527,0.004243112169206142,0.004066890105605125,0.003822444938123226,0.0035131117329001427,0.003234001575037837,0.0030648899264633656,0.0029971119947731495,0.0029406670946627855,0.002875111997127533,0.0028400011360645294,0.002804223448038101,0.002750223269686103,0.002667112508788705,0.0025906674563884735,0.002505555748939514,0.0024206675589084625,0.0023580011911690235,0.0022742231376469135,0.002147333463653922,0.0020420013461261988,0.0019631115719676018,0.0019073341973125935,0.0018731115851551294,0.001820667297579348,0.0017568891635164618,0.001696223160251975,0.0016393342521041632,0.001580668380483985,0.0014960004482418299,0.001393778482452035,0.0012837781105190516,0.0011675560381263494,0.001062889932654798,0.000976000796072185,0.0009022235171869397,0.00037777877878397703,0.0003560007316991687,0.00035822310019284487,0.00036088956403546035,0.0003528897068463266,0.00035666755866259336,0.00036466741585172713,0.0003600004711188376,0.0003462226886767894,0.0003260009689256549,0.00031489008688367903,0.00031377829145640135,0.0003062229952774942,0.00030533430981449783,0.0003042233583983034,0.0003126681549474597,0.00031933479476720095,0.0003246673149988055,0.0003197785117663443,0.0003064452903345227,0.00029177882242947817,0.00028422268223948777,0.00028577944613061845,0.00027777874493040144,0.00027488917112350464,0.0002671120164450258,0.00026044496917165816,0.0002533342340029776,0.00024733360623940825,0.00023911148309707642,0.00023466761922463775,0.0002260005276184529,0.0002235567371826619,0.00022511184215545654,0.00023111162590794265,0.000232889418839477,0.00023111162590794265,0.00023288984084501863,0.0002297783939866349,0.00023022334789857268,0.00023511135077569634,0.000234223494771868,0.00023133390641305596,0.00023511218023486435,0.00023355624580290169,0.00023177887487690896,0.00022889011597726494,0.00022777874255552888,0.00021800067042931914,0.00022177853679750115,0.00022133399033918977,0.00022155625629238784,0.00023088976740837097,0.0002222222537966445,0.00021422322606667876,0.00019577890634536743,0.00018911229562945664,0.00019022283959202468,0.00019222332048229873,0.00019911221170332283,0.0001973348407773301,0.00019111152505502105,0.00019044552755076438,0.00018577899027150124,0.00018933374667540193,0.00018866732716560364,0.00018266795086674392,0.0001762231986504048,0.00016822252655401826,0.000166222860570997,0.0001595562498550862,0.00014755626034457237,6.577828025911003e-05,-8.443577826255932e-06
447,236180,1148,2024-11-16,29.59,29.573,-87.982,-87.964,29.5815,-87.973,23.9,8.6,71.0,30.0,13.1,,,,25.0,,5.0,22.0,42.0,,25.63,25.6,25.6,36.09,36.08,36.09,0.095,0.157,0.289,6.0,6.1,6.1,,,,472.4256493942605,0.01029999926686287,0.00995200127363205,0.010046001523733139,0.009984001517295837,0.010066002607345581,0.010400000959634781,0.010331999510526657,0.010360002517700195,0.010145999491214752,0.009867999702692032,0.009720001369714737,0.009754002094268799,0.009932000190019608,0.009654000401496887,0.009339999407529831,0.009408000856637955,0.009390000253915787,0.009332001209259033,0.009153999388217926,0.009052000939846039,0.009341999888420105,0.009400002658367157,0.009026002138853073,0.008710000663995743,0.00850600004196167,0.008287999778985977,0.008128002285957336,0.008021999150514603,0.007942002266645432,0.007926002144813538,0.007851999253034592,0.007654000073671341,0.007534001022577286,0.007589999586343765,0.007546000182628632,0.007481999695301056,0.007376000285148621,0.007215999066829681,0.007102001458406448,0.007001999765634537,0.006955999881029129,0.006905999034643173,0.00680600106716156,0.006744001060724258,0.006818000227212906,0.006774000823497772,0.006758000701665878,0.006843999028205872,0.006788000464439392,0.006735999137163162,0.006712000817060471,0.006686002016067505,0.006682001054286957,0.006599999964237213,0.006554000079631805,0.006466001272201538,0.006394002586603165,0.006300002336502075,0.006122000515460968,0.0060259997844696045,0.005882002413272858,0.005694001913070679,0.005527999252080917,0.0053640007972717285,0.005150001496076584,0.004838000982999802,0.004482001066207886,0.0041680000722408295,0.003949999809265137,0.0038180015981197357,0.0037440024316310883,0.00372999906539917,0.0037040002644062042,0.003600001335144043,0.0035260021686553955,0.0034699998795986176,0.0033180005848407745,0.0031840018928050995,0.003140002489089966,0.003100000321865082,0.0029879994690418243,0.0028260014951229095,0.0026740022003650665,0.0025340020656585693,0.0024599991738796234,0.002422001212835312,0.0023780018091201782,0.0022820010781288147,0.002206001430749893,0.0021700002253055573,0.0020560026168823242,0.0019760020077228546,0.0019039995968341827,0.001746002584695816,0.001556001603603363,0.0014480017125606537,0.0013759993016719818,0.0012819990515708923,0.0005399994552135468,0.000532001256942749,0.0005280002951622009,0.000509999692440033,0.0005020014941692352,0.000493999570608139,0.0005000010132789612,0.00047600269317626953,0.0004200004041194916,0.00041200220584869385,0.0004220008850097656,0.0004200004041194916,0.0004100017249584198,0.00040800124406814575,0.00043800100684165955,0.00044200196862220764,0.00045400112867355347,0.00045400112867355347,0.00042999908328056335,0.0004200004041194916,0.00040400028228759766,0.0004060007631778717,0.00041200220584869385,0.0003720000386238098,0.000360000878572464,0.00033999979496002197,0.0003140009939670563,0.0003200024366378784,0.0003100000321865082,0.00027799978852272034,0.0002700015902519226,0.00027799978852272034,0.0002960003912448883,0.0003040023148059845,0.0003140009939670563,0.0003100000321865082,0.0002900026738643646,0.00029399991035461426,0.00030200183391571045,0.0003040023148059845,0.00030799955129623413,0.00030799955129623413,0.0002880021929740906,0.0002840012311935425,0.0002880021929740906,0.0002880021929740906,0.0002900026738643646,0.0003100000321865082,0.00029800087213516235,0.0003000013530254364,0.0002919994294643402,0.0002619996666908264,0.00027200207114219666,0.0002540014684200287,0.0002400018274784088,0.0002159997820854187,0.0002159997820854187,0.00022200122475624084,0.0002459995448589325,0.00024800002574920654,0.00023199990391731262,0.0002200007438659668,0.00020400062203407288,0.00021200254559516907,0.0002240017056465149,0.00023199990391731262,0.0002159997820854187,0.00020800158381462097,0.00019600242376327515,0.00018800050020217896,0.00019600242376327515,0.0001860000193119049,0.00011800229549407959,8.001923561096191e-06
448,236181,1148,2024-11-16,29.962,29.97,-88.145,-88.121,29.966,-88.133,16.8,14.8,79.0,30.0,426.8,,,,,,5.0,15.5,29.0,,24.92,24.8,24.8,35.72,35.72,35.73,0.999,1.128,1.309,6.4,6.3,6.2,93.7977,93.5362,92.4015,,,,,,,,,,,,,,,,,,,,,,,,,,,,,,,,,,,,,,,,,,,,,,,,,,,,,,,,,,,,,,,,,,,,,,,,,,,,,,,,,,,,,,,,,,,,,,,,,,,,,,,,,,,,,,,,,,,,,,,,,,,,,,,,,,,,,,,,,,,,,,,,,,,,,,,,,,,,,,,,,,,,,,,,,,,,,
449,236182,1148,2024-11-22,30.043,30.047,-87.379,-87.352,30.045,-87.3655,15.6,18.0,288.0,30.0,,,,,,,,14.0,26.0,,23.84,23.87,23.87,35.41,35.41,35.41,1.29,1.285,1.112,6.2,6.1,6.2,95.0423,94.4701,94.2866,508.24633505909895,0.001652000704780221,0.0016588895814493299,0.001708666910417378,0.001544889877550304,0.0014286679215729237,0.0016933339647948742,0.0019664450082927942,0.0020073342602699995,0.0019531117286533117,0.0018273335881531239,0.001711111981421709,0.0018293344182893634,0.0020944448187947273,0.0019357784185558558,0.0017522233538329601,0.0019117784686386585,0.0020304450299590826,0.0020773347932845354,0.001980222761631012,0.001914667198434472,0.002273334888741374,0.002484223572537303,0.0022777786944061518,0.0020586673635989428,0.002028445014730096,0.0019846674986183643,0.0019377788994461298,0.0019457782618701458,0.0019495561718940735,0.0019653337076306343,0.0019497788744047284,0.0019380003213882446,0.0019331122748553753,0.0019364452455192804,0.002043556421995163,0.0021060009021312,0.0020293344277888536,0.002013334073126316,0.002042445121333003,0.0020862226374447346,0.0021495562978088856,0.002203556476160884,0.0022055564913898706,0.0022026672959327698,0.0022480012848973274,0.002291112206876278,0.002356445649638772,0.0024146672803908587,0.002428000094369054,0.0024517783895134926,0.00250400067307055,0.002550223609432578,0.0026084454730153084,0.0026815554592758417,0.0027240009512752295,0.0027306671254336834,0.0027822230476886034,0.0028564457315951586,0.0028526680544018745,0.002850223332643509,0.0028702227864414454,0.0028775567188858986,0.0028924448415637016,0.002925778506323695,0.0029442226514220238,0.002879778854548931,0.002767555881291628,0.002670000772923231,0.0026255559641867876,0.0026424452662467957,0.002665556501597166,0.002661112230271101,0.0026884451508522034,0.002728000283241272,0.002742667682468891,0.0027240014169365168,0.0027126669883728027,0.002698000520467758,0.0026975562795996666,0.002690000692382455,0.002663112012669444,0.0026251119561493397,0.0025748892221599817,0.0025395560078322887,0.0025262231938540936,0.0025226676370948553,0.0025184452533721924,0.0025011119432747364,0.002466666977852583,0.0024293342139571905,0.002382001606747508,0.0023037781938910484,0.002187334466725588,0.0020468896254897118,0.0018853346118703485,0.0017246670322492719,0.001579112489707768,0.0014640010194852948,0.0006315563223324716,0.0006122228805907071,0.0006108900997787714,0.0006064449553377926,0.0006006674375385046,0.0006002229056321084,0.000587111571803689,0.0005722228088416159,0.0005660011665895581,0.0005577790434472263,0.0005435562925413251,0.0005275565781630576,0.0005208899383433163,0.0005188898649066687,0.000520223518833518,0.0005326680839061737,0.0005400006775744259,0.000541778514161706,0.0005317789618857205,0.0005177785060368478,0.0004993350012227893,0.0004855568113271147,0.0004766674537677318,0.0004664452571887523,0.00046000131987966597,0.0004488900303840637,0.0004371119139250368,0.0004231126804370433,0.0004095567564945668,0.00039977827691473067,0.0003946676151826978,0.0003946676151826978,0.00039844546699896455,0.00040466751670464873,0.00041689060162752867,0.00042488923645578325,0.0004366673529148102,0.00045133382081985474,0.00046466788626275957,0.0004782233736477792,0.0004913338925689459,0.000502890208736062,0.0005137779517099261,0.0005217794678173959,0.0005231123068369925,0.0005200012819841504,0.0005113345687277615,0.0004957786295562983,0.0004693344235420227,0.00044688995694741607,0.0004262228903826326,0.0004246665339451283,0.0004333344695623964,0.0004333344695623964,0.0004233337240293622,0.00039755634497851133,0.00037755692028440535,0.00036844529677182436,0.000366223364835605,0.00036800073576159775,0.0003624450764618814,0.00035466792178340256,0.0003426675102673471,0.00033800138044171035,0.00033155662822537124,0.00032311223912984133,0.00031177865457721055,0.00029755631112493575,0.00028533407021313906,0.00027533454704098403,0.00027066716575063765,0.0002566671173553914,0.0001606676378287375,6.400048732757568e-05
450,236183,1148,2024-11-22,29.903,29.88,-86.082,-86.07,29.8915,-86.076,21.3,13.3,330.0,30.0,56.8,,,,,,5.0,20.5,38.0,,24.56,24.56,24.58,36.3,36.3,36.3,1.811,1.567,1.471,6.0,6.0,6.0,,,,491.9678978645736,0.003771555842831731,0.0038453340530395508,0.0039702230133116245,0.0038595562800765038,0.003820667741820216,0.004145778715610504,0.004395778756588697,0.004427778068929911,0.004398445598781109,0.004310000687837601,0.004222445655614138,0.00438377819955349,0.0046515557914972305,0.004452889785170555,0.0042822230607271194,0.004473778884857893,0.004592668265104294,0.004630889743566513,0.0045126681216061115,0.004486223682761192,0.0048648901283741,0.005022223107516766,0.004769111983478069,0.0044922237284481525,0.004409557208418846,0.004310666583478451,0.00419866805896163,0.004171112552285194,0.004150889348238707,0.004153778776526451,0.004124000668525696,0.004088444635272026,0.004074667580425739,0.004080667160451412,0.004190000705420971,0.004214889835566282,0.004114223178476095,0.004090668633580208,0.004116445314139128,0.00415800092741847,0.004240000620484352,0.0043226671405136585,0.004354668315500021,0.004386222921311855,0.004472223110496998,0.004538222681730986,0.004609334282577038,0.00466933473944664,0.004684667102992535,0.004697334952652454,0.004751557018607855,0.004795112181454897,0.004845112096518278,0.0049073342233896255,0.0049493336118757725,0.00494644558057189,0.004984444938600063,0.005035556387156248,0.004995778668671846,0.004969334229826927,0.004962889943271875,0.00493600033223629,0.004921556916087866,0.0049140010960400105,0.0048620011657476425,0.004709555767476559,0.004476001486182213,0.004242001101374626,0.004099112469702959,0.004074444994330406,0.004083333536982536,0.0040584453381598,0.0040557789616286755,0.004056001082062721,0.004025778267532587,0.003968000877648592,0.003910889849066734,0.0038302233442664146,0.0037562225479632616,0.0036837784573435783,0.0035915570333600044,0.00348089006729424,0.0033660009503364563,0.0032726675271987915,0.0032155567314475775,0.003174223005771637,0.003138889791443944,0.0030855569057166576,0.003013778477907181,0.0029391120187938213,0.002851778408512473,0.0027260014321655035,0.002563334070146084,0.002385778585448861,0.0021880008280277252,0.0019820008892565966,0.0017853346653282642,0.001628889818675816,0.0006591127021238208,0.0006428898777812719,0.0006391112110577524,0.0006277788779698312,0.0006197786424309015,0.0006120006437413394,0.000597778707742691,0.0005937785608693957,0.000594667682889849,0.000583334534894675,0.000570666859857738,0.0005528897745534778,0.0005422234535217285,0.0005353341693989933,0.0005337782204151154,0.0005433348123915493,0.000547778676263988,0.00054666813230142,0.0005333336885087192,0.0005191121599636972,0.0005022229161113501,0.0004893338773399591,0.00048355633043684065,0.0004735564289148897,0.0004651120107155293,0.0004533343017101288,0.0004397792217787355,0.000423334538936615,0.0004100013175047934,0.00040044469642452896,0.0003940007882192731,0.0003933343687094748,0.00039444532012566924,0.0003971118130721152,0.0004060011706314981,0.0004108895955141634,0.0004168893792666495,0.0004240009584464133,0.0004324445326346904,0.00044133432675153017,0.0004495560424402356,0.0004591118195094168,0.0004671116766985506,0.0004728900094050914,0.0004735568363685161,0.00046911215758882463,0.0004604454734362662,0.0004435570735950023,0.0004128900764044374,0.00038422230863943696,0.0003611122665461153,0.00035955675411969423,0.0003697789506986737,0.0003731118340510875,0.00036444555735215545,0.00034111159038729966,0.0003222227096557617,0.00031777884578332305,0.0003166678943671286,0.00031933479476720095,0.00031177824712358415,0.00030533430981449783,0.0002960007986985147,0.00029155652737244964,0.0002871118485927582,0.0002791119914036244,0.00026866712141782045,0.000255778431892395,0.0002435569913359359,0.00023422307276632637,0.00022911197447683662,0.00021311268210411072,0.00011622367310337722,1.2445367246982642e-05
451,236184,1148,2024-11-22,29.706,29.728,-86.053,-86.059,29.717,-86.056,25.4,15.8,322.0,30.0,6.0,,,,,,2.0,24.0,45.0,,25.04,25.07,25.07,36.32,36.32,36.32,0.317,0.54,0.554,6.0,6.0,6.0,95.5576,95.4024,94.9685,488.41898303355254,0.004839111585170031,0.004925111774355173,0.005032889544963837,0.004914445336908102,0.004860445391386747,0.005194223020225763,0.005466444883495569,0.005513778887689114,0.0054997787810862064,0.005414667539298534,0.005333556793630123,0.005497779231518507,0.0057386672124266624,0.005553556606173515,0.005379779264330864,0.005584889557212591,0.0057215564884245396,0.005750223528593779,0.005630666855722666,0.0055917794816195965,0.0059684449806809425,0.006105778738856316,0.00582688907161355,0.005538223311305046,0.005438000895082951,0.005321334581822157,0.0052075558342039585,0.005177556537091732,0.0051406677812337875,0.0051344456151127815,0.0051040006801486015,0.0050637791864573956,0.005038445349782705,0.005039778538048267,0.005149779375642538,0.005168667994439602,0.005057778675109148,0.005030445754528046,0.005056001245975494,0.005081778392195702,0.00516000110656023,0.005244667641818523,0.005271334201097488,0.0053086671978235245,0.005396001040935516,0.005455777980387211,0.005534222815185785,0.005591333378106356,0.005601556971669197,0.005616223439574242,0.005659779068082571,0.005686668213456869,0.005726667121052742,0.005792445503175259,0.005838444922119379,0.005829778965562582,0.005852445028722286,0.0058888900093734264,0.0058431122452020645,0.005793556571006775,0.005759777966886759,0.005714445374906063,0.005665111821144819,0.005621778313070536,0.005535779055207968,0.005335334688425064,0.0050451126880943775,0.0047522238455712795,0.004564444534480572,0.004512446001172066,0.004504445008933544,0.004471112042665482,0.004455778282135725,0.004443556535989046,0.004401778802275658,0.004326889291405678,0.004251556936651468,0.0041555557399988174,0.004067111294716597,0.003981111571192741,0.0038691116496920586,0.003732667537406087,0.00359644484706223,0.003483555745333433,0.00341111165471375,0.0033597785513848066,0.00331333396025002,0.0032435564789921045,0.003156001679599285,0.003071335144340992,0.0029757784213870764,0.0028362232260406017,0.002662000944837928,0.0024742232635617256,0.0022660004906356335,0.002055334858596325,0.001851778943091631,0.0016902233473956585,0.0006993342540226877,0.0006828896002843976,0.0006751120090484619,0.0006613342557102442,0.0006573341088369489,0.0006500010495074093,0.0006304457783699036,0.000623333384282887,0.000625333865173161,0.0006180003983899951,0.0006042226450517774,0.0005868896842002869,0.0005813344614580274,0.0005726677482016385,0.0005697790184058249,0.0005822235252708197,0.0005842223763465881,0.0005822235252708197,0.0005695571308024228,0.0005517788231372833,0.0005311121349222958,0.0005168898496776819,0.0005111114587634802,0.000502890208736062,0.0004993345937691629,0.000489111989736557,0.00047400096082128584,0.00045755671453662217,0.000442000717157498,0.00043066797661595047,0.0004226677119731903,0.0004217781824991107,0.0004235555825289339,0.0004253337683621794,0.00043422315502539277,0.00043844556785188615,0.0004431121051311493,0.0004502232768572867,0.0004584458074532449,0.000466667115688324,0.00047444552183151245,0.00048177814460359514,0.0004893346922472119,0.0004935562610626221,0.000491778482683003,0.00048711232375353575,0.0004766674537677318,0.0004586676659528166,0.0004273346858099103,0.00039822360849939287,0.0003760010004043579,0.0003755564393941313,0.0003864446480292827,0.0003895556728821248,0.0003802238206844777,0.0003560003242455423,0.00033733455347828567,0.00033444579457864165,0.000332445721141994,0.00033577863359823823,0.00033088980126194656,0.00032488961005583405,0.0003126677474938333,0.0003102231421507895,0.00030444521689787507,0.0002957785327453166,0.0002886673610191792,0.00027266808319836855,0.0002600008447188884,0.000248667667619884,0.0002404447295702994,0.00022444584465119988,0.00012111208343412727,1.4666881725133862e-05
452,236185,1148,2024-11-22,29.601,29.622,-86.082,-86.091,29.6115,-86.0865,36.5,11.2,346.0,30.0,5.3,,,,,,1.0,34.5,67.0,,25.14,25.16,25.17,36.31,36.31,36.31,0.56,0.674,0.678,6.0,6.0,6.0,95.1175,95.0052,94.7793,487.30646013256165,0.0050171115435659885,0.0051231118850409985,0.005258666817098856,0.005150445271283388,0.005120222922414541,0.005468667484819889,0.005764445289969444,0.005790667608380318,0.005790222901850939,0.005720445420593023,0.005630445666611195,0.0058280001394450665,0.006084224209189415,0.00588977849110961,0.005714223254472017,0.005909333936870098,0.006046889815479517,0.006089556030929089,0.005967556033283472,0.0059248898178339005,0.00631311209872365,0.0064742229878902435,0.006196001078933477,0.005904667545109987,0.005805778317153454,0.0056842234916985035,0.005561111494898796,0.005527112632989883,0.005494445096701384,0.0054886676371097565,0.0054651121608912945,0.005431334022432566,0.005406667944043875,0.005409112200140953,0.005522223189473152,0.005543334409594536,0.005438666790723801,0.005407556425780058,0.005428222939372063,0.005461334250867367,0.005537334363907576,0.005617112386971712,0.005646667443215847,0.005682000890374184,0.005765556823462248,0.0058324458077549934,0.005911779589951038,0.005967556498944759,0.0059784455224871635,0.005991334095597267,0.0060380008071660995,0.006060667801648378,0.006092000752687454,0.006151111796498299,0.006196667905896902,0.006185334641486406,0.006210001185536385,0.006243112031370401,0.006184000987559557,0.00613155635073781,0.006087556481361389,0.006021333858370781,0.005964445415884256,0.005909778643399477,0.0057940008118748665,0.0055700005032122135,0.0052573345601558685,0.004938223399221897,0.004731333814561367,0.004669333808124065,0.004653112031519413,0.004610223695635796,0.004588890355080366,0.00457733403891325,0.004529779311269522,0.004445556551218033,0.004369111731648445,0.004274001345038414,0.004180445801466703,0.004085778724402189,0.003962445538491011,0.003820667276158929,0.0036775569897145033,0.0035573334898799658,0.003482000669464469,0.003420667489990592,0.003364445408806205,0.0032926674466580153,0.003205333836376667,0.003122667782008648,0.003023778321221471,0.0028802226297557354,0.002699556527659297,0.0025080007035285234,0.002298445673659444,0.002082223305478692,0.0018797782249748707,0.0017160007264465094,0.0007162234978750348,0.0006966665387153625,0.0006846669712103903,0.0006722232792526484,0.0006686676642857492,0.0006588891847059131,0.0006424457533285022,0.0006382229621522129,0.0006355568766593933,0.0006248897407203913,0.0006122232880443335,0.0005973337683826685,0.0005891124601475894,0.000581111351493746,0.0005793339805677533,0.0005895565846003592,0.0005908902385272086,0.00059066794347018,0.0005773339071311057,0.0005624447367154062,0.0005433348123915493,0.0005291125271469355,0.0005233341362327337,0.000514666666276753,0.0005097786779515445,0.0004991114838048816,0.0004866677918471396,0.00047044537495821714,0.0004562226531561464,0.000445334444520995,0.00043733377242460847,0.00043688921141438186,0.00043711147736757994,0.00043822245788760483,0.00044800134492106736,0.000450889696367085,0.0004568898875731975,0.0004646674497053027,0.00047088993596844375,0.0004771120147779584,0.00048466771841049194,0.0004917788901366293,0.0004986677668057382,0.0005022225086577237,0.0004993337788619101,0.0004935562610626221,0.00048222352052107453,0.00046444559120573103,0.00043488957453519106,0.000407112151151523,0.0003853336675092578,0.00038488954305648804,0.0003957785665988922,0.0003995568258687854,0.00039155615377239883,0.00036555735277943313,0.0003473344841040671,0.0003422225418034941,0.0003395568928681314,0.0003451117081567645,0.00033866820740513504,0.00033155581331811845,0.00032066760468296707,0.0003151111304759979,0.0003095567226409912,0.0003024451434612274,0.0002922229468822479,0.0002797784109134227,0.00026711157988756895,0.0002564452588558197,0.0002486672601662576,0.00023111121845431626,0.0001242231228388846,1.577867442392744e-05
453,236186,1148,2024-11-23,29.64,29.662,-85.876,-85.883,29.651,-85.8795,21.2,16.8,357.0,30.0,96.7,,,,,,,20.5,39.0,,24.63,24.63,24.64,36.33,36.33,36.33,0.711,0.723,0.728,6.1,6.1,6.1,93.7823,93.6995,93.5114,,,,,,,,,,,,,,,,,,,,,,,,,,,,,,,,,,,,,,,,,,,,,,,,,,,,,,,,,,,,,,,,,,,,,,,,,,,,,,,,,,,,,,,,,,,,,,,,,,,,,,,,,,,,,,,,,,,,,,,,,,,,,,,,,,,,,,,,,,,,,,,,,,,,,,,,,,,,,,,,,,,,,,,,,,,,,
454,236187,1148,2024-11-23,29.496,29.518,-86.017,-86.026,29.507,-86.0215,12.9,19.0,224.0,30.0,14.2,,,,,,,33.5,65.0,,24.86,24.85,24.69,36.34,36.34,36.33,0.611,0.593,0.518,6.0,6.0,6.1,95.6262,95.7681,94.3634,,,,,,,,,,,,,,,,,,,,,,,,,,,,,,,,,,,,,,,,,,,,,,,,,,,,,,,,,,,,,,,,,,,,,,,,,,,,,,,,,,,,,,,,,,,,,,,,,,,,,,,,,,,,,,,,,,,,,,,,,,,,,,,,,,,,,,,,,,,,,,,,,,,,,,,,,,,,,,,,,,,,,,,,,,,,,
455,236188,1148,2024-11-23,29.404,29.427,-85.799,-85.8,29.4155,-85.7995,24.4,17.2,345.0,30.0,67.5,,,,,,,24.0,46.0,,24.55,24.58,24.58,36.37,36.37,36.37,0.438,0.446,0.441,6.1,6.1,6.1,,,,,,,,,,,,,,,,,,,,,,,,,,,,,,,,,,,,,,,,,,,,,,,,,,,,,,,,,,,,,,,,,,,,,,,,,,,,,,,,,,,,,,,,,,,,,,,,,,,,,,,,,,,,,,,,,,,,,,,,,,,,,,,,,,,,,,,,,,,,,,,,,,,,,,,,,,,,,,,,,,,,,,,,,,,,,,,,
456,236189,1148,2024-11-23,29.099,29.121,-85.31,-85.304,29.11,-85.307,22.7,11.9,7.0,30.0,16.2,,,,,,,22.5,42.0,,25.07,25.09,25.09,36.34,36.34,36.34,0.564,0.531,0.491,5.9,5.9,5.9,,,,,,,,,,,,,,,,,,,,,,,,,,,,,,,,,,,,,,,,,,,,,,,,,,,,,,,,,,,,,,,,,,,,,,,,,,,,,,,,,,,,,,,,,,,,,,,,,,,,,,,,,,,,,,,,,,,,,,,,,,,,,,,,,,,,,,,,,,,,,,,,,,,,,,,,,,,,,,,,,,,,,,,,,,,,,,,,
457,236190,1148,2024-11-23,29.161,29.183,-85.144,-85.137,29.172,-85.1405,17.7,10.0,342.0,30.0,6.4,,,,,,6.0,18.5,35.0,,24.68,24.68,24.66,36.37,36.37,36.37,0.431,0.406,0.475,6.0,6.0,6.0,95.1306,94.9892,92.5051,,,,,,,,,,,,,,,,,,,,,,,,,,,,,,,,,,,,,,,,,,,,,,,,,,,,,,,,,,,,,,,,,,,,,,,,,,,,,,,,,,,,,,,,,,,,,,,,,,,,,,,,,,,,,,,,,,,,,,,,,,,,,,,,,,,,,,,,,,,,,,,,,,,,,,,,,,,,,,,,,,,,,,,,,,,,,
458,236191,1148,2024-11-23,29.212,29.235,-84.906,-84.902,29.2235,-84.904,16.0,9.5,337.0,30.0,80.4,,,,,,6.0,16.0,30.0,,23.27,23.28,23.28,36.23,36.23,36.23,0.913,0.967,1.107,6.2,6.2,6.2,88.3906,88.193,87.8293,,,,,,,,,,,,,,,,,,,,,,,,,,,,,,,,,,,,,,,,,,,,,,,,,,,,,,,,,,,,,,,,,,,,,,,,,,,,,,,,,,,,,,,,,,,,,,,,,,,,,,,,,,,,,,,,,,,,,,,,,,,,,,,,,,,,,,,,,,,,,,,,,,,,,,,,,,,,,,,,,,,,,,,,,,,,,
459,236192,1148,2024-11-23,29.076,29.094,-85.104,-85.121,29.085,-85.1125,20.3,8.7,335.0,30.0,5.4,,,,,,6.0,20.0,38.0,,24.65,24.65,24.64,36.39,36.39,36.39,0.243,0.432,0.541,6.0,6.0,6.0,95.1463,95.1227,95.2561,,,,,,,,,,,,,,,,,,,,,,,,,,,,,,,,,,,,,,,,,,,,,,,,,,,,,,,,,,,,,,,,,,,,,,,,,,,,,,,,,,,,,,,,,,,,,,,,,,,,,,,,,,,,,,,,,,,,,,,,,,,,,,,,,,,,,,,,,,,,,,,,,,,,,,,,,,,,,,,,,,,,,,,,,,,,,
460,236193,1148,2024-11-23,28.849,28.871,-85.013,-85.023,28.86,-85.018,28.7,3.7,293.0,30.0,24.7,,,,,,2.0,27.5,52.0,,25.18,25.08,24.89,36.32,36.33,36.36,0.265,0.61,0.404,6.0,6.0,6.1,95.876,95.9985,96.8815,,,,,,,,,,,,,,,,,,,,,,,,,,,,,,,,,,,,,,,,,,,,,,,,,,,,,,,,,,,,,,,,,,,,,,,,,,,,,,,,,,,,,,,,,,,,,,,,,,,,,,,,,,,,,,,,,,,,,,,,,,,,,,,,,,,,,,,,,,,,,,,,,,,,,,,,,,,,,,,,,,,,,,,,,,,,,
461,236194,1148,2024-11-23,28.621,28.601,-85.07,-85.058,28.611,-85.064,58.2,7.2,289.0,30.0,22.3,,,,,,1.0,52.5,103.0,,25.37,25.37,22.6,36.29,36.29,36.49,0.63,0.706,0.114,6.0,6.0,4.5,95.8461,96.0323,97.0286,,,,,,,,,,,,,,,,,,,,,,,,,,,,,,,,,,,,,,,,,,,,,,,,,,,,,,,,,,,,,,,,,,,,,,,,,,,,,,,,,,,,,,,,,,,,,,,,,,,,,,,,,,,,,,,,,,,,,,,,,,,,,,,,,,,,,,,,,,,,,,,,,,,,,,,,,,,,,,,,,,,,,,,,,,,,,
462,236195,1148,2024-11-24,28.612,28.594,-83.913,-83.896,28.603,-83.9045,17.6,2.9,319.0,30.0,69.4,,,,,,,17.0,32.0,,23.74,23.75,23.74,36.84,36.84,36.84,0.42,0.4,0.332,6.1,6.1,6.1,95.6143,95.7738,95.3705,483.01347801981797,0.004014000762254,0.004195112269371748,0.004353111609816551,0.004284222610294819,0.004288444761186838,0.004546889569610357,0.004754889756441116,0.004813333973288536,0.004853333346545696,0.004790222272276878,0.00472266785800457,0.0049753338098526,0.005130889359861612,0.004848222713917494,0.004808444995433092,0.005041556432843208,0.005144223105162382,0.005158667452633381,0.00511244498193264,0.005082001443952322,0.005402445327490568,0.0054024457931518555,0.005154890473932028,0.0049468898214399815,0.004943334497511387,0.004875556565821171,0.004773112013936043,0.004774668253958225,0.004749777261167765,0.0047575561329722404,0.004744222387671471,0.004739778582006693,0.004754667170345783,0.004769334569573402,0.004871778190135956,0.004883334971964359,0.0047806682996451855,0.004758001305162907,0.004791556857526302,0.004798890557140112,0.004876667633652687,0.004920000210404396,0.004915112629532814,0.004912445321679115,0.004986445419490337,0.005058890208601952,0.005137334112077951,0.005212889984250069,0.005249556619673967,0.00527777848765254,0.005315555725246668,0.0053331125527620316,0.005359334405511618,0.005398666951805353,0.005405555944889784,0.005396001040935516,0.005424001254141331,0.005454889498651028,0.00539266737177968,0.0053262230940163136,0.005275112111121416,0.005198890343308449,0.005102000664919615,0.004974667448550463,0.004820446018129587,0.004578223451972008,0.004273778758943081,0.003993111662566662,0.0038148898165673018,0.0037555561866611242,0.003736445913091302,0.0036926669999957085,0.0036780009977519512,0.0036615568678826094,0.003610001178458333,0.003520444966852665,0.003449556417763233,0.003369334153831005,0.0032886676490306854,0.0031968902330845594,0.00309955608099699,0.002988445572555065,0.002873555989935994,0.0027782234828919172,0.0027100008446723223,0.0026537785306572914,0.00259777856990695,0.002531778533011675,0.002444667974486947,0.0023488898295909166,0.002256445586681366,0.0021482238080352545,0.002004668116569519,0.0018548895604908466,0.0016937782056629658,0.0015195562737062573,0.0013415560824796557,0.001184222986921668,0.00045289017725735903,0.00045822354150004685,0.00045355656766332686,0.00045488940668292344,0.00044844590593129396,0.000439111958257854,0.00041933482862077653,0.00040644488763064146,0.0004102231760043651,0.00040511289262212813,0.00040155649185180664,0.00039444491267204285,0.00039177885628305376,0.0003857782285194844,0.00037177858757786453,0.00037511272239498794,0.0003726676804944873,0.0003688894212245941,0.00036200095200911164,0.0003528892993927002,0.0003402233123779297,0.0003293342888355255,0.00032422278309240937,0.0003168901603203267,0.0003133341670036316,0.00030533430981449783,0.00029533397173509,0.00029022287344560027,0.0002875564096029848,0.0002851121826097369,0.0002906674344558269,0.0003000005381181836,0.00030133334803394973,0.0003015556139871478,0.0002875564096029848,0.00028866820503026247,0.0002924448053818196,0.00029444528627209365,0.0002971117792185396,0.0002997782430611551,0.0003031115629710257,0.0003091117541771382,0.0003137787280138582,0.00031800029682926834,0.0003175561723764986,0.0003140005865134299,0.00030866803717799485,0.00029444528627209365,0.000269112060777843,0.0002497782406862825,0.0002304452209500596,0.00023155659437179565,0.00023800134658813477,0.00024066699552349746,0.00023511218023486435,0.0002193343243561685,0.00020933440828230232,0.00020488972950261086,0.0002026673755608499,0.0002035564830293879,0.00020222282910253853,0.00019955594325438142,0.00019644532585516572,0.00019577931379899383,0.00019400111341383308,0.0001871118147391826,0.00018088975048158318,0.0001795556745491922,0.00016911244892980903,0.0001602230768185109,0.00017666775966063142,0.00015155598521232605,6.666779518127441e-05,-5.999373115628259e-06
463,236196,1148,2024-11-24,28.593,28.582,-83.743,-83.719,28.5875,-83.731,15.4,2.5,273.0,30.0,81.6,,,,,,,15.0,28.0,,23.62,23.62,23.62,36.83,36.83,36.84,0.777,0.702,0.826,6.2,6.2,6.2,93.7029,93.6853,93.8236,488.06323350348237,0.004080445040017366,0.004209556616842747,0.004319778177887201,0.004241778515279293,0.004271334502846003,0.004534667357802391,0.004738222807645798,0.004792889580130577,0.004815333988517523,0.004742445424199104,0.004675779026001692,0.0049468898214399815,0.00506933405995369,0.0047975569032132626,0.004732000641524792,0.00493222288787365,0.005034222733229399,0.00507022300735116,0.005048444960266352,0.005012000910937786,0.005323557183146477,0.005309111438691616,0.005073556676506996,0.00487089017406106,0.004878445062786341,0.004804001189768314,0.004702223464846611,0.004715112037956715,0.004677778575569391,0.004691778682172298,0.0046715568751096725,0.004669333808124065,0.004690667148679495,0.004704666789621115,0.004809779115021229,0.0048215570859611034,0.004712000954896212,0.00468644592911005,0.00472044525668025,0.004733778536319733,0.004832888953387737,0.0048935567028820515,0.004902444779872894,0.0049073342233896255,0.004974222742021084,0.005054001696407795,0.005135778337717056,0.005206667818129063,0.0052542234770953655,0.005286667495965958,0.005340001080185175,0.005371556617319584,0.005429333541542292,0.005500445142388344,0.005520667880773544,0.00551866739988327,0.005551556590944529,0.005589778069406748,0.005527112167328596,0.005459556356072426,0.005421111360192299,0.005370000842958689,0.005307779181748629,0.005216667428612709,0.005105555988848209,0.0049040005542337894,0.004635111428797245,0.004394445102661848,0.00424155592918396,0.004191556945443153,0.004188889637589455,0.004154888913035393,0.00416088942438364,0.004157334100455046,0.004111556336283684,0.004032445140182972,0.003968667238950729,0.003889556508511305,0.0038235560059547424,0.0037355562672019005,0.0036402232944965363,0.0035260000731796026,0.0034168895799666643,0.0033413341734558344,0.0032888890709728003,0.0032557786908000708,0.0032188897021114826,0.0031600010115653276,0.003067778656259179,0.00295533356256783,0.002844667760655284,0.0027208898682147264,0.002541778376325965,0.002352667273953557,0.0021546678617596626,0.001939333975315094,0.0017182230949401855,0.0015166675439104438,0.0005824454128742218,0.0005982236471027136,0.0005851123132742941,0.0005842235987074673,0.0005811129813082516,0.0005686667864210904,0.0005464458372443914,0.0005295566515997052,0.0005300011835061014,0.0005202227039262652,0.0005137783591635525,0.0005144455935806036,0.0005104450974613428,0.0005026675062254071,0.0004833340644836426,0.00048422315740026534,0.00047800070024095476,0.0004737782874144614,0.00046377876424230635,0.0004557789070531726,0.0004426675441209227,0.0004306671617086977,0.00042666701483540237,0.0004175557987764478,0.0004122228128835559,0.0004008909163530916,0.00038666691398248076,0.00037844604230485857,0.00036822300171479583,0.0003626677789725363,0.00036800073576159775,0.00038822327041998506,0.00038777830195613205,0.0003886673948727548,0.00037088990211486816,0.0003728895680978894,0.00037711154436692595,0.0003797788522206247,0.00038400126504711807,0.0003855563700199127,0.0003895560803357512,0.0003935566346626729,0.0003977777960244566,0.00040022324537858367,0.0003971122205257416,0.00039555630064569414,0.0003875564434565604,0.00037400092696771026,0.00034644536208361387,0.0003233345050830394,0.00030444562435150146,0.0003035565314348787,0.00031089078402146697,0.00031177946948446333,0.00030400065588764846,0.0002864454290829599,0.0002731113927438855,0.0002673338749445975,0.0002628896036185324,0.00026089034508913755,0.0002571124932728708,0.00025444559287279844,0.0002488891186658293,0.0002462230622768402,0.00024200107145588845,0.00023177804541774094,0.0002240012981928885,0.00021377867960836738,0.0002024446876021102,0.00019022283959202468,0.00020777847385033965,0.00018711222219280899,9.111232066061348e-05,1.3334469258552417e-05
464,236197,1148,2024-11-24,28.86,28.839,-83.847,-83.836,28.8495,-83.8415,15.6,2.8,23.0,30.0,283.3,,,,,,,14.5,27.0,,23.26,23.26,23.26,36.86,36.86,36.86,0.953,0.914,0.67,6.2,6.2,6.2,94.686,94.4276,93.9585,492.5103162325831,0.0032480002846568823,0.0034113344736397266,0.003553333692252636,0.0034900004975497723,0.003515334567055106,0.0038008897099643946,0.0040180012583732605,0.004082890227437019,0.004146889317780733,0.004074889700859785,0.004010668024420738,0.004310666583478451,0.004433112218976021,0.004176223184913397,0.004102000966668129,0.004296889528632164,0.004437779542058706,0.004499112255871296,0.0044902232475578785,0.0044511123560369015,0.0047911121509969234,0.004782667383551598,0.0045480006374418736,0.0043480005115270615,0.004361778497695923,0.004296889528632164,0.004193111788481474,0.004207778722047806,0.004164445213973522,0.004180889576673508,0.004163334146142006,0.004154667723923922,0.0041700005531311035,0.004172889515757561,0.004264445509761572,0.00427711196243763,0.004176001530140638,0.004149111919105053,0.004187112674117088,0.004205111414194107,0.004301334265619516,0.004360667895525694,0.004382223356515169,0.004389334935694933,0.004454667214304209,0.004523556679487228,0.00460244482383132,0.004670668393373489,0.004714667797088623,0.004744444973766804,0.0047862231731414795,0.004808444995433092,0.004868445452302694,0.004942223429679871,0.00496955681592226,0.004987556487321854,0.005049112252891064,0.005125778261572123,0.005112668499350548,0.0050988891161978245,0.005119556561112404,0.005125111900269985,0.005114222411066294,0.005069111939519644,0.005004890263080597,0.004857334308326244,0.004637111909687519,0.004441778641194105,0.004318444989621639,0.0042824456468224525,0.004300223663449287,0.004281334578990936,0.0043028900399804115,0.00431577954441309,0.0042891111224889755,0.004221778362989426,0.004172222688794136,0.0041068908758461475,0.004056223202496767,0.003973112441599369,0.003879556665197015,0.003774445503950119,0.003661111928522587,0.0035824452061206102,0.003526889719069004,0.003496000776067376,0.003461112268269062,0.0033937792759388685,0.003293111454695463,0.0031693342607468367,0.0030446674209088087,0.0029164457228034735,0.0027268892154097557,0.002529779216274619,0.002311334013938904,0.0020751117262989283,0.0018426672322675586,0.0016248896718025208,0.0006093341507948935,0.0006217791233211756,0.0006077782018110156,0.0006084454362280667,0.0006046679918654263,0.0005926676094532013,0.0005733337602578104,0.0005553343798965216,0.000554889440536499,0.0005486677982844412,0.0005388897261582315,0.0005366674158722162,0.0005326676764525473,0.0005288894171826541,0.0005082227289676666,0.0005093340878374875,0.0005046679871156812,0.000494889507535845,0.0004855559964198619,0.0004760010342579335,0.0004622232518158853,0.00045133422827348113,0.000445779412984848,0.00043755603837780654,0.0004346672794781625,0.0004197785456199199,0.00040444525075145066,0.00039555630064569414,0.0003826676111202687,0.00038000071072019637,0.00038755685091018677,0.0004155565402470529,0.0004197789530735463,0.00042133446549996734,0.0004033347067888826,0.0004064453241880983,0.00041111186146736145,0.00041755620623007417,0.00042355639743618667,0.00042844522977247834,0.00043688921141438186,0.0004431121051311493,0.000449111481430009,0.0004544452531263232,0.0004533347091637552,0.0004531120357569307,0.0004477790789678693,0.00043177895713597536,0.0004031120042782277,0.00037533417344093323,0.0003497794969007373,0.00034777901601046324,0.0003504455089569092,0.0003495572309475392,0.0003402224974706769,0.0003200007777195424,0.0003048897488042712,0.00029577812529169023,0.00028866820503026247,0.00028600089717656374,0.00028133351588621736,0.0002780006034299731,0.0002726676466409117,0.0002688897948246449,0.0002633345720823854,0.0002524451119825244,0.0002431124448776245,0.00023155618691816926,0.00021977888536639512,0.0002064452419290319,0.0002268896350869909,0.00020577924442477524,0.00010466823732713237,2.0667082935688086e-05
465,236198,1148,2024-11-24,28.983,28.982,-83.673,-83.699,28.9825,-83.686,12.0,4.3,85.0,30.0,161.9,,,,,,5.0,11.0,20.0,,22.65,22.65,22.65,36.16,36.16,36.16,0.261,0.294,0.268,6.1,6.1,6.1,95.389,95.5187,95.6837,504.50637727175194,0.0016851122491061687,0.0017555563244968653,0.0018255561590194702,0.0017064453568309546,0.001645334530621767,0.0018804454011842608,0.0020644450560212135,0.0020844461396336555,0.002110667061060667,0.0020508894231170416,0.0019666675943881273,0.0021384458523243666,0.002335112541913986,0.0021571118850260973,0.002032889984548092,0.002222667448222637,0.0023540002293884754,0.0023831117432564497,0.0022742226719856262,0.0022597787901759148,0.002602667547762394,0.0027304457034915686,0.002528667915612459,0.0023453342728316784,0.0023486672434955835,0.002337111858651042,0.002304445020854473,0.0023468893487006426,0.0023720008321106434,0.0023988899774849415,0.002414000453427434,0.0024408900644630194,0.002478223294019699,0.002531778533011675,0.0026664447505027056,0.0027335563208907843,0.002697778632864356,0.0027233336586505175,0.002781556686386466,0.0028315559029579163,0.0029266674537211657,0.0029951115138828754,0.003019334515556693,0.0030660012271255255,0.0031544454395771027,0.0032242226880043745,0.0033186674118041992,0.0034140008501708508,0.003470000810921192,0.003524889936670661,0.003589112311601639,0.0036477791145443916,0.0037235559429973364,0.0037986678071320057,0.003866000799462199,0.003903556615114212,0.003969334065914154,0.0040426673367619514,0.004028889816254377,0.0040211123414337635,0.004029334522783756,0.004021557047963142,0.004020667634904385,0.0040131122805178165,0.003985556773841381,0.003890223801136017,0.0037555561866611242,0.0036284455563873053,0.0035568897146731615,0.0035655563697218895,0.0035868899431079626,0.003568001091480255,0.003579778829589486,0.003595111658796668,0.003583111334592104,0.0035391123965382576,0.00350155564956367,0.003450223244726658,0.0034113340079784393,0.0033586679492145777,0.0032953342888504267,0.00323888985440135,0.0031695568468421698,0.0031188896391540766,0.0030924449674785137,0.0030877781100571156,0.003082890063524246,0.0030520008876919746,0.0029980007093399763,0.002932222792878747,0.002851556520909071,0.002755111316218972,0.002613778691738844,0.0024542228784412146,0.002269112505018711,0.002067779190838337,0.0018688900163397193,0.0016771120717749,0.0007073341403156519,0.0006966673536226153,0.0006980010075494647,0.0006977787707000971,0.0006924453773535788,0.0006820008857175708,0.0006588904652744532,0.0006480005686171353,0.0006511120591312647,0.0006415566895157099,0.000625556567683816,0.0006131115951575339,0.0006097786827012897,0.000605112174525857,0.0006035566329956055,0.0006028898060321808,0.0005966673488728702,0.000585778325330466,0.0005720009212382138,0.0005602232413366437,0.0005471118493005633,0.0005364455282688141,0.0005331122083589435,0.000523334601894021,0.0005184453330002725,0.0005077781970612705,0.0004940007929690182,0.0004808894591405988,0.00046866718912497163,0.00045844499254599214,0.0004537788627203554,0.00045177878928370774,0.00045066740131005645,0.00045155652333050966,0.0004548902215901762,0.0004551120800897479,0.0004597786464728415,0.00046422291779890656,0.0004640014667529613,0.00046555657172575593,0.0004693344235420227,0.0004724458558484912,0.00047489008284173906,0.00048177814460359514,0.00048044489813037217,0.0004788897931575775,0.00047377910232171416,0.00046133456635288894,0.00043866742635145783,0.00041466703987680376,0.0003960004250984639,0.00039488947368226945,0.0004000005719717592,0.00039911229396238923,0.00038844512891955674,0.00037155672907829285,0.00035600116825662553,0.0003493337135296315,0.0003451117081567645,0.0003408893244341016,0.000336667726514861,0.00033088980126194656,0.0003226668341085315,0.0003168897528667003,0.000312001327984035,0.0003028892679139972,0.0002940011618193239,0.0002815566258504987,0.00026822296786122024,0.0002562229929026216,0.00024777898215688765,0.00022622363758273423,0.00013800089072901756,5.511194467544556e-05
466,236199,1148,2024-11-24,28.711,28.694,-83.403,-83.421,28.7025,-83.412,11.1,5.6,144.0,30.0,200.0,,,,25.0,,5.0,11.0,19.0,,22.89,22.79,22.77,35.69,35.73,35.75,0.482,0.623,0.544,6.2,6.1,6.1,91.6344,91.4101,91.1811,514.464724780684,0.0021471120417118073,0.0021968898363411427,0.00230066804215312,0.0021824452560395002,0.0021688900887966156,0.00237088929861784,0.0025331126525998116,0.0025473337154835463,0.002519333502277732,0.002470223465934396,0.0024060006253421307,0.002552001504227519,0.002689111977815628,0.0024922234006226063,0.0024017791729420424,0.0025973347947001457,0.002724445890635252,0.002743778983131051,0.0026413341984152794,0.0026137791574001312,0.002932000905275345,0.003053334541618824,0.002871333621442318,0.002709556370973587,0.0026884451508522034,0.0026691120583564043,0.0026413341984152794,0.0026775565929710865,0.002713778056204319,0.0027466677129268646,0.002752223750576377,0.002771778730675578,0.0028040010947734118,0.00287200091406703,0.0029931121971458197,0.003062888979911804,0.0030333346221596003,0.0030475561507046223,0.0031040008179843426,0.00316400034353137,0.0032802224159240723,0.003385556163266301,0.003440222702920437,0.003489111550152302,0.0035528892185539007,0.003639556933194399,0.0037491123657673597,0.0038531124591827393,0.003923333715647459,0.003982223104685545,0.004069112241268158,0.0041502234525978565,0.004251334350556135,0.004359778016805649,0.004464001394808292,0.004528224002569914,0.004609778989106417,0.004700446501374245,0.004720001015812159,0.004730445332825184,0.004759333562105894,0.004777112510055304,0.00482333404943347,0.004860000219196081,0.004866889677941799,0.004822445567697287,0.004753556568175554,0.004669778514653444,0.004637556616216898,0.00468333438038826,0.0047508892603218555,0.004771778360009193,0.0048073334619402885,0.004847778473049402,0.004849778953939676,0.004820000380277634,0.004796445835381746,0.0047640008851885796,0.004743334371596575,0.004699778277426958,0.004645778331905603,0.004576889332383871,0.004502889700233936,0.004453334491699934,0.004432890098541975,0.00444755656644702,0.004460001364350319,0.004430667497217655,0.004379334393888712,0.0043040006421506405,0.004197778645902872,0.004088222980499268,0.003938667010515928,0.003754889825358987,0.0035397792235016823,0.0032860012724995613,0.0030288894195109606,0.00276488927192986,0.0012613340513780713,0.0012439998099580407,0.0012346671428531408,0.0012151122791692615,0.0011968897888436913,0.0011773341102525592,0.0011582225561141968,0.0011471116449683905,0.0011357784969732165,0.0011135567910969257,0.001104667317122221,0.0010940009960904717,0.0010806673672050238,0.0010657786624506116,0.0010546669363975525,0.0010544450487941504,0.0010437779128551483,0.0010357784340158105,0.0010171118192374706,0.0009957783622667193,0.000979111879132688,0.0009548899834044278,0.0009468897478654981,0.00092466757632792,0.000906223664060235,0.000886667927261442,0.0008606679039075971,0.0008435568306595087,0.0008284453651867807,0.0008151121437549591,0.0008055567741394043,0.0007973338360898197,0.0007928895647637546,0.0007922227378003299,0.0007957782945595682,0.0007980010705068707,0.0008037785883061588,0.0008119998965412378,0.000817778636701405,0.0008255566353909671,0.000834889302495867,0.0008455568458884954,0.0008535559172742069,0.0008646680507808924,0.0008677786681801081,0.0008686677319929004,0.0008662231266498566,0.0008573337690904737,0.0008328900439664721,0.0008035567007027566,0.000774001469835639,0.0007493338780477643,0.000746666977647692,0.0007324450416490436,0.000707111437804997,0.0006788894534111023,0.0006544445059262216,0.0006411116919480264,0.0006340013351291418,0.0006222228403203189,0.0006071121897548437,0.0005897775990888476,0.0005706676747649908,0.0005584454629570246,0.0005502228741534054,0.0005344446399249136,0.0005195558769628406,0.0004980013472959399,0.0004751110973302275,0.0004524460237007588,0.00043489038944244385,0.00041089000296778977,0.00029866729164496064,0.0001864453952293843
467,236200,1148,2024-11-24,28.517,28.493,-83.605,-83.601,28.505,-83.603,14.4,2.2,85.0,30.0,53.0,,,,25.0,,5.0,13.5,25.0,,23.79,23.49,23.48,36.7,36.73,36.74,0.777,0.557,1.036,6.4,6.3,6.2,89.7484,91.8368,89.6542,496.78295025543184,0.003444445552304387,0.0035475571639835835,0.0035944452974945307,0.0035413342993706465,0.0035217786207795143,0.003757112193852663,0.003984000999480486,0.004058889113366604,0.004100889898836613,0.004032445140182972,0.003967334516346455,0.00419333390891552,0.004362000618129969,0.004146222956478596,0.004065779037773609,0.004298223182559013,0.004407556727528572,0.004428223241120577,0.004362223669886589,0.004347112029790878,0.004681112244725227,0.004759111907333136,0.004529778845608234,0.004337111953645945,0.004344000946730375,0.004304889589548111,0.004241556860506535,0.004261111840605736,0.004259112291038036,0.004276889842003584,0.004282666835933924,0.004291333723813295,0.0043171122670173645,0.004356222227215767,0.0044753337278962135,0.00450489018112421,0.0044286674819886684,0.004437778610736132,0.004494445398449898,0.004560445435345173,0.004672667011618614,0.004763112403452396,0.004812000785022974,0.004858445376157761,0.00494644558057189,0.005023112520575523,0.005108000244945288,0.0051895566284656525,0.005244667641818523,0.005290668457746506,0.005360000301152468,0.005408223252743483,0.005485334433615208,0.0055748894810676575,0.005631334614008665,0.005649112164974213,0.005703112110495567,0.0057555558159947395,0.005720000714063644,0.005676222965121269,0.005643555894494057,0.005600223317742348,0.005576000083237886,0.005539333913475275,0.005478445440530777,0.005338222719728947,0.005130445118993521,0.004936222918331623,0.004822444636374712,0.0048111118376255035,0.00483822263777256,0.004843555856496096,0.004871333483606577,0.004887111950665712,0.004863334354013205,0.004798445384949446,0.0047471122816205025,0.004673111718147993,0.004600889980792999,0.004517778288573027,0.004421333782374859,0.004306445363909006,0.004201333969831467,0.004126222804188728,0.004078889265656471,0.004076889716088772,0.004073556046932936,0.004019111394882202,0.003926667384803295,0.003805778920650482,0.003668001154437661,0.0035017787013202906,0.0032960011158138514,0.0030704454984515905,0.002817333908751607,0.002544000744819641,0.0022793342359364033,0.002029556781053543,0.0008271121187135577,0.0008211114909499884,0.0008117788238450885,0.0008035558857955039,0.0007920008501969278,0.0007822236511856318,0.0007686677272431552,0.0007526676054112613,0.0007480002241209149,0.0007380011375062168,0.0007280015852302313,0.0007177781662903726,0.0007086669211275876,0.0006993338465690613,0.0006864455644972622,0.0006853342056274414,0.0006795566878281534,0.0006717782816849649,0.0006593333091586828,0.0006475564441643655,0.0006311121978797019,0.0006162230274640024,0.0006093341507948935,0.0005980005953460932,0.0005917788948863745,0.0005808894638903439,0.0005655565764755011,0.0005506678717210889,0.000538444786798209,0.0005288902320899069,0.0005271120462566614,0.0005328899715095758,0.0005342236254364252,0.0005355568137019873,0.0005342227523215115,0.0005395565531216562,0.0005466673173941672,0.0005557789700105786,0.0005642229225486517,0.0005706672673113644,0.0005797785124741495,0.000588667462579906,0.0005955559317953885,0.0006053340039215982,0.0006091122631914914,0.0006075567798689008,0.0006011120276525617,0.0005824458203278482,0.0005555562674999237,0.000530668010469526,0.0005091118509881198,0.0005035565700381994,0.0005011119646951556,0.0004895565216429532,0.0004695566894952208,0.0004431125125847757,0.0004233341314829886,0.00041155682993121445,0.0004035565652884543,0.0003957785665988922,0.000383334030630067,0.00037533417344093323,0.000364222883945331,0.00035822310019284487,0.0003537788288667798,0.0003397787513677031,0.00032800104236230254,0.00031155638862401247,0.00029466714477166533,0.0002804452378768474,0.0002777795889414847,0.00025422332691960037,0.00015533383702859282,6.600096821784973e-05
468,236201,1148,2024-11-24,28.379,28.369,-83.567,-83.589,28.374,-83.578,15.2,6.7,97.0,30.0,44.6,,,,25.0,,,14.0,26.0,,23.82,23.62,23.63,36.62,36.64,36.66,1.099,0.591,1.248,6.4,6.2,6.2,89.8737,92.619,90.1069,498.88018090074735,0.0032191118225455284,0.003325333585962653,0.0034508900716900826,0.0033828902523964643,0.0034202230162918568,0.0036835558712482452,0.0038697789423167706,0.003980889916419983,0.00402311235666275,0.003978444263339043,0.0039380015805363655,0.004158667288720608,0.00436777900904417,0.004165778402239084,0.004051778931170702,0.004308667965233326,0.004472445230931044,0.0045062219724059105,0.004413334187120199,0.0043877786956727505,0.004732445348054171,0.004841779358685017,0.004628889262676239,0.004428445361554623,0.004420001059770584,0.004386222921311855,0.004344445187598467,0.00436089001595974,0.004368001129478216,0.004402223974466324,0.004407111555337906,0.00441000098362565,0.004423334263265133,0.004475112538784742,0.004611778073012829,0.004660222679376602,0.004586445167660713,0.004592223092913628,0.004650223534554243,0.004706445150077343,0.004824445117264986,0.004927334375679493,0.004980890080332756,0.005041112657636404,0.005144223105162382,0.005220445804297924,0.005307777784764767,0.0053820000030100346,0.005430223420262337,0.005479556508362293,0.005561112891882658,0.005622223485261202,0.00569200050085783,0.005776444915682077,0.00585133396089077,0.005891112610697746,0.005955112166702747,0.00601155636832118,0.005974000319838524,0.005932445637881756,0.00591600127518177,0.00588555634021759,0.005860667210072279,0.005828223191201687,0.005780444946140051,0.005648444406688213,0.005439777858555317,0.005240889266133308,0.005126223433762789,0.00512266717851162,0.005166889633983374,0.0051835570484399796,0.0052131121046841145,0.005241556093096733,0.005248889792710543,0.00519466632977128,0.0051375566981732845,0.005070667248219252,0.005010667257010937,0.004932667128741741,0.004838000517338514,0.004718001000583172,0.004590445198118687,0.0045037781819701195,0.0044566672295331955,0.004435334354639053,0.004413778427988291,0.004355112090706825,0.004251111764460802,0.004115334711968899,0.003962445072829723,0.0037900011520832777,0.003564889542758465,0.0033231121487915516,0.0030668904073536396,0.002776889828965068,0.00249000103212893,0.0022317783441394567,0.0009300009114667773,0.0009246671106666327,0.000914000382181257,0.0009008898632600904,0.0008862229879014194,0.0008773335721343756,0.0008648898801766336,0.0008506675367243588,0.0008388902642764151,0.0008217787835747004,0.0008184450562112033,0.0008153340313583612,0.0008080001571215689,0.0007980010705068707,0.0007877784664742649,0.0007848896784707904,0.0007766679627820849,0.0007673336658626795,0.0007520007784478366,0.0007384452619589865,0.0007233333890326321,0.0007093341555446386,0.0006991119589656591,0.000684000551700592,0.000675333896651864,0.0006577782332897186,0.0006446685292758048,0.0006297789514064789,0.0006151120760478079,0.0006048898794688284,0.0006022233865223825,0.000605112174525857,0.000606222718488425,0.0006104451022110879,0.0006122228805907071,0.0006173343863338232,0.0006271120510064065,0.0006397788529284298,0.0006517792935483158,0.0006644452805630863,0.0006780016119591892,0.0006926680798642337,0.0007022225763648748,0.0007124452386051416,0.0007157785003073514,0.0007173344492912292,0.000711778411641717,0.0006924449698999524,0.0006680004298686981,0.0006380010745488107,0.0006146675441414118,0.0006086673238314688,0.0005993342492729425,0.0005844454863108695,0.0005602228338830173,0.0005284457001835108,0.0005035565700381994,0.0004906679387204349,0.00047844566870480776,0.000468222628114745,0.00045711215352639556,0.0004417784512042999,0.0004268897173460573,0.0004166675207670778,0.0004055562021676451,0.00039133470272645354,0.0003762228589039296,0.0003586680395528674,0.00034177882480435073,0.0003268904983997345,0.0003233345050830394,0.0002966676256619394,0.00018866773461923003,9.844576561590657e-05
469,236202,1148,2024-11-25,28.317,28.304,-83.728,-83.75,28.3105,-83.739,17.7,5.0,112.0,30.0,112.9,,,,,,,16.5,31.0,,24.16,24.06,24.02,36.63,36.64,36.66,0.349,0.663,0.693,6.1,6.1,6.1,95.8324,90.1849,85.8572,480.2190592607397,0.005173779092729092,0.005303556099534035,0.0054297782480716705,0.005268445238471031,0.005212223157286644,0.0056157782673835754,0.0060111116617918015,0.006138445809483528,0.006191334221512079,0.0061117783188819885,0.006036890670657158,0.006279778201133013,0.006627778522670269,0.00643088947981596,0.006240000948309898,0.006576444488018751,0.00685400003567338,0.0068764458410441875,0.006685555912554264,0.006662445142865181,0.007195557001978159,0.007372890133410692,0.006990000605583191,0.006650445982813835,0.006569334305822849,0.006493556313216686,0.006405556574463844,0.006375778466463089,0.006345112342387438,0.006346667651087046,0.00631600059568882,0.006286667659878731,0.0062651121988892555,0.0062935566529631615,0.00644733477383852,0.006477778777480125,0.006364444736391306,0.006324667949229479,0.006322445813566446,0.006315112113952637,0.006380667444318533,0.0064964452758431435,0.006518889218568802,0.0065133338794112206,0.006564667914062738,0.006621556356549263,0.006699556019157171,0.006739778444170952,0.006738001015037298,0.006730000954121351,0.006758222356438637,0.0067831119522452354,0.0068122223019599915,0.006848445162177086,0.006854445673525333,0.006799334194511175,0.006809334270656109,0.006816001143306494,0.006676222197711468,0.00654066726565361,0.0064271120354533195,0.006288223899900913,0.006150444969534874,0.006009555887430906,0.00581222353503108,0.005500668194144964,0.005114222876727581,0.004751111846417189,0.004517334513366222,0.004438667558133602,0.0043977778404951096,0.004334000404924154,0.004292445257306099,0.00423577893525362,0.004153778776526451,0.004049333743751049,0.003951111808419228,0.0038397787138819695,0.003744223155081272,0.003640668233856559,0.003515555988997221,0.0033533337991684675,0.0031888894736766815,0.0030726674012839794,0.002990223001688719,0.0029282234609127045,0.002864222973585129,0.002791112056002021,0.0026984449941664934,0.0026068894658237696,0.0025122228544205427,0.0023875562474131584,0.0022266677115112543,0.0020548899192363024,0.0018753334879875183,0.0016940007917582989,0.001513112336397171,0.0013531115837395191,0.0005835567717440426,0.000566889822948724,0.0005668902304023504,0.0005560007994063199,0.0005426675779744983,0.0005335567984730005,0.0005062234704382718,0.0004955567419528961,0.0005157780251465738,0.0005175562109798193,0.0005153347156010568,0.0005100013222545385,0.0005042229895479977,0.0004988896544091403,0.0004984450642950833,0.0005044452846050262,0.0005006678402423859,0.0004973341128788888,0.0004860009648837149,0.0004706676700152457,0.0004562234680633992,0.00044155659270472825,0.0004360005259513855,0.000430445303209126,0.00042755610775202513,0.0004208899335935712,0.000412444700486958,0.00039800090598873794,0.00038466849946416914,0.0003760010004043579,0.00036911212373524904,0.00036555653787218034,0.00036155598354525864,0.00036222240305505693,0.00036400058888830245,0.0003628892300184816,0.00036377832293510437,0.0003648892743512988,0.00036688975524157286,0.00036777928471565247,0.0003697785141412169,0.00037111176061443985,0.00037266811705194414,0.0003731126489583403,0.0003695566556416452,0.00036489011836238205,0.0003555566072463989,0.0003368891775608063,0.00030533390236087143,0.00027822289848700166,0.00025733394431881607,0.0002624446351546794,0.0002837793726939708,0.0002946679887827486,0.00029400072526186705,0.0002773342130240053,0.00026911249733529985,0.00026800110936164856,0.0002731122076511383,0.00027822371339425445,0.0002797784109134227,0.000279556552413851,0.0002744454541243613,0.0002755559980869293,0.000276222825050354,0.0002697784802876413,0.0002664455969352275,0.00025444518541917205,0.00024444484733976424,0.0002360012731514871,0.00023200073337648064,0.00021489005303010345,9.866803884506226e-05,-1.644343137741089e-05
470,236203,1148,2024-11-25,28.185,28.208,-84.561,-84.564,28.1965,-84.5625,40.3,3.3,154.0,30.0,22.2,,,,,,,38.0,74.0,,25.58,25.57,25.14,36.33,36.33,36.31,0.142,0.129,0.237,6.0,6.0,6.0,97.673,97.7586,95.8328,472.8473742876526,0.007034223061054945,0.0071846675127744675,0.007286222651600838,0.007230667397379875,0.00723355682566762,0.007584446109831333,0.007915333844721317,0.008087556809186935,0.008133333176374435,0.008034446276724339,0.007981779053807259,0.008221779018640518,0.0085377786308527,0.00832888949662447,0.008133333176374435,0.008410000242292881,0.008709556423127651,0.008730223402380943,0.00850089080631733,0.008459334261715412,0.008908445946872234,0.008992000482976437,0.008590001612901688,0.00821777805685997,0.008098001591861248,0.007970000617206097,0.007824445143342018,0.007758889812976122,0.007670889142900705,0.00760933430865407,0.007528889458626509,0.007442222908139229,0.007373111788183451,0.007363555952906609,0.0074640014208853245,0.007448666729032993,0.007262001279741526,0.007138000801205635,0.007073334418237209,0.006964889820665121,0.006910223513841629,0.0069104451686143875,0.00686444528400898,0.0068111116997897625,0.006837778724730015,0.006907111965119839,0.006994666997343302,0.007051778957247734,0.00705200107768178,0.007031334564089775,0.0070126671344041824,0.006992223206907511,0.0069737788289785385,0.006940444931387901,0.006883334368467331,0.006788000464439392,0.006744222715497017,0.006694001145660877,0.0065071117132902145,0.006326889619231224,0.006154667120426893,0.005948667414486408,0.005743557121604681,0.005524001084268093,0.00526288989931345,0.004935556557029486,0.0045486679300665855,0.004177778493613005,0.00394444540143013,0.003857556264847517,0.0037891115061938763,0.003711334429681301,0.0036608902737498283,0.0036046679597347975,0.0035273346584290266,0.0034211119636893272,0.003334667067974806,0.003238667268306017,0.0031402234453707933,0.003034445457160473,0.0029168894980102777,0.002784223295748234,0.0026382224168628454,0.0025095567107200623,0.0024268897250294685,0.002377111464738846,0.0023271117825061083,0.002251334022730589,0.0021715564653277397,0.002095556817948818,0.00201533455401659,0.0019271117635071278,0.0018113338155671954,0.0016760011203587055,0.0015308898873627186,0.0013757790438830853,0.0012304452247917652,0.0010984457330778241,0.0004935562610626221,0.0004855564038734883,0.0004873346188105643,0.00047133408952504396,0.000465778837678954,0.00046466788626275957,0.00043844556785188615,0.0004346676869317889,0.0004491122963372618,0.00044466761755757034,0.00044466761755757034,0.00043377859401516616,0.00042466778540983796,0.00041666708420962095,0.00041733391117304564,0.0004193335771560669,0.00041844489169307053,0.0004155569477006793,0.00040733441710472107,0.00039666765951551497,0.00038222348666749895,0.0003731118340510875,0.00036844611167907715,0.0003635564644355327,0.00036577798891812563,0.0003617786569520831,0.0003562230267561972,0.00034866773057729006,0.0003342231211718172,0.0003233345050830394,0.0003151119453832507,0.0003040014998987317,0.0003026674094144255,0.00030155645799823105,0.00030111230444163084,0.0002966676256619394,0.00029444528627209365,0.00029822273063473403,0.0002964457671623677,0.0002984449965879321,0.00030044547747820616,0.00030044547747820616,0.0003020005824510008,0.00030089044594205916,0.0002953343791887164,0.0002906670270022005,0.0002857790095731616,0.00027155628777109087,0.0002531115314923227,0.00024044513702392578,0.00022844556951895356,0.00023888962459750473,0.0002560006978455931,0.0002602231106720865,0.00025533430743962526,0.00023844548559281975,0.00023133431386668235,0.00023111204791348428,0.00023933417105581611,0.00024244561791419983,0.00024111196398735046,0.00024311203742399812,0.00024244521046057343,0.00024555623531341553,0.000249555945629254,0.0002426674764137715,0.00023488989972975105,0.00022933466243557632,0.00021844480943400413,0.0002144459285773337,0.0002102235157508403,0.00019155649351887405,8.066660666372627e-05,-2.333273550902959e-05
471,236204,1149,2024-06-02,30.146,30.171,-87.505,-87.512,30.1585,-87.5085,26.9,0.9,260.0,30.0,6.7,,,,100.0,10.0,3.0,12.0,23.0,,26.77,25.96,25.38,28.66,34.21,34.32,,,,6.5,6.3,6.3,,,,,,,,,,,,,,,,,,,,,,,,,,,,,,,,,,,,,,,,,,,,,,,,,,,,,,,,,,,,,,,,,,,,,,,,,,,,,,,,,,,,,,,,,,,,,,,,,,,,,,,,,,,,,,,,,,,,,,,,,,,,,,,,,,,,,,,,,,,,,,,,,,,,,,,,,,,,,,,,,,,,,,,,,,,,,,,,
472,236205,1149,2024-06-02,30.253,30.266,-87.414,-87.439,30.2595,-87.4265,15.2,4.7,112.0,30.0,44.9,,,,8.0,6.0,4.0,22.0,43.0,,26.85,26.75,25.97,28.5,30.92,16.01,,,,6.6,5.0,,,,,,,,,,,,,,,,,,,,,,,,,,,,,,,,,,,,,,,,,,,,,,,,,,,,,,,,,,,,,,,,,,,,,,,,,,,,,,,,,,,,,,,,,,,,,,,,,,,,,,,,,,,,,,,,,,,,,,,,,,,,,,,,,,,,,,,,,,,,,,,,,,,,,,,,,,,,,,,,,,,,,,,,,,,,,,,,,
473,236206,1149,2024-06-02,30.149,30.17,-87.121,-87.104,30.1595,-87.1125,31.1,5.3,174.0,30.0,5.5,,,,100.0,15.0,8.0,,,,,,,,,,,,,,,,,,,,,,,,,,,,,,,,,,,,,,,,,,,,,,,,,,,,,,,,,,,,,,,,,,,,,,,,,,,,,,,,,,,,,,,,,,,,,,,,,,,,,,,,,,,,,,,,,,,,,,,,,,,,,,,,,,,,,,,,,,,,,,,,,,,,,,,,,,,,,,,,,,,,,,,,,,,,,,,,,,,,,,,,,,,,,,,
474,236207,1149,2024-06-02,30.339,30.322,-87.039,-87.018,30.3305,-87.0285,16.1,3.3,227.0,30.0,15.9,,,,100.0,10.0,7.0,8.5,16.0,,27.64,27.31,27.02,33.07,33.37,33.72,,,,6.5,6.3,6.4,,,,,,,,,,,,,,,,,,,,,,,,,,,,,,,,,,,,,,,,,,,,,,,,,,,,,,,,,,,,,,,,,,,,,,,,,,,,,,,,,,,,,,,,,,,,,,,,,,,,,,,,,,,,,,,,,,,,,,,,,,,,,,,,,,,,,,,,,,,,,,,,,,,,,,,,,,,,,,,,,,,,,,,,,,,,,,,,
475,236208,1149,2024-06-03,30.025,30.023,-86.746,-86.717,30.024,-86.7315,102.4,4.8,150.0,30.0,27.6,,,,100.0,,,,,,,,,,,,,,,,,,,,,475.72478836965064,0.0031731119379401207,0.003310667583718896,0.0034222230315208435,0.003360223490744829,0.003409111173823476,0.0036686675157397985,0.003698890097439289,0.0037571126595139503,0.0037626673001796007,0.003702667774632573,0.0036900006234645844,0.0038893334567546844,0.003975112456828356,0.0037642233073711395,0.0037537787575274706,0.004074444994330406,0.0041800010949373245,0.0040848893113434315,0.003981111571192741,0.0040595559403300285,0.004365334287285805,0.004353555850684643,0.004131779074668884,0.004026667680591345,0.004030667245388031,0.003976889885962009,0.0039342232048511505,0.003946000710129738,0.003949111793190241,0.00395266804844141,0.003936000633984804,0.003918223083019257,0.003912001848220825,0.003986000549048185,0.0041142236441373825,0.004080445971339941,0.00397466728463769,0.003962223883718252,0.003943333867937326,0.0038986681029200554,0.0038888901472091675,0.003915111999958754,0.003925778903067112,0.003928667400032282,0.003951778635382652,0.003968000877648592,0.004012223333120346,0.004030889365822077,0.0040508899837732315,0.004025556147098541,0.003993112128227949,0.003982223104685545,0.003961556125432253,0.003957111854106188,0.003962889779359102,0.003947778604924679,0.003973111510276794,0.003954445477575064,0.003844001330435276,0.003748667659237981,0.0036524455063045025,0.003559334436431527,0.0034640009980648756,0.0033560011070221663,0.0032206671312451363,0.0030444455333054066,0.002827557036653161,0.0026324456557631493,0.0025344453752040863,0.0024977789726108313,0.0024453343357890844,0.00239733443595469,0.0023722234182059765,0.002340001054108143,0.0022915564477443695,0.002235112013295293,0.0021766680292785168,0.0021208887919783592,0.002066001296043396,0.0019937786273658276,0.0019186673453077674,0.0018300008960068226,0.0017404452664777637,0.001678000669926405,0.001627333927899599,0.0015997791197150946,0.0015622233040630817,0.0015100009040907025,0.0014548893086612225,0.0013871118426322937,0.001309112529270351,0.001220667501911521,0.001125556300394237,0.0010320006404072046,0.0009468897478654981,0.0008671122486703098,0.0008024461567401886,0.0007682227296754718,0.00027488917112350464,0.0002735567686613649,0.000260445405729115,0.00023266756033990532,0.00021533502149395645,0.00021911122894380242,0.00022422315669246018,0.0002228890807600692,0.0002031119365710765,0.00018933456158265471,0.000190890088560991,0.00019355614494998008,0.00019755586981773376,0.00019044552755076438,0.00018422305583953857,0.00018488947534933686,0.00018422264838591218,0.00019111235451418906,0.00020044462871737778,0.0002000008971663192,0.00019511207938194275,0.00018600084877107292,0.00017555679369252175,0.00016889059043023735,0.00016600059461779892,0.00015822259592823684,0.00015444474411197007,0.00015044501924421638,0.00014488937449641526,0.00014422295498661697,0.00014533434296026826,0.00014777854084968567,0.0001464448869228363,0.0001466671674279496,0.000147556682350114,0.00014244516205508262,0.00014577846741303802,0.00014555703091900796,0.00014777854084968567,0.0001533341855974868,0.0001497781922807917,0.0001468890259275213,0.00014755626034457237,0.0001519997022114694,0.00015444515156559646,0.00015066729974932969,0.0001468890259275213,0.00014933364582248032,0.00015488971257582307,0.00017777830362319946,0.00018777864170260727,0.00017688919615466148,0.00015644522500224411,0.00012955690908711404,0.00012844594311900437,0.00012711186718661338,0.00012044442701153457,0.00010289003694197163,9.04454936971888e-05,8.422384416917339e-05,8.3333914517425e-05,8.555626118322834e-05,7.489034032914788e-05,6.266807758947834e-05,5.2444636821746826e-05,3.977864980697632e-05,3.3556174457771704e-05,3.111238402198069e-05,2.755679997790139e-05,2.5334456950076856e-05,2.2223426640266553e-05,2.2001564502716064e-05,7.488909614039585e-05,0.00013399992894846946
476,236209,1149,2024-06-03,29.959,29.947,-86.476,-86.451,29.953,-86.4635,73.3,6.1,192.0,30.0,12.0,,,,,,,135.5,270.0,,26.67,,23.74,34.97,,,,,,6.3,,,,,,471.6700541893014,0.005603333935141563,0.005750445649027824,0.005821556318551302,0.00567866675555706,0.0056831119582057,0.005880000535398722,0.005884445738047361,0.0059231119230389595,0.005933334585279226,0.00582533422857523,0.005732890218496323,0.005884224083274603,0.00595800019800663,0.005729333497583866,0.005676889326423407,0.005977556109428406,0.006084890104830265,0.005974223371595144,0.005815334152430296,0.005882668308913708,0.006157333496958017,0.006132445298135281,0.005854888819158077,0.005662890151143074,0.005643112119287252,0.005580667406320572,0.0055097779259085655,0.005462889559566975,0.005433334037661552,0.0054242233745753765,0.005358223337680101,0.005318666808307171,0.005297111347317696,0.005319778807461262,0.0054128896445035934,0.005363778676837683,0.005221112165600061,0.005160889122635126,0.0050977785140275955,0.005017557181417942,0.0049735563807189465,0.004977556876838207,0.004952888935804367,0.0049195559695363045,0.004915778059512377,0.00490777799859643,0.004927112255245447,0.004925556480884552,0.004928445443511009,0.00486577907577157,0.0048100003041327,0.004777334630489349,0.004732667468488216,0.0047042230144143105,0.004684889689087868,0.004655333235859871,0.004653334151953459,0.0046037789434194565,0.004466667305678129,0.004352889023721218,0.0042364452965557575,0.00410755630582571,0.003976445645093918,0.0038264456670731306,0.0036433348432183266,0.003430667333304882,0.0031855558045208454,0.002966445405036211,0.002834000624716282,0.00277933431789279,0.0027226677630096674,0.0026606672909110785,0.00261711236089468,0.002579556545242667,0.002514889696612954,0.0024380008690059185,0.0023786677047610283,0.0023108897730708122,0.002239334164187312,0.0021602234337478876,0.002072445582598448,0.0019711123313754797,0.0018751116003841162,0.0018051122315227985,0.001749555696733296,0.001706223119981587,0.0016560012008994818,0.0015964454505592585,0.0015368900494650006,0.0014693343546241522,0.0013844450004398823,0.0012831129133701324,0.0011853339383378625,0.0011026677675545216,0.0010140008525922894,0.0009222233202308416,0.0008455568458884954,0.0007988897268660367,0.00033155662822537124,0.0003240013320464641,0.00030511204386129975,0.0002851117751561105,0.0002760009665507823,0.00027111213421449065,0.0002764459350146353,0.00027755647897720337,0.00025533430743962526,0.00024088968348223716,0.0002364454121561721,0.0002366676926612854,0.00023577941465191543,0.0002295561134815216,0.00022155667829792947,0.00021844563889317214,0.00021488964557647705,0.00022422315669246018,0.00022866742801852524,0.00023111204791348428,0.0002271119155921042,0.00021533461404033005,0.00020800075435545295,0.00020400102948769927,0.0002002227702178061,0.00019355614494998008,0.00019133380556013435,0.00018488988280296326,0.0001835570583352819,0.0001875567832030356,0.00018489029025658965,0.00018600125622469932,0.00018444574379827827,0.00018311251187697053,0.00018511257076170295,0.0001897787005873397,0.00019066697859670967,0.0001868899562396109,0.00018866732716560364,0.00018822318816091865,0.00018577939772512764,0.00018622312927618623,0.00018600084877107292,0.0001840011973399669,0.00018444533634465188,0.00017800058412831277,0.00017400085926055908,0.00017533410573378205,0.00018088932847604156,0.00019688945030793548,0.00020533386850729585,0.0001971121528185904,0.00017488996672909707,0.00015422288561239839,0.00015177784371189773,0.00014933405327610672,0.00014066736912354827,0.00012600090121850371,0.00011222312605241314,0.00010400099563412368,0.00010111182928085327,9.68902459135279e-05,8.866770076565444e-05,7.666771853109822e-05,6.777834641980007e-05,5.8889803767669946e-05,5.377829074859619e-05,4.9334848881699145e-05,4.7556641220580786e-05,4.244471710990183e-05,3.800044578383677e-05,3.4444863558746874e-05,7.511136936955154e-05,0.00012488952779676765
477,236210,1149,2024-06-03,29.875,29.9,-86.317,-86.317,29.8875,-86.317,71.7,5.3,270.0,30.0,9.4,,,,,,,,,,,,,,,,,,,,,,,,,468.6005193531708,0.006383334286510944,0.006431334186345339,0.006519111339002848,0.006418223492801189,0.006514667998999357,0.006734889931976795,0.006772889755666256,0.006817111745476723,0.00680088996887207,0.006758001167327166,0.0067082238383591175,0.006887111812829971,0.0069328900426626205,0.006711333524435759,0.006673556752502918,0.006967556197196245,0.007133112289011478,0.00698155676946044,0.006814445368945599,0.006941112224012613,0.007224889937788248,0.0071413335390388966,0.0068235560320317745,0.006657111458480358,0.006634445395320654,0.006541555747389793,0.006457556504756212,0.006420445628464222,0.0063731130212545395,0.006349112372845411,0.006278000771999359,0.006194001063704491,0.0061328900046646595,0.006145556457340717,0.0062371124513447285,0.0061588897369802,0.005982889328151941,0.005914889741688967,0.00584244541823864,0.005726667121052742,0.005644445773214102,0.0056146676652133465,0.0055688899010419846,0.005528667476028204,0.0055086673237383366,0.005484667606651783,0.005496667698025703,0.005496890749782324,0.00548755656927824,0.00539777847006917,0.0053211115300655365,0.00528511218726635,0.005226222798228264,0.005160222761332989,0.005119333975017071,0.005084001459181309,0.005077778361737728,0.0050197783857584,0.004854889586567879,0.004712667781859636,0.004567111376672983,0.004415334668010473,0.0042506675235927105,0.004070667549967766,0.00386066734790802,0.00361400144174695,0.003334445646032691,0.0030811121687293053,0.0029231118969619274,0.002852889709174633,0.002788000972941518,0.0027228896506130695,0.0026746673975139856,0.002624445129185915,0.0025540015194565058,0.002479556016623974,0.0024153338745236397,0.0023426664993166924,0.0022677788510918617,0.002181334188207984,0.0020844456739723682,0.0019715565722435713,0.0018597791204228997,0.0017840010114014149,0.0017220010049641132,0.0016802235040813684,0.0016404452035203576,0.0015815570950508118,0.0015137786976993084,0.0014426675625145435,0.0013553338358178735,0.0012555564753711224,0.0011613339884206653,0.001072001177817583,0.0009815560188144445,0.0009000007412396371,0.0008453342015855014,0.0008064450230449438,0.00031666705035604537,0.0003097789885941893,0.0003002232115250081,0.0002831125457305461,0.00026555650401860476,0.00025511160492897034,0.00026089034508913755,0.00025733435177244246,0.0002397787175141275,0.00023088935995474458,0.0002266673545818776,0.00022288950276561081,0.00021888977789785713,0.00021222274517640471,0.0002073347568511963,0.00020555655646603554,0.00020555655646603554,0.00021488964557647705,0.00021755695343017578,0.00021911246585659683,0.00021777840447612107,0.00020888986182399094,0.00020777806639671326,0.0002040014514932409,0.00019866807269863784,0.0001897782931337133,0.00018222298240289092,0.00017622279119677842,0.0001733344397507608,0.00017911278700921685,0.00017866741109173745,0.00018244568491354585,0.0001837789168348536,0.00018133388948626816,0.00017933423805516213,0.0001795565040083602,0.00017822327208705246,0.00017555679369252175,0.00018133471894543618,0.0001833343703765422,0.0001802237529773265,0.00018177885795012116,0.00017777913308236748,0.00017288989329244941,0.00017288989329244941,0.0001664451410761103,0.00016533459711354226,0.0001728890638332814,0.00018422346329316497,0.00020488972950261086,0.00021466819453053176,0.00020644481992349029,0.00017911236500367522,0.00015111143875401467,0.00014911219477653503,0.00014688943338114768,0.00013777862477581948,0.00012400124978739768,0.00010889023542404175,0.00010177865624427795,9.955672430805862e-05,9.844493615673855e-05,9.02228057384491e-05,7.755640399409458e-05,7.289027416845784e-05,6.3778628828004e-05,5.9111665905220434e-05,5.711159610655159e-05,5.5112359405029565e-05,4.911215728498064e-05,4.511243605520576e-05,3.7334444641601294e-05,6.822290015406907e-05,0.00010777885472634807
478,236211,1149,2024-06-03,29.959,29.966,-86.325,-86.297,29.9625,-86.311,58.5,5.3,85.0,30.0,13.3,,,,,,,,,,,,,,,,,,,,,,,,,469.5874403264222,0.005519112106412649,0.005577555857598782,0.005671778693795204,0.005641333758831024,0.0057320017367601395,0.005910889711230993,0.005950444843620062,0.006009557284414768,0.005975557025521994,0.005910668056458235,0.00586844515055418,0.006047111935913563,0.006118889432400465,0.005901778116822243,0.005858445540070534,0.006158890202641487,0.006327334325760603,0.006189112085849047,0.006015112157911062,0.006118445657193661,0.006380667444318533,0.006331333890557289,0.00605577789247036,0.0058946674689650536,0.005889778956770897,0.005812445189803839,0.005729778669774532,0.005706667434424162,0.0056762234307825565,0.0056526679545640945,0.005589112173765898,0.005519556812942028,0.005464223679155111,0.005488223396241665,0.005593112204223871,0.005530223250389099,0.0053746672347188,0.0053366669453680515,0.005282223224639893,0.005176221951842308,0.0051126680336892605,0.005105778109282255,0.005071556661278009,0.0050420006737113,0.005054667592048645,0.005046222824603319,0.005062667652964592,0.005073335487395525,0.00507333455607295,0.005001334473490715,0.004947556648403406,0.004922889638692141,0.0048744454979896545,0.0048322235234081745,0.004813333973288536,0.00477977842092514,0.004771112464368343,0.004722000565379858,0.004568889737129211,0.004454223904758692,0.004338888917118311,0.004208000376820564,0.004056223202496767,0.00389333488419652,0.0037086671218276024,0.0034808898344635963,0.003207556437700987,0.0029617787804454565,0.00281533389352262,0.002757778624072671,0.0027004454750567675,0.002637778641656041,0.002598889172077179,0.0025542224757373333,0.002481556497514248,0.0024080006405711174,0.0023540006950497627,0.0022842222824692726,0.0022117788903415203,0.0021237784530967474,0.0020246675703674555,0.0019197778310626745,0.0018055567052215338,0.0017271129181608558,0.0016733341617509723,0.0016353345708921552,0.0015991119435057044,0.0015431125648319721,0.0014795562019571662,0.0014124459121376276,0.0013188897864893079,0.0012128899106755853,0.0011200006119906902,0.0010342233581468463,0.0009446669719181955,0.0008637789287604392,0.0008031121687963605,0.0007633347413502634,0.0002786670229397714,0.00027089027571491897,0.00026066682767122984,0.00024622431374154985,0.00023444576072506607,0.0002200007438659668,0.00021955619740765542,0.0002202234318247065,0.0002068902103928849,0.00019400028395466506,0.0001800006430130452,0.00018222298240289092,0.00018622353672981262,0.00018466719484422356,0.00017911195755004883,0.00017244451737497002,0.000170000726939179,0.00017800058412831277,0.00018711139273364097,0.00019266788149252534,0.00019377883290871978,0.00018488905334379524,0.0001831112604122609,0.00017800099158193916,0.0001677792170085013,0.00016111135482788086,0.00015133453416638076,0.00014600116992369294,0.0001435565500287339,0.00014489020395558327,0.00014600074791815132,0.0001468902628403157,0.0001502231607446447,0.00014822267985437065,0.0001442233769921586,0.00014844536781311035,0.00014466751599684358,0.00014289013051893562,0.0001497794291935861,0.00015000005078036338,0.00014844536781311035,0.00015222321962937713,0.0001471129507990554,0.00014289013051893562,0.00014511123299598694,0.00013888999819755554,0.0001395559957018122,0.00014688943338114768,0.00015866715693846345,0.00017733416461851448,0.00018622312927618623,0.0001800002355594188,0.0001526673586340621,0.00012800056720152497,0.00012933462858200073,0.00012466766929719597,0.00011355554306646809,9.866762411547825e-05,8.288977551274002e-05,7.777909195283428e-05,7.955647015478462e-05,7.666771853109822e-05,6.911241507623345e-05,5.6222910643555224e-05,4.911215728498064e-05,4.177871596766636e-05,3.688906508614309e-05,3.311203545308672e-05,3.311162072350271e-05,2.7779075026046485e-05,2.2446116417995654e-05,2.06679105758667e-05,5.689014869858511e-05,9.911217784974724e-05
479,236212,1149,2024-06-03,30.25,30.257,-86.631,-86.603,30.2535,-86.617,26.7,5.2,121.0,30.0,5.1,,,,50.0,19.0,2.0,11.5,22.0,,26.93,26.8,26.3,34.45,34.65,34.92,,,,6.3,6.3,6.3,,,,485.4898402629348,0.0020455559715628624,0.0021137793082743883,0.0021440009586513042,0.0020486675202846527,0.002064445288851857,0.002222666749730706,0.0022273340728133917,0.002248444827273488,0.0022186674177646637,0.0020980010740458965,0.001993555575609207,0.002102000406011939,0.002160001080483198,0.0019491120474413037,0.001877778908237815,0.002107778796926141,0.0022060004994273186,0.002088889479637146,0.0019344455795362592,0.0019755561370402575,0.002215334214270115,0.002221111673861742,0.002011556178331375,0.001879556686617434,0.001894000917673111,0.001857334515079856,0.0018064446048811078,0.0018064449541270733,0.001816000323742628,0.0018335568020120263,0.0018202236387878656,0.001816223026253283,0.001821556012146175,0.0018860006239265203,0.002001778921112418,0.0020182228181511164,0.001955112675204873,0.001960667548701167,0.0019744448363780975,0.0019706678576767445,0.0019935560412704945,0.002051334362477064,0.0020933346822857857,0.00212311209179461,0.0021566683426499367,0.0021871121134608984,0.002229335019364953,0.002257778774946928,0.0022875559516251087,0.0022671115584671497,0.0022624449338763952,0.002294000703841448,0.0023115563672035933,0.0023457789793610573,0.002384222112596035,0.002417556010186672,0.0024802228435873985,0.002506889868527651,0.002467111684381962,0.0024528903886675835,0.0024508899077773094,0.0024382236879318953,0.002432667650282383,0.0024215567391365767,0.0023811119608581066,0.002292222809046507,0.002176889218389988,0.0020740011241286993,0.0020340015180408955,0.0020433340687304735,0.002038000850006938,0.002033335156738758,0.002039555925875902,0.0020384453237056732,0.00201600044965744,0.0019826677162200212,0.0019615557976067066,0.0019286680035293102,0.0018931122031062841,0.0018475564429536462,0.0017942235572263598,0.0017237787833437324,0.0016631119651719928,0.0016231114277616143,0.001591778825968504,0.0015744450502097607,0.0015555558493360877,0.0015182229690253735,0.0014704453060403466,0.001411779085174203,0.0013362235622480512,0.001242001075297594,0.001137556741014123,0.001042445539496839,0.0009466670453548431,0.0008491116459481418,0.000767111370805651,0.0007068899576552212,0.00018444533634465188,0.00017133395886048675,0.00015244509268086404,0.00013466758537106216,0.000123334422823973,0.00011800063657574356,0.000126667320728302,0.0001268896012334153,0.00010733347880886868,9.777852392289788e-05,9.244514512829483e-05,8.800087380222976e-05,8.577936387155205e-05,8.422342943958938e-05,7.800095772836357e-05,7.889005792094395e-05,7.777909195283428e-05,8.533439540769905e-05,9.33338378672488e-05,9.555617725709453e-05,9.02232204680331e-05,7.955605542520061e-05,6.933427357580513e-05,6.111132097430527e-05,5.555690950131975e-05,4.644526416086592e-05,4.0001337765716016e-05,3.533354902174324e-05,3.1778381526237354e-05,3.333389759063721e-05,3.222293162252754e-05,3.3556585549376905e-05,3.289017331553623e-05,3.289017331553623e-05,3.644534444902092e-05,4.0001337765716016e-05,4.244512820150703e-05,4.555616033030674e-05,4.8667192459106445e-05,5.222277468419634e-05,5.111181235406548e-05,5.022353434469551e-05,5.022394907427952e-05,4.9557122110854834e-05,4.8445745051139966e-05,4.333423203206621e-05,4.044506204081699e-05,4.133416587137617e-05,4.689022898674011e-05,6.333448982331902e-05,6.888972711749375e-05,5.844483894179575e-05,3.8223133742576465e-05,1.866742968559265e-05,1.911198160087224e-05,1.977922147489153e-05,1.3334469258552417e-05,-2.888341668949579e-06,-1.7332533388980664e-05,-2.4443699658149853e-05,-2.4665974706294946e-05,-2.4221837520599365e-05,-3.3109965443145484e-05,-4.310947406338528e-05,-5.1555121899582446e-05,-6.333241617539898e-05,-6.822207069490105e-05,-7.066586113069206e-05,-7.133185863494873e-05,-7.133185863494873e-05,-7.177641236921772e-05,-6.777710223104805e-05,-3.999306045443518e-06,6.577869498869404e-05
480,236213,1149,2024-06-03,30.308,30.325,-86.363,-86.341,30.3165,-86.352,23.0,10.5,167.0,30.0,2.6,,,,,15.0,,9.5,18.0,,27.6,27.25,27.09,34.21,34.21,34.39,,,,6.3,6.4,6.1,,,,476.10183828919895,0.002024000743404031,0.002051333896815777,0.002044000895693898,0.0019528898410499096,0.0019488888792693615,0.0020448905415832996,0.00205755652859807,0.0020808896515518427,0.001999777974560857,0.0018633343279361725,0.0017528901807963848,0.0018115565180778503,0.0018513343529775739,0.0016355568077415228,0.0015633346047252417,0.0017906675348058343,0.0018537784926593304,0.001726001501083374,0.0015626674285158515,0.0015977778239175677,0.0018200012855231762,0.0018084450857713819,0.0016004455974325538,0.0014593340456485748,0.0014568897895514965,0.0014111122582107782,0.0013706679455935955,0.001363112241961062,0.001363112241961062,0.0013793339021503925,0.0013577784411609173,0.0013535565230995417,0.0013713344233110547,0.0014271123800426722,0.0015297784702852368,0.0015506674535572529,0.0014917784137651324,0.0014984458684921265,0.0015048893401399255,0.0015020014252513647,0.0015220008790493011,0.0015733345644548535,0.0016097786137834191,0.001638889778405428,0.0016675562364980578,0.001694889971986413,0.0017322235507890582,0.0017591118812561035,0.0017848900752142072,0.0017644456820562482,0.0017571118660271168,0.001782667706720531,0.0017966673476621509,0.00183066725730896,0.0018688900163397193,0.0018995569553226233,0.0019531125435605645,0.0019822237081825733,0.001945556839928031,0.0019388898508623242,0.0019422227051109076,0.0019315560348331928,0.001938667963258922,0.0019491115817800164,0.0019375570118427277,0.001869112253189087,0.0017742232885211706,0.001703333924524486,0.0016848896630108356,0.0017013342585414648,0.0017057785298675299,0.0017088904278352857,0.0017260010354220867,0.0017402225639671087,0.0017260006861761212,0.001702000736258924,0.0016891120467334986,0.0016635569045320153,0.0016404452035203576,0.0016040006885305047,0.0015591130359098315,0.0014942226698622108,0.0014371118741109967,0.0014037787914276123,0.001382445334456861,0.001372889499180019,0.0013591120950877666,0.0013284451561048627,0.0012875563697889447,0.0012408904731273651,0.0011682225158438087,0.0010693346848711371,0.0009733343031257391,0.0008800008799880743,0.0007800008752383292,0.0006882225279696286,0.0006137792370282114,0.0005668894154950976,2.0013087578263367e-06,-9.777231753105298e-06,-2.711017987166997e-05,-4.5332642912399024e-05,-5.777718251920305e-05,-6.088821464800276e-05,-5.6665390729904175e-05,-5.688807868864387e-05,-7.577695942018181e-05,-8.599998545832932e-05,-9.155439329333603e-05,-9.533224510960281e-05,-9.688859427114949e-05,-0.00010155472409678623,-0.0001057767221936956,-0.0001057767221936956,-0.00010444306826684624,-9.155480074696243e-05,-8.488819003105164e-05,-8.377680933335796e-05,-8.97774298209697e-05,-0.00010333251702832058,-0.00011311015987303108,-0.00011799898493336514,-0.00012422104191500694,-0.0001359991729259491,-0.0001459995110053569,-0.00015533302212134004,-0.00016155425691977143,-0.0001624433498363942,-0.00016466528177261353,-0.00016399886226281524,-0.00016511025023646653,-0.00016288748884107918,-0.00015999915194697678,-0.00015755536151118577,-0.00015688811254221946,-0.0001559994270792231,-0.00015155515575315803,-0.00014755502343177795,-0.00014822185039520264,-0.00014755502343177795,-0.00014822144294157624,-0.00014999922132119536,-0.00015066604828462005,-0.0001551103196106851,-0.0001562217075843364,-0.00015133246779441833,-0.00013799965381622314,-0.00011377615737728775,-9.999962639994919e-05,-0.00010599816596368328,-0.00012244324898347259,-0.00013999889779370278,-0.00013688785838894546,-0.00013311041402630508,-0.00014022116374690086,-0.0001559994270792231,-0.00016710990166757256,-0.00017044361447915435,-0.00016422114276792854,-0.0001591100444784388,-0.0001655547966947779,-0.00017266554641537368,-0.00017777747416403145,-0.0001855542213888839,-0.00018755429482553154,-0.00018644373631104827,-0.00018422139692120254,-0.00018333230400457978,-0.0001759992737788707,-0.0001659985282458365,-8.022123074624687e-05,2.6673078536987305e-06
481,236214,1149,2024-06-03,30.337,30.312,-86.253,-86.25,30.3245,-86.2515,20.8,11.1,165.0,30.0,4.8,,,,,12.0,8.0,9.0,17.0,,27.86,27.58,27.61,34.03,34.04,34.14,,,,6.4,6.4,6.5,,,,470.77241084738233,0.002111334353685379,0.0021431115455925465,0.002153111854568124,0.002043556421995163,0.0020400003995746374,0.0021220010239630938,0.002110001165419817,0.0021057783160358667,0.002023777924478054,0.0019031116971746087,0.001769111375324428,0.0018382229609414935,0.0019082236103713512,0.0016840009484440088,0.0015842235879972577,0.0017831118311733007,0.0018480014987289906,0.001741778920404613,0.0015791120240464807,0.001596223097294569,0.0018195571610704064,0.0018137784209102392,0.0015957789728417993,0.001456444850191474,0.0014608895871788263,0.001407333998940885,0.0013493344886228442,0.0013311119982972741,0.0013402232434600592,0.001359555870294571,0.0013231108896434307,0.0013140005758032203,0.0013373345136642456,0.001391111989505589,0.0014868895523250103,0.0015088894870132208,0.001448445487767458,0.001453778357245028,0.0014591118087992072,0.0014531128108501434,0.0014706671936437488,0.0015228904085233808,0.0015655565075576305,0.0015986678190529346,0.0016273342771455646,0.0016511124558746815,0.0016782230231910944,0.0016951118595898151,0.0017215567640960217,0.0017046667635440826,0.0016977782361209393,0.0017231123056262732,0.0017362232320010662,0.001767778187058866,0.0018008893821388483,0.0018364451825618744,0.0018957791617140174,0.001924001146107912,0.0018877788679674268,0.001874889712780714,0.0018760007806122303,0.0018746674759313464,0.0018853346118703485,0.0018975561251863837,0.001891779014840722,0.0018335559871047735,0.0017455568304285407,0.001676444779150188,0.0016595564084127545,0.001678889850154519,0.0016900015762075782,0.0016962228110060096,0.0017182235606014729,0.0017397789051756263,0.0017262225737795234,0.0016964455135166645,0.0016820008167997003,0.0016622229013592005,0.0016417785082012415,0.0016057789325714111,0.0015631119022145867,0.001499334117397666,0.001443333923816681,0.001411779085174203,0.0013822229811921716,0.001372666796669364,0.0013691125204786658,0.0013435562141239643,0.0012997790472581983,0.0012446674518287182,0.0011653336696326733,0.0010677786776795983,0.0009726674761623144,0.0008753339643590152,0.0007688899640925229,0.000667778542265296,0.000589112052693963,0.0005442227120511234,-6.488710641860962e-05,-6.844392919447273e-05,-8.022123074624687e-05,-0.0001024438242893666,-0.00012111043179174885,-0.00012866656470578164,-0.0001297767012147233,-0.00012844304728787392,-0.00014333261060528457,-0.00015288798022083938,-0.00015644273662474006,-0.00016466611123178154,-0.00016844355559442192,-0.00017822161316871643,-0.00018377642845734954,-0.00018133223056793213,-0.00018044312309939414,-0.00016644348215777427,-0.0001593327324371785,-0.00015822135901544243,-0.0001626664598006755,-0.00017377693438902497,-0.0001859996118582785,-0.00019022077322006226,-0.0001968886354006827,-0.00021044371533207595,-0.00021844357252120972,-0.0002291103155585006,-0.00023711017274763435,-0.00023755514121148735,-0.00023999893164727837,-0.00023666603374294937,-0.00024022121215239167,-0.00023755514121148735,-0.0002364437677897513,-0.000236221487284638,-0.00023533280182164162,-0.00023377686738967896,-0.0002291107375640422,-0.00022399921726901084,-0.00022755522513762116,-0.00022666611766908318,-0.00022777666163165122,-0.0002297775645274669,-0.0002288884570589289,-0.00023311004042625427,-0.00023377686738967896,-0.00022799934959039092,-0.00021266605472192168,-0.0001859996118582785,-0.00017266554641537368,-0.00017777664470486343,-0.00019310993957333267,-0.00021244336676318198,-0.00020533303904812783,-0.0001988878648262471,-0.00020666627096943557,-0.00022177647042553872,-0.00023422100639436394,-0.00023733245325274765,-0.00022977673506829888,-0.00022488791728392243,-0.00022977714252192527,-0.00023711017274763435,-0.0002388883731327951,-0.0002455541689414531,-0.00024444362497888505,-0.00024133258557412773,-0.00023688831424806267,-0.0002319990744581446,-0.00022399921726901084,-0.00021244336676318198,-0.00012177684402558953,-3.0221624911064282e-05
482,236215,1149,2024-06-03,30.004,29.987,-86.095,-86.074,29.9955,-86.0845,36.2,11.2,164.0,30.0,7.7,,,,,11.0,5.0,,,,,,,,,,,,,,,,,,,478.69781216785697,0.005683501251041889,0.005605500191450119,0.005717500112950802,0.005625000223517418,0.005485001020133495,0.005571501329541206,0.005582001060247421,0.0055040018633008,0.005364500917494297,0.005214001052081585,0.005076000466942787,0.005126500502228737,0.005138000473380089,0.004832501523196697,0.004732000641524792,0.004973000846803188,0.005026001483201981,0.004869501106441021,0.004685000516474247,0.004672501236200333,0.0048409998416900635,0.004856499843299389,0.004578000865876675,0.00436750054359436,0.004367499612271786,0.00428600050508976,0.0041990019381046295,0.004179500974714756,0.004154500551521778,0.004157001152634621,0.004107501357793808,0.00404950138181448,0.0040115006268024445,0.004085000604391098,0.00419900007545948,0.004156000912189484,0.004075000993907452,0.004050000570714474,0.004022000357508659,0.003978000022470951,0.003951500169932842,0.003970000892877579,0.003987500444054604,0.003975000232458115,0.003974501043558121,0.003992501646280289,0.004000001586973667,0.004010501317679882,0.004028500989079475,0.003970001824200153,0.0039300015196204185,0.003916500136256218,0.0038980012759566307,0.003909001126885414,0.003915001638233662,0.003908501006662846,0.003945502452552319,0.0039495015516877174,0.003842500038444996,0.0037660012021660805,0.003708501346409321,0.0036280015483498573,0.0035600000992417336,0.0034790001809597015,0.0033705011010169983,0.003219000995159149,0.0030295001342892647,0.002854001708328724,0.0027500009164214134,0.002719501033425331,0.002686002291738987,0.0026515014469623566,0.002628001384437084,0.0025909999385476112,0.002532500773668289,0.002464001066982746,0.0024170009419322014,0.0023720012977719307,0.002308000810444355,0.0022285012528300285,0.002147001214325428,0.002035500481724739,0.0019324999302625656,0.0018560001626610756,0.0018185023218393326,0.0018035005778074265,0.0017694998532533646,0.0017070015892386436,0.0016435012221336365,0.0015870006754994392,0.0015050005167722702,0.0013960013166069984,0.001268000341951847,0.0011755004525184631,0.0010980023071169853,0.001022500917315483,0.0009770011529326439,0.0009585004299879074,0.0004020007327198982,0.0003955010324716568,0.00036700163036584854,0.0003455011174082756,0.0003295019268989563,0.0003200015053153038,0.0003300011157989502,0.00032350141555070877,0.0003000004217028618,0.00029250048100948334,0.00029150210320949554,0.00027700234204530716,0.00026850029826164246,0.0002550017088651657,0.0002460004761815071,0.00025350041687488556,0.0002590017393231392,0.0002740016207098961,0.000289001502096653,0.00028850045055150986,0.000281001441180706,0.0002640010789036751,0.00025200098752975464,0.0002460014075040817,0.0002445001155138016,0.0002350006252527237,0.00022900011390447617,0.0002200007438659668,0.00021400023251771927,0.00022350158542394638,0.00022250041365623474,0.0002210000529885292,0.00021350104361772537,0.00020400062203407288,0.00019949954003095627,0.0002055009827017784,0.00020800065249204636,0.0002105003222823143,0.00021750107407569885,0.00022050179541110992,0.00021400116384029388,0.00021300092339515686,0.00020749960094690323,0.00019800104200839996,0.00020250119268894196,0.00019850116223096848,0.00020150002092123032,0.00020850170403718948,0.00021400023251771927,0.00023600179702043533,0.00024700071662664413,0.00024200137704610825,0.0002245008945465088,0.00019250158220529556,0.00019250158220529556,0.00019150041043758392,0.00017450004816055298,0.0001550000160932541,0.00013350043445825577,0.0001200009137392044,0.00012250151485204697,0.0001205001026391983,0.0001140013337135315,0.0001050001010298729,9.850133210420609e-05,8.550100028514862e-05,7.45011493563652e-05,7.00000673532486e-05,6.300117820501328e-05,5.6500546634197235e-05,5.350075662136078e-05,4.5501627027988434e-05,9.200163185596466e-05,0.0001650005578994751
483,236216,1149,2024-06-03,30.002,30.09,-85.968,-85.995,30.046,-85.9815,33.5,6.8,179.0,30.0,,,,,,21.0,6.0,,,,,,,,,,,,,,,,,,,479.7749874206322,0.00462333345785737,0.004648000001907349,0.004661334212869406,0.004406000021845102,0.004286667797714472,0.004350001458078623,0.004317333456128836,0.00423266738653183,0.00417666882276535,0.004084667656570673,0.003892000764608383,0.003888667793944478,0.003818667260929942,0.003605334786698222,0.0035340003669261932,0.0037153351586312056,0.0037446680944412947,0.003613334149122238,0.0034546677488833666,0.0034500013571232557,0.003712667850777507,0.003667333396151662,0.0033926665782928467,0.0032113343477249146,0.0032013345044106245,0.003149334341287613,0.0030793335754424334,0.0030140008311718702,0.002977333962917328,0.0030313332099467516,0.003005334408953786,0.00296933320350945,0.0029153339564800262,0.0029726673383265734,0.0031139999628067017,0.0030793349724262953,0.0029720005113631487,0.002946666209027171,0.0029479998629540205,0.0029273342806845903,0.0029253337997943163,0.002961333841085434,0.0029893331229686737,0.003014667658135295,0.0030113346874713898,0.0030273348093032837,0.0030613343697041273,0.0030593338888138533,0.0030906673055142164,0.0030700017232447863,0.0030293341260403395,0.003024667501449585,0.003012668341398239,0.0030313332099467516,0.0030646685045212507,0.0030873343348503113,0.0031386662740260363,0.003139334497973323,0.003068668069317937,0.0030320000369101763,0.003016668139025569,0.002993334084749222,0.002957334043458104,0.0029106673318892717,0.0028460000175982714,0.00273200124502182,0.0025726668536663055,0.002449333667755127,0.0024006664752960205,0.0023860011715441942,0.0023540009278804064,0.0023293346166610718,0.002323334338143468,0.0023153338115662336,0.002273334888741374,0.002208000747486949,0.002176668494939804,0.002148668048903346,0.002115334151312709,0.0020613346714526415,0.0019913341384381056,0.001898001879453659,0.0018173344433307648,0.0017446676502004266,0.0017006670823320746,0.0016760019352659583,0.0016546683618798852,0.0016186684370040894,0.0015660002827644348,0.0015120021998882294,0.0014213348040357232,0.0013040018966421485,0.0011713331332430243,0.0010906668612733483,0.0010320009896531701,0.0009353334899060428,0.0008540016715414822,0.0008253343403339386,0.00029133507632650435,0.00028200075030326843,0.0002606672642286867,0.0002426666469546035,0.00021866832685191184,0.00020133331418037415,0.00019533435988705605,0.00020133331418037415,0.00019466753292363137,0.0001766681671142578,0.00016466777015011758,0.00015466660261154175,0.00014533351350110024,0.00015066687774378806,0.00014333550643641502,0.0001340024173259735,0.00013733406376559287,0.00014466792345046997,0.00015000130224507302,0.0001640021800994873,0.0001566670835018158,0.00014266744256019592,0.00013866648077964783,0.0001206683591590263,0.00010666748130461201,9.799996769288555e-05,9.133418643614277e-05,9.866803884506226e-05,9.533514821669087e-05,8.733322465559468e-05,8.600080764153972e-05,7.866695523262024e-05,8.400032675126567e-05,9.600073099136353e-05,9.933362161973491e-05,0.00010733306407928467,0.00010066727554658428,9.066735947271809e-05,9.266784036299214e-05,8.800128853181377e-05,8.800128853181377e-05,8.733446156838909e-05,8.333474397659302e-05,8.133426308631897e-05,8.200109004974365e-05,7.866819942137226e-05,7.866819942137226e-05,8.733446156838909e-05,8.866687858244404e-05,0.00010866796219488606,0.00012066712224623188,0.00010933354496955872,9.600197518011555e-05,7.066627586027607e-05,6.466731429100037e-05,6.400048732757568e-05,5.6001048506004736e-05,3.73348593711853e-05,2.2668391466140747e-05,8.000682100828271e-06,8.000682100828271e-06,8.000682100828271e-06,1.3348957281777984e-06,-4.665305368689587e-06,-1.600012183189392e-05,-2.666562795639038e-05,-2.9999762773513794e-05,-3.533189374138601e-05,-3.6665547668235376e-05,-3.933285552193411e-05,-3.533189374138601e-05,-3.200024366378784e-05,5.73347024328541e-05,0.00013200193643569946
484,236217,1149,2024-06-04,29.552,29.528,-86.085,-86.078,29.54,-86.0815,75.7,6.7,195.0,30.0,14.4,,,,,,,,,,,,,,,,,,,,,,,,,,,,,,,,,,,,,,,,,,,,,,,,,,,,,,,,,,,,,,,,,,,,,,,,,,,,,,,,,,,,,,,,,,,,,,,,,,,,,,,,,,,,,,,,,,,,,,,,,,,,,,,,,,,,,,,,,,,,,,,,,,,,,,,,,,,,,,,,,,,,,,,,,,,,,,,,,,,,,,,,,,,,,,,,,,,,,
485,236218,1149,2024-06-04,29.588,29.613,-85.875,-85.878,29.6005,-85.8765,41.5,2.8,160.0,30.0,21.1,,,,,,,,,,,,,,,,,,,,,,,,,,,,,,,,,,,,,,,,,,,,,,,,,,,,,,,,,,,,,,,,,,,,,,,,,,,,,,,,,,,,,,,,,,,,,,,,,,,,,,,,,,,,,,,,,,,,,,,,,,,,,,,,,,,,,,,,,,,,,,,,,,,,,,,,,,,,,,,,,,,,,,,,,,,,,,,,,,,,,,,,,,,,,,,,,,,,,
486,236219,1149,2024-06-04,29.885,29.874,-85.577,-85.602,29.8795,-85.5895,23.8,2.4,217.0,30.0,9.9,,,,75.0,,,,,,,,,,,,,,,,,,,,,,,,,,,,,,,,,,,,,,,,,,,,,,,,,,,,,,,,,,,,,,,,,,,,,,,,,,,,,,,,,,,,,,,,,,,,,,,,,,,,,,,,,,,,,,,,,,,,,,,,,,,,,,,,,,,,,,,,,,,,,,,,,,,,,,,,,,,,,,,,,,,,,,,,,,,,,,,,,,,,,,,,,,,,,,,,,
487,236220,1149,2024-06-04,29.804,29.826,-85.441,-85.454,29.815,-85.4475,11.5,9.5,142.0,30.0,14.4,,,,50.0,5.0,7.0,,,,,,,,,,,,,,,,,,,,,,,,,,,,,,,,,,,,,,,,,,,,,,,,,,,,,,,,,,,,,,,,,,,,,,,,,,,,,,,,,,,,,,,,,,,,,,,,,,,,,,,,,,,,,,,,,,,,,,,,,,,,,,,,,,,,,,,,,,,,,,,,,,,,,,,,,,,,,,,,,,,,,,,,,,,,,,,,,,,,,,,,,,,,,,,
488,236221,1149,2024-06-04,29.451,29.426,-85.555,-85.554,29.4385,-85.5545,21.8,8.0,135.0,56.0,8.5,,,,8.0,12.0,,,,,,,,,,,,,,,,,,,,,,,,,,,,,,,,,,,,,,,,,,,,,,,,,,,,,,,,,,,,,,,,,,,,,,,,,,,,,,,,,,,,,,,,,,,,,,,,,,,,,,,,,,,,,,,,,,,,,,,,,,,,,,,,,,,,,,,,,,,,,,,,,,,,,,,,,,,,,,,,,,,,,,,,,,,,,,,,,,,,,,,,,,,,,,,,
489,236222,1149,2024-06-04,29.506,29.489,-85.377,-85.397,29.4975,-85.387,21.6,7.4,167.0,30.0,4.2,,,,1.0,16.5,,,,,,,,,,,,,,,,,,,,,,,,,,,,,,,,,,,,,,,,,,,,,,,,,,,,,,,,,,,,,,,,,,,,,,,,,,,,,,,,,,,,,,,,,,,,,,,,,,,,,,,,,,,,,,,,,,,,,,,,,,,,,,,,,,,,,,,,,,,,,,,,,,,,,,,,,,,,,,,,,,,,,,,,,,,,,,,,,,,,,,,,,,,,,,,,
490,236223,1149,2024-06-04,29.639,29.619,-85.246,-85.263,29.629,-85.2545,11.7,5.2,200.0,30.0,27.2,,,,3.0,4.0,,,,,,,,,,,,,,,,,,,,,,,,,,,,,,,,,,,,,,,,,,,,,,,,,,,,,,,,,,,,,,,,,,,,,,,,,,,,,,,,,,,,,,,,,,,,,,,,,,,,,,,,,,,,,,,,,,,,,,,,,,,,,,,,,,,,,,,,,,,,,,,,,,,,,,,,,,,,,,,,,,,,,,,,,,,,,,,,,,,,,,,,,,,,,,,,
491,236224,1149,2024-06-05,29.56,29.554,-85.189,-85.217,29.557,-85.203,12.8,10.3,164.0,30.0,2.8,,,,,,,,,,,,,,,,,,,,,,,,,,,,,,,,,,,,,,,,,,,,,,,,,,,,,,,,,,,,,,,,,,,,,,,,,,,,,,,,,,,,,,,,,,,,,,,,,,,,,,,,,,,,,,,,,,,,,,,,,,,,,,,,,,,,,,,,,,,,,,,,,,,,,,,,,,,,,,,,,,,,,,,,,,,,,,,,,,,,,,,,,,,,,,,,,,,,,
492,236225,1149,2024-06-05,29.23,29.25,-85.192,-85.174,29.24,-85.183,33.5,4.4,186.0,30.0,6.7,,,,,,,,,,,,,,,,,,,,,,,,,,,,,,,,,,,,,,,,,,,,,,,,,,,,,,,,,,,,,,,,,,,,,,,,,,,,,,,,,,,,,,,,,,,,,,,,,,,,,,,,,,,,,,,,,,,,,,,,,,,,,,,,,,,,,,,,,,,,,,,,,,,,,,,,,,,,,,,,,,,,,,,,,,,,,,,,,,,,,,,,,,,,,,,,,,,,,
493,236226,1149,2024-06-05,29.033,29.042,-85.255,-85.282,29.0375,-85.2685,44.4,1.7,100.0,30.0,18.6,,,,,,,,,,,,,,,,,,,,,,,,,,,,,,,,,,,,,,,,,,,,,,,,,,,,,,,,,,,,,,,,,,,,,,,,,,,,,,,,,,,,,,,,,,,,,,,,,,,,,,,,,,,,,,,,,,,,,,,,,,,,,,,,,,,,,,,,,,,,,,,,,,,,,,,,,,,,,,,,,,,,,,,,,,,,,,,,,,,,,,,,,,,,,,,,,,,,,
494,236227,1149,2024-06-05,28.792,28.807,-85.156,-85.18,28.7995,-85.168,93.5,10.7,119.0,30.0,19.3,,,,,,,,,,,,,,,,,,,,,,,,,,,,,,,,,,,,,,,,,,,,,,,,,,,,,,,,,,,,,,,,,,,,,,,,,,,,,,,,,,,,,,,,,,,,,,,,,,,,,,,,,,,,,,,,,,,,,,,,,,,,,,,,,,,,,,,,,,,,,,,,,,,,,,,,,,,,,,,,,,,,,,,,,,,,,,,,,,,,,,,,,,,,,,,,,,,,,
495,236228,1149,2024-06-05,28.709,28.733,-85.022,-85.032,28.721,-85.027,69.7,10.2,135.0,30.0,9.2,,,,,,2.0,,,,,,,,,,,,,,,,,,,,,,,,,,,,,,,,,,,,,,,,,,,,,,,,,,,,,,,,,,,,,,,,,,,,,,,,,,,,,,,,,,,,,,,,,,,,,,,,,,,,,,,,,,,,,,,,,,,,,,,,,,,,,,,,,,,,,,,,,,,,,,,,,,,,,,,,,,,,,,,,,,,,,,,,,,,,,,,,,,,,,,,,,,,,,,,
496,236229,1149,2024-06-05,28.697,28.719,-84.956,-84.97,28.708,-84.963,57.2,4.8,163.0,30.0,1.4,,,,,,2.0,,,,,,,,,,,,,,,,,,,,,,,,,,,,,,,,,,,,,,,,,,,,,,,,,,,,,,,,,,,,,,,,,,,,,,,,,,,,,,,,,,,,,,,,,,,,,,,,,,,,,,,,,,,,,,,,,,,,,,,,,,,,,,,,,,,,,,,,,,,,,,,,,,,,,,,,,,,,,,,,,,,,,,,,,,,,,,,,,,,,,,,,,,,,,,,
497,236230,1149,2024-06-05,28.525,28.548,-85.011,-85.023,28.5365,-85.017,104.2,3.2,195.0,30.0,8.6,,,,,38.0,2.0,,,,,,,,,,,,,,,,,,,,,,,,,,,,,,,,,,,,,,,,,,,,,,,,,,,,,,,,,,,,,,,,,,,,,,,,,,,,,,,,,,,,,,,,,,,,,,,,,,,,,,,,,,,,,,,,,,,,,,,,,,,,,,,,,,,,,,,,,,,,,,,,,,,,,,,,,,,,,,,,,,,,,,,,,,,,,,,,,,,,,,,,,,,,,,,
498,236231,1149,2024-06-05,28.541,28.564,-84.568,-84.583,28.5525,-84.5755,54.1,3.9,131.0,30.0,4.1,,,,,41.0,2.0,,,,,,,,,,,,,,,,,,,,,,,,,,,,,,,,,,,,,,,,,,,,,,,,,,,,,,,,,,,,,,,,,,,,,,,,,,,,,,,,,,,,,,,,,,,,,,,,,,,,,,,,,,,,,,,,,,,,,,,,,,,,,,,,,,,,,,,,,,,,,,,,,,,,,,,,,,,,,,,,,,,,,,,,,,,,,,,,,,,,,,,,,,,,,,,
499,236232,1149,2024-06-05,28.826,28.851,-84.425,-84.426,28.8385,-84.4255,37.1,2.9,215.0,30.0,5.5,,,,,25.0,,,,,,,,,,,,,,,,,,,,,,,,,,,,,,,,,,,,,,,,,,,,,,,,,,,,,,,,,,,,,,,,,,,,,,,,,,,,,,,,,,,,,,,,,,,,,,,,,,,,,,,,,,,,,,,,,,,,,,,,,,,,,,,,,,,,,,,,,,,,,,,,,,,,,,,,,,,,,,,,,,,,,,,,,,,,,,,,,,,,,,,,,,,,,,,,
500,236233,1149,2024-06-06,28.903,28.916,-84.547,-84.571,28.9095,-84.559,38.8,1.6,186.0,30.0,35.6,,,,,,,,,,,,,,,,,,,,,,,,,,,,,,,,,,,,,,,,,,,,,,,,,,,,,,,,,,,,,,,,,,,,,,,,,,,,,,,,,,,,,,,,,,,,,,,,,,,,,,,,,,,,,,,,,,,,,,,,,,,,,,,,,,,,,,,,,,,,,,,,,,,,,,,,,,,,,,,,,,,,,,,,,,,,,,,,,,,,,,,,,,,,,,,,,,,,,
501,236234,1149,2024-06-06,28.837,28.863,-84.73,-84.734,28.85,-84.732,43.2,3.9,188.0,30.0,52.6,,,,,,,,,,,,,,,,,,,,,,,,,,,,,,,,,,,,,,,,,,,,,,,,,,,,,,,,,,,,,,,,,,,,,,,,,,,,,,,,,,,,,,,,,,,,,,,,,,,,,,,,,,,,,,,,,,,,,,,,,,,,,,,,,,,,,,,,,,,,,,,,,,,,,,,,,,,,,,,,,,,,,,,,,,,,,,,,,,,,,,,,,,,,,,,,,,,,,
502,236235,1149,2024-06-06,28.969,28.946,-84.872,-84.859,28.9575,-84.8655,45.0,3.9,207.0,30.0,24.2,,,,,,,,,,,,,,,,,,,,,,,,,,,,,,,,,,,,,,,,,,,,,,,,,,,,,,,,,,,,,,,,,,,,,,,,,,,,,,,,,,,,,,,,,,,,,,,,,,,,,,,,,,,,,,,,,,,,,,,,,,,,,,,,,,,,,,,,,,,,,,,,,,,,,,,,,,,,,,,,,,,,,,,,,,,,,,,,,,,,,,,,,,,,,,,,,,,,,
503,236236,1149,2024-06-06,29.056,29.044,-84.93,-84.905,29.05,-84.9175,41.0,5.8,252.0,30.0,16.9,,,,,,,,,,,,,,,,,,,,,,,,,,,,,,,,,,,,,,,,,,,,,,,,,,,,,,,,,,,,,,,,,,,,,,,,,,,,,,,,,,,,,,,,,,,,,,,,,,,,,,,,,,,,,,,,,,,,,,,,,,,,,,,,,,,,,,,,,,,,,,,,,,,,,,,,,,,,,,,,,,,,,,,,,,,,,,,,,,,,,,,,,,,,,,,,,,,,,
504,236237,1149,2024-06-06,29.348,29.349,-84.443,-84.414,29.3485,-84.4285,30.7,4.8,198.0,30.0,414.4,,,,,17.0,,,,,,,,,,,,,,,,,,,,,,,,,,,,,,,,,,,,,,,,,,,,,,,,,,,,,,,,,,,,,,,,,,,,,,,,,,,,,,,,,,,,,,,,,,,,,,,,,,,,,,,,,,,,,,,,,,,,,,,,,,,,,,,,,,,,,,,,,,,,,,,,,,,,,,,,,,,,,,,,,,,,,,,,,,,,,,,,,,,,,,,,,,,,,,,,
505,236238,1149,2024-06-06,29.588,29.601,-84.478,-84.453,29.5945,-84.4655,20.8,6.8,210.0,30.0,175.2,,,,,15.0,,,,,,,,,,,,,,,,,,,,,,,,,,,,,,,,,,,,,,,,,,,,,,,,,,,,,,,,,,,,,,,,,,,,,,,,,,,,,,,,,,,,,,,,,,,,,,,,,,,,,,,,,,,,,,,,,,,,,,,,,,,,,,,,,,,,,,,,,,,,,,,,,,,,,,,,,,,,,,,,,,,,,,,,,,,,,,,,,,,,,,,,,,,,,,,,
506,236239,1149,2024-06-06,29.551,29.564,-84.633,-84.609,29.5575,-84.621,22.5,6.8,210.0,30.0,99.5,,,,,15.0,,,,,,,,,,,,,,,,,,,,,,,,,,,,,,,,,,,,,,,,,,,,,,,,,,,,,,,,,,,,,,,,,,,,,,,,,,,,,,,,,,,,,,,,,,,,,,,,,,,,,,,,,,,,,,,,,,,,,,,,,,,,,,,,,,,,,,,,,,,,,,,,,,,,,,,,,,,,,,,,,,,,,,,,,,,,,,,,,,,,,,,,,,,,,,,,
507,236240,1149,2024-06-06,29.615,29.614,-84.705,-84.734,29.6145,-84.7195,15.4,7.0,254.0,30.0,,,,,,,,,,,,,,,,,,,,,,,,,,,,,,,,,,,,,,,,,,,,,,,,,,,,,,,,,,,,,,,,,,,,,,,,,,,,,,,,,,,,,,,,,,,,,,,,,,,,,,,,,,,,,,,,,,,,,,,,,,,,,,,,,,,,,,,,,,,,,,,,,,,,,,,,,,,,,,,,,,,,,,,,,,,,,,,,,,,,,,,,,,,,,,,,,,,,,,
508,236241,1149,2024-06-06,29.731,29.719,-84.617,-84.591,29.725,-84.604,12.6,7.9,232.0,30.0,21.5,,,,8.0,7.0,,,,,,,,,,,,,,,,,,,,,,,,,,,,,,,,,,,,,,,,,,,,,,,,,,,,,,,,,,,,,,,,,,,,,,,,,,,,,,,,,,,,,,,,,,,,,,,,,,,,,,,,,,,,,,,,,,,,,,,,,,,,,,,,,,,,,,,,,,,,,,,,,,,,,,,,,,,,,,,,,,,,,,,,,,,,,,,,,,,,,,,,,,,,,,,,
509,236242,1149,2024-06-06,29.743,29.752,-84.464,-84.437,29.7475,-84.4505,13.7,11.6,220.0,30.0,30.0,,,,5.0,7.0,,,,,,,,,,,,,,,,,,,,,,,,,,,,,,,,,,,,,,,,,,,,,,,,,,,,,,,,,,,,,,,,,,,,,,,,,,,,,,,,,,,,,,,,,,,,,,,,,,,,,,,,,,,,,,,,,,,,,,,,,,,,,,,,,,,,,,,,,,,,,,,,,,,,,,,,,,,,,,,,,,,,,,,,,,,,,,,,,,,,,,,,,,,,,,,,
510,236243,1149,2024-06-06,29.719,29.739,-84.357,-84.356,29.729,-84.3565,17.4,11.9,224.0,30.0,,,,,2.0,,,,,,,,,,,,,,,,,,,,,,,,,,,,,,,,,,,,,,,,,,,,,,,,,,,,,,,,,,,,,,,,,,,,,,,,,,,,,,,,,,,,,,,,,,,,,,,,,,,,,,,,,,,,,,,,,,,,,,,,,,,,,,,,,,,,,,,,,,,,,,,,,,,,,,,,,,,,,,,,,,,,,,,,,,,,,,,,,,,,,,,,,,,,,,,,,
511,236244,1149,2024-06-07,29.75,29.741,-84.053,-84.027,29.7455,-84.04,13.2,9.1,244.0,30.0,268.3,,,,,,,,,,,,,,,,,,,,,,,,,516.2193961138108,0.0010113343596458435,0.0009791114134714007,0.0010026677045971155,0.0009031121735461056,0.0008702232735231519,0.0009882234735414386,0.0010744457831606269,0.0011522227432578802,0.00113333435729146,0.0009962229523807764,0.0008873339393176138,0.0009408895275555551,0.0010028895922005177,0.0008371112053282559,0.0007002233760431409,0.0007564450497739017,0.0007651112973690033,0.0007326677441596985,0.0006817786488682032,0.0007142234244383872,0.0009391121566295624,0.001037333975546062,0.000923334329854697,0.0008151117363013327,0.0008013347978703678,0.0007273343508131802,0.0006633342709392309,0.0006651117000728846,0.0006635565659962595,0.0006675567128695548,0.0006322231492958963,0.0006173335714265704,0.0006131115951575339,0.0006440012948587537,0.0007411117549054325,0.0007635562215000391,0.0007140007219277322,0.0007260006968863308,0.0007315563852898777,0.0007251116330735385,0.0007446677191182971,0.0008324451046064496,0.0008866675198078156,0.000885334680788219,0.0008977779652923346,0.0009200006024912,0.0009517785510979593,0.0009700001683086157,0.0009644449455663562,0.0009164453949779272,0.0009015562827698886,0.0009486679336987436,0.0009902231395244598,0.001030223211273551,0.0010568901197984815,0.001064445823431015,0.0011011117603629827,0.0011428900761529803,0.001136889448389411,0.001147556584328413,0.0011700006434693933,0.001191333751194179,0.0012217789189890027,0.001234223018400371,0.0012386677553877234,0.0012417779071256518,0.0012453339295461774,0.0012557783629745245,0.0012866673059761524,0.001325334538705647,0.0013560006627812982,0.0013717790134251118,0.0014035565545782447,0.0014397787163034081,0.0014577789697796106,0.0014648897340521216,0.001484001288190484,0.0014920011162757874,0.001492223353125155,0.0014817784540355206,0.0014762228820472956,0.0014600004069507122,0.0014504455029964447,0.0014566675527021289,0.0014664451591670513,0.0014917784137651324,0.0015297788195312023,0.0015415562083944678,0.0015353349735960364,0.00151066726539284,0.0014764451188966632,0.001448445487767458,0.0013988895807415247,0.0013335570693016052,0.001246000756509602,0.001134222955442965,0.0010091111762449145,0.0008731124107725918,0.00036733390879817307,0.00035666755866259336,0.0003388896584510803,0.00032200125860981643,0.00031222321558743715,0.00030422292184084654,0.00029933371115475893,0.0002933347423095256,0.0002800010843202472,0.00026866752887144685,0.00026222277665510774,0.0002535560925025493,0.00024822354316711426,0.00024222210049629211,0.0002302229404449463,0.00022244536376092583,0.00020888986182399094,0.0002037787635345012,0.00020133414363954216,0.00020288924861233681,0.00020266779756639153,0.0001971121528185904,0.0001931120059452951,0.00018888960767071694,0.00018511174130253494,0.00017422313976567239,0.0001702234148979187,0.00016933430742938071,0.00016933430742938071,0.00017288948583882302,0.00017288948583882302,0.00017466768622398376,0.0001735563128022477,0.00017577865219209343,0.00018111203098669648,0.0001831120898714289,0.00018577856826595962,0.00018822318816091865,0.00019088966655544937,0.0001931115984916687,0.0001928893179865554,0.0001931120059452951,0.0001924451789818704,0.00019133422756567597,0.0001924451789818704,0.00018844504666049033,0.00018577856826595962,0.00018488988280296326,0.0001873345026979223,0.00019777897978201509,0.00019844580674543977,0.00018466719484422356,0.00015755619097035378,0.00012622318172361702,0.00011466733121778816,0.00010666748130461201,0.00010222320997854695,9.200101339956746e-05,7.555675256298855e-05,6.222352385520935e-05,5.68893228773959e-05,5.111263817525469e-05,4.177830123808235e-05,3.555624061846174e-05,2.866735121642705e-05,1.6222811609623022e-05,1.2444953426893335e-05,9.334336027677637e-06,8.222957148973364e-06,6.445166036428418e-06,2.4454461708955932e-06,-6.655852189396683e-07,4.155602800892666e-05,9.444562601856887e-05
512,236245,1149,2024-06-07,29.568,29.55,-84.219,-84.241,29.559,-84.23,21.6,8.3,214.0,30.0,27.6,,,,,,,,,,,,,,,,,,,,,,,,,505.739760160737,0.0016720013227313757,0.0015984454657882452,0.0016306675970554352,0.0015504451002925634,0.0015011123614385724,0.00159333401825279,0.001657778979279101,0.0017246673814952374,0.001706001698039472,0.001595111796632409,0.0014735559234395623,0.001504222978837788,0.00158044567797333,0.0014095554361119866,0.0012580007314682007,0.0013144455151632428,0.0013162228278815746,0.0012877790722995996,0.00123177922796458,0.0012540010502561927,0.0014840008225291967,0.0015915574040263891,0.001476223231293261,0.0013473340077325702,0.0013160010566934943,0.0012497790157794952,0.0011913345661014318,0.001185556291602552,0.00118489027954638,0.001192001043818891,0.0011657790746539831,0.0011573343072086573,0.0011555560631677508,0.0011948893079534173,0.00130088918376714,0.001334445783868432,0.0013013341231271625,0.0013217789819464087,0.0013346680207177997,0.0013400005409494042,0.0013753337552770972,0.0014746678061783314,0.0015471117803826928,0.001574222813360393,0.0016180011443793774,0.001671334495767951,0.001730001182295382,0.0017635566182434559,0.0017886675195768476,0.0017768902471289039,0.0017922227270901203,0.00186755636241287,0.0019444450736045837,0.0020137785468250513,0.002078889636322856,0.0021131117828190327,0.00217044516466558,0.002241334179416299,0.0022433337289839983,0.0022608893923461437,0.0022915564477443695,0.0022993339225649834,0.002308889292180538,0.0022882234770804644,0.0022415565326809883,0.0021840014960616827,0.002115334151312709,0.0020484449341893196,0.0020228889770805836,0.0020480011589825153,0.0020708893425762653,0.002078667748719454,0.0021068896166980267,0.002130889566615224,0.0021322232205420732,0.002120889723300934,0.0021144459024071693,0.00209155585616827,0.0020588901825249195,0.002017556456848979,0.001970445504412055,0.0019086673855781555,0.0018504452891647816,0.001817778218537569,0.0017997784307226539,0.0017991119530051947,0.0018031112849712372,0.0017791116843000054,0.0017337790923193097,0.0016677789390087128,0.0015871119685471058,0.001509778667241335,0.0014204462058842182,0.0013224453432485461,0.0012131122639402747,0.0010895563755184412,0.0009684450924396515,0.0008380011422559619,0.00043488998198881745,0.0004266678588464856,0.0004135569033678621,0.000389556516893208,0.00038488954305648804,0.00037222314858809114,0.0003648892743512988,0.00035822310019284487,0.00034733364009298384,0.00033355585765093565,0.00032555684447288513,0.00031955665326677263,0.0003137787280138582,0.0003077789442613721,0.0002946679887827486,0.00028111247229389846,0.0002611122326925397,0.0002493344945833087,0.0002455566427670419,0.0002466676232870668,0.00024711215519346297,0.00024377844238188118,0.0002397787175141275,0.00023244527983479202,0.00023111204791348428,0.0002266677765874192,0.0002271119155921042,0.0002297788014402613,0.00023177845287136734,0.000234223494771868,0.0002368891437072307,0.00023800051712896675,0.0002397787175141275,0.00024089010548777878,0.0002444456913508475,0.00024555623531341553,0.0002471125917509198,0.0002502236166037619,0.00025133416056632996,0.0002540006535127759,0.0002526674070395529,0.0002524451119825244,0.0002511118946131319,0.00024866810417734087,0.00024777898215688765,0.00024288975691888481,0.00023777865862939507,0.00023600045824423432,0.00023955645156092942,0.0002475563087500632,0.00025066774105653167,0.0002364454121561721,0.00020555613446049392,0.00017222306632902473,0.00015200053167063743,0.0001397782762069255,0.00013444531941786408,0.00012622277426999062,0.00011066719889640808,9.644528472563252e-05,8.866770076565444e-05,8.311205601785332e-05,7.64450232964009e-05,7.044606900308281e-05,6.577869498869404e-05,5.5112359405029565e-05,5.0445396482245997e-05,4.73343679914251e-05,4.622298729373142e-05,4.333423203206621e-05,3.7334444641601294e-05,3.0445142328971997e-05,5.489008253789507e-05,9.02228057384491e-05
513,236246,1149,2024-06-07,29.567,29.583,-84.104,-84.082,29.575,-84.093,19.0,7.8,249.0,30.0,,,,,,,,,,,,,,,,,,,,,,,,,,500.9525182373706,0.0016962228110060096,0.001658666878938675,0.0017071121837943792,0.001665778923779726,0.0016277788672596216,0.0017302230698987842,0.0018140007741749287,0.001874223817139864,0.001883112359791994,0.0017808899283409119,0.001674222876317799,0.001733112265355885,0.001812889357097447,0.0016526678809896111,0.0015117786824703217,0.0015686675906181335,0.001596000511199236,0.0015686675906181335,0.0015155569417402148,0.0015591117553412914,0.001805778592824936,0.0019148902501910925,0.001794000854715705,0.001670223195105791,0.0016428898088634014,0.001577556598931551,0.0015260005602613091,0.0015308898873627186,0.0015411116182804108,0.0015486673219129443,0.001524445484392345,0.0015273342141881585,0.0015262229135259986,0.001571779022924602,0.0016955567989498377,0.0017362232320010662,0.0016966677503660321,0.0017177785048261285,0.0017468896694481373,0.001762667903676629,0.001808666973374784,0.0019300013082101941,0.0020168896298855543,0.0020551118068397045,0.0021104449406266212,0.0021731120068579912,0.0022511121351271868,0.002307112095877528,0.0023482227697968483,0.0023493340704590082,0.002383333630859852,0.0024766670539975166,0.0025562229566276073,0.0026400010101497173,0.002726000966504216,0.002771334955468774,0.002827778924256563,0.0028980011120438576,0.002897778293117881,0.002910889219492674,0.002930223010480404,0.002927778521552682,0.0029340009205043316,0.002901111962273717,0.0028393343091011047,0.002760445000603795,0.0026506679132580757,0.0025431124959141016,0.0024948902428150177,0.002512667328119278,0.002543111564591527,0.00255555659532547,0.0025802229065448046,0.0026068894658237696,0.002606223337352276,0.00258244457654655,0.0025657792575657368,0.0025284450966864824,0.002480445196852088,0.002418889431282878,0.0023564447183161974,0.0022788895294070244,0.0021995562128722668,0.002153556328266859,0.0021288900170475245,0.002117778640240431,0.0021140011958777905,0.0020888899452984333,0.0020375566091388464,0.001956445397809148,0.0018637789180502295,0.0017673344118520617,0.001652000704780221,0.0015257791383191943,0.0013813343830406666,0.0012266677804291248,0.0010744453174993396,0.0009204455418512225,0.00042733424925245345,0.00041466785478405654,0.0003935562272090465,0.00037644512485712767,0.00037088990211486816,0.00036133371759206057,0.0003520010213833302,0.00034511214471422136,0.0003342231211718172,0.00032133483910001814,0.0003126673400402069,0.00030177831649780273,0.00029466755222529173,0.0002886673610191792,0.00027533454704098403,0.0002628896036185324,0.00024466836475767195,0.00023733369016554207,0.00023422266531269997,0.00023755554866511375,0.00023755597067065537,0.000232889418839477,0.0002262232155771926,0.00021955619740765542,0.00021577916049864143,0.00020888943981844932,0.00021133405971340835,0.00021111179376021028,0.00021244461822789162,0.00021889019990339875,0.00021822295093443245,0.00022133439779281616,0.0002202230243710801,0.00022088942932896316,0.00022644508862867951,0.00022844514751341194,0.0002300010819453746,0.00023311293625738472,0.000233779355767183,0.00023622314620297402,0.0002362227241974324,0.00023755597067065537,0.0002366676926612854,0.00023422307276632637,0.0002326671383343637,0.0002266677765874192,0.00022177894425112754,0.00022088985133450478,0.00022266805171966553,0.00023155659437179565,0.00023333438730333,0.00021777923393528908,0.00019000015163328499,0.00015689019346609712,0.00014177875709719956,0.00013155573105905205,0.00012689043069258332,0.00011777836334658787,9.977859008358791e-05,8.3778882981278e-05,7.800054299877957e-05,7.244489097502083e-05,6.511186802526936e-05,6.133400893304497e-05,5.533422154258005e-05,4.266781979822554e-05,3.688989454531111e-05,3.3334727049805224e-05,3.088969242526218e-05,2.6889560103882104e-05,2.06679105758667e-05,1.311136657022871e-05,4.37787821283564e-05,9.311238682130352e-05
514,236247,1149,2024-06-07,29.366,29.381,-84.126,-84.103,29.3735,-84.1145,26.2,11.2,55.0,30.0,46.0,,,,,,,,,,,,,,,,,,,,,,,,,475.9921633061406,0.00512133352458477,0.005240000784397125,0.005466000642627478,0.005499556660652161,0.005602000746876001,0.005912000313401222,0.006143112201243639,0.006367111578583717,0.006501778494566679,0.006533334031701088,0.006555778905749321,0.006754444912075996,0.006943334825336933,0.006800889503210783,0.006717556156218052,0.006950445473194122,0.007084222976118326,0.007101112045347691,0.007102889474481344,0.0072268894873559475,0.007544222753494978,0.007641555741429329,0.0074597797356545925,0.007292000576853752,0.007229113020002842,0.007109334226697683,0.007009112276136875,0.006970000918954611,0.006927556823939085,0.0069091119803488255,0.006850667297840118,0.006791111547499895,0.006735778879374266,0.006730000488460064,0.006806000601500273,0.006790667772293091,0.006685334723442793,0.006640223320573568,0.006610667333006859,0.0065648905001580715,0.006584000773727894,0.006684445776045322,0.006738001015037298,0.006757555995136499,0.006828222889453173,0.006917556282132864,0.007020445540547371,0.007099779322743416,0.007174222730100155,0.0071828896179795265,0.007215556222945452,0.007312667090445757,0.007380667608231306,0.007439556997269392,0.007499778643250465,0.0075071114115417,0.007511556148529053,0.007492667064070702,0.0073844450525939465,0.00727000180631876,0.007131556048989296,0.0069593340158462524,0.006759112235158682,0.00648733414709568,0.006170222535729408,0.005823556333780289,0.005393334198743105,0.004971334710717201,0.0047093341127038,0.004635778721421957,0.0046062227338552475,0.004568889737129211,0.004555556457489729,0.004523778334259987,0.00445355661213398,0.004361334256827831,0.004260667599737644,0.004136445000767708,0.003986222669482231,0.003822667757049203,0.003662667004391551,0.0034742234274744987,0.003289334010332823,0.003142222762107849,0.003039556322619319,0.0029606681782752275,0.0028840010054409504,0.002792223822325468,0.002677556127309799,0.0025315566454082727,0.002368223387748003,0.0022075565066188574,0.0020311118569225073,0.001849112450145185,0.0016633346676826477,0.0014624454779550433,0.0012584456708282232,0.001045112032443285,0.00045066780876368284,0.00043800059938803315,0.00042889019823633134,0.00041400102782063186,0.0004000009794253856,0.0003897783753927797,0.00037400092696771026,0.0003566679952200502,0.00034800131106749177,0.0003342231211718172,0.00032666779588907957,0.0003182225627824664,0.0003133341670036316,0.0003057780268136412,0.00029200108838267624,0.00027577870059758425,0.0002511118946131319,0.0002391118905507028,0.00022911239648237824,0.00023200114083010703,0.0002304452209500596,0.00022511184215545654,0.00022200081730261445,0.00021577916049864143,0.00021555647253990173,0.0002097785472869873,0.00021244544768705964,0.00021666826796717942,0.0002197780559072271,0.00022422273468691856,0.00022555638861376792,0.0002273346035508439,0.00022777915000915527,0.00022844597697257996,0.00023377893376164138,0.00023422307276632637,0.00023511218023486435,0.00023866776609793305,0.0002397783100605011,0.00024200064945034683,0.0002397783100605011,0.00023711183166597039,0.0002368891437072307,0.00023155659437179565,0.00023111204791348428,0.00022600094962399453,0.00022066716337576509,0.00021733426547143608,0.00021489005303010345,0.00022088985133450478,0.00021955702686682343,0.0002064456493826583,0.00017911236500367522,0.00014688943338114768,0.00012555635476019233,0.00011422278475947678,0.00010844485950656235,9.911217784974724e-05,8.600080764153972e-05,6.977882731007412e-05,6.222269439604133e-05,5.666787546942942e-05,5.222277468419634e-05,4.777891808771528e-05,4.35560941696167e-05,3.311203545308672e-05,3.02228654618375e-05,2.9778315365547314e-05,2.866735121642705e-05,2.6666870326153003e-05,2.0445635527721606e-05,8.222957148973364e-06,1.5778259694343433e-05,3.7334444641601294e-05
515,236248,1149,2024-06-07,29.409,29.583,-84.022,-84.082,29.496,-84.052,22.5,8.2,280.0,30.0,,,,,4.0,,,,,,,,,,,,,,,,,,,,,481.8434783511049,0.0035453338641673326,0.0036031119525432587,0.003767333459109068,0.0037571126595139503,0.0037977786269038916,0.004041778389364481,0.004179555922746658,0.004320668056607246,0.004402445629239082,0.004339111968874931,0.004297112114727497,0.004430223256349564,0.004554889164865017,0.004412222653627396,0.004308000206947327,0.004437779076397419,0.004517556168138981,0.004550001118332148,0.0045200008898973465,0.004582000896334648,0.004872222896665335,0.004994001239538193,0.004854889586567879,0.004708223510533571,0.0046533336862921715,0.004563333932310343,0.004508222918957472,0.004511111881583929,0.004499111790210009,0.004491556901484728,0.004463778343051672,0.004449556581676006,0.004429334308952093,0.004455111920833588,0.004567557014524937,0.004592445213347673,0.004522889386862516,0.004525334108620882,0.004539555869996548,0.004531334154307842,0.004576667677611113,0.00471889041364193,0.004819778725504875,0.004859556443989277,0.004932889714837074,0.005012223497033119,0.005104667507112026,0.005186667665839195,0.005249555688351393,0.005254667717963457,0.005292889662086964,0.0053957789205014706,0.005481334403157234,0.005558890290558338,0.005634445697069168,0.005659334361553192,0.005683111492544413,0.005706445313990116,0.005644889548420906,0.005584222264587879,0.005512445233762264,0.005412222817540169,0.005306889768689871,0.005147112533450127,0.004948889836668968,0.004722445737570524,0.004425112158060074,0.004131113179028034,0.003951334860175848,0.0039117783308029175,0.003912666812539101,0.0038940012454986572,0.003893112065270543,0.0038857783656567335,0.00383355631493032,0.0037602228112518787,0.003688889555633068,0.003590223379433155,0.0034755568485707045,0.003347777994349599,0.003213557181879878,0.0030626675579696894,0.002914668060839176,0.002804000396281481,0.0027360005769878626,0.002681778045371175,0.002629778813570738,0.0025637783110141754,0.002472001127898693,0.0023471112363040447,0.0022046673111617565,0.002058889716863632,0.001896667410619557,0.0017251119716092944,0.0015382232377305627,0.0013402237091213465,0.0011515563819557428,0.0009608897962607443,0.0004035569727420807,0.0003904452023562044,0.0003728899755515158,0.00035444521927274764,0.0003428893687669188,0.00033444538712501526,0.0003264451224822551,0.0003168897528667003,0.00030511204386129975,0.00029088970040902495,0.00028489032411016524,0.0002740000782068819,0.0002673338749445975,0.00026111179613508284,0.0002480012772139162,0.0002373341121710837,0.00021422322606667876,0.00020555572700686753,0.00019822310423478484,0.00019866766524501145,0.00019977863121312112,0.00019422339391894639,0.00019088966655544937,0.00018533402180764824,0.0001835562288761139,0.00017755644512362778,0.00018022250151261687,0.0001835558214224875,0.0001860004267655313,0.00019133422756567597,0.00019222291302867234,0.00019311242795083672,0.00019377883290871978,0.00019377883290871978,0.0001991113822441548,0.00020155600213911384,0.00020133455109316856,0.00020800117636099458,0.00021066806220915169,0.00021244502568151802,0.0002131118526449427,0.00021133405971340835,0.00021088951325509697,0.00020955668878741562,0.00020933483028784394,0.00020488972950261086,0.0002000008971663192,0.00019755669927690178,0.00019533435988705605,0.00020200097060296685,0.00020289007807150483,0.00018777904915623367,0.00016222315025515854,0.00013000145554542542,0.00011244540655752644,0.00010266775643685833,9.911217784974724e-05,9.000135469250381e-05,7.355710113188252e-05,5.777883779956028e-05,5.022312325309031e-05,4.622298729373142e-05,4.1112303733825684e-05,3.8223133742576465e-05,3.311162072350271e-05,2.088935798383318e-05,1.7556465536472388e-05,1.5556397556792945e-05,1.3333641618373804e-05,1.0000749171013013e-05,4.667374923883472e-06,-5.999373115628259e-06,1.5333709598053247e-05,5.111181235406548e-05
516,236249,1149,2024-06-07,29.129,29.14,-83.909,-83.882,29.1345,-83.8955,26.3,7.8,293.0,30.0,12.3,,,,,20.0,,,,,,,,,,,,,,,,,,,,475.0023900205049,0.007493556477129459,0.007476000115275383,0.007519111968576908,0.007458666805177927,0.007465111557394266,0.00763822253793478,0.007780000567436218,0.007930222898721695,0.008004667237401009,0.007949111983180046,0.00788000039756298,0.008015778847038746,0.008144223131239414,0.007928000763058662,0.007769112940877676,0.007946223020553589,0.008028445765376091,0.007983111776411533,0.007925334386527538,0.007984223775565624,0.008249112404882908,0.00829377956688404,0.00807044468820095,0.007857556454837322,0.007749555632472038,0.0076017784886062145,0.007447334006428719,0.00735733425244689,0.007273111958056688,0.00721200043335557,0.007109111174941063,0.006989556830376387,0.0068980008363723755,0.006859112065285444,0.006899556145071983,0.006851778831332922,0.006712890230119228,0.006641334388405085,0.006575333885848522,0.00649466784670949,0.006479334551841021,0.0065542226657271385,0.00660444563254714,0.00660733412951231,0.006656445097178221,0.006721111945807934,0.006815334316343069,0.006885112263262272,0.006945556029677391,0.006943779066205025,0.006961556151509285,0.007045334205031395,0.007107555866241455,0.007157779298722744,0.007194222882390022,0.00717889005318284,0.007164445240050554,0.007122667506337166,0.007005555555224419,0.006891112308949232,0.006758222356438637,0.00660133408382535,0.006422223523259163,0.0061831120401620865,0.005906000267714262,0.005597333889454603,0.005208667833358049,0.004833112005144358,0.004597334191203117,0.004528889432549477,0.0045075565576553345,0.004473556764423847,0.004452000372111797,0.004417334217578173,0.004347778391093016,0.004247779026627541,0.004142667166888714,0.004027334041893482,0.003877111943438649,0.0037137786857783794,0.00355533417314291,0.0033677788451313972,0.0031846677884459496,0.0030537790153175592,0.0029577789828181267,0.0028797786217182875,0.0028093340806663036,0.0027153347618877888,0.002596445381641388,0.0024537791032344103,0.002297112485393882,0.002135557122528553,0.0019677781965583563,0.0018011112697422504,0.0016226677689701319,0.0014328890247270465,0.0012471117079257965,0.0010526672704145312,0.0004873346188105643,0.00048400048399344087,0.000465778837678954,0.0004464454250410199,0.00043333403300493956,0.0004162225523032248,0.0003940007882192731,0.0003840004501398653,0.0003735568025149405,0.00036133412504568696,0.0003515564603731036,0.000336667726514861,0.0003295561473350972,0.00031600106740370393,0.000301334192045033,0.0002833344042301178,0.000257556646829471,0.00024711215519346297,0.00024177919840440154,0.00024155651044566184,0.00024777816724963486,0.00024466754985041916,0.00023889003205113113,0.00023266796779353172,0.0002297788014402613,0.00022333447122946382,0.00022822328901384026,0.00023466761922463775,0.000236667285207659,0.00024088968348223716,0.00024022285651881248,0.00024155693245120347,0.00024422339629381895,0.0002437788643874228,0.0002464453282300383,0.00024888955522328615,0.00024777857470326126,0.00024711215519346297,0.0002497790555935353,0.00025111145805567503,0.0002468894817866385,0.0002444456913508475,0.00024400113034062088,0.00023866734409239143,0.00023600086569786072,0.00022800100850872695,0.00022222267580218613,0.00022066716337576509,0.00022177811479195952,0.00023333438730333,0.00023177928233053535,0.0002197784633608535,0.00018666725372895598,0.000150000472785905,0.00013244483852759004,0.00012044525647070259,0.0001133340920205228,0.0001033337612170726,8.933412027545273e-05,7.155620551202446e-05,6.288993608905002e-05,5.933476859354414e-05,5.488966780831106e-05,5.0667258619796485e-05,4.600071406457573e-05,3.4445274650352076e-05,3.0667419196106493e-05,2.8000937163596973e-05,2.777866211545188e-05,2.7111835152027197e-05,2.0445220798137598e-05,8.001095920917578e-06,2.0000255972263403e-05,5.400097870733589e-05
517,236250,1149,2024-06-07,28.963,28.944,-84.215,-84.197,28.9535,-84.206,31.3,6.2,267.0,30.0,11.2,,,,2.0,28.0,,,,,,,,,,,,,,,,,,,,467.7794320371255,0.013483555987477303,0.013343111611902714,0.01332511194050312,0.013238666579127312,0.013088222593069077,0.013120000250637531,0.013118666596710682,0.013131999410688877,0.013111556880176067,0.012937556020915508,0.01276266761124134,0.012846667319536209,0.012862889096140862,0.012506001628935337,0.012272889725863934,0.012375778518617153,0.012383555993437767,0.012234224006533623,0.012068667449057102,0.012060444802045822,0.01226066704839468,0.012205777689814568,0.011854001320898533,0.011534001678228378,0.011328667402267456,0.011106668040156364,0.010874000377953053,0.010701999999582767,0.01057400181889534,0.010451335459947586,0.010280223563313484,0.010108668357133865,0.009934889152646065,0.009836889803409576,0.009835334494709969,0.009721335023641586,0.009528666734695435,0.009392001666128635,0.009231333620846272,0.00906844437122345,0.008958667516708374,0.008917111903429031,0.008852888830006123,0.00879355613142252,0.008797112852334976,0.008818667382001877,0.008890666998922825,0.00892688985913992,0.008946667425334454,0.008897555992007256,0.008861555717885494,0.00887911207973957,0.008848000317811966,0.008806445635855198,0.008775333873927593,0.008698667399585247,0.008618667721748352,0.008513111621141434,0.008285555988550186,0.008060223422944546,0.007805556058883667,0.0075111123733222485,0.00718177855014801,0.006807333789765835,0.006374001037329435,0.005908222869038582,0.00537489028647542,0.004879778251051903,0.004559334367513657,0.004426890052855015,0.004345556255429983,0.004262668080627918,0.0042024459689855576,0.004120444878935814,0.004001779016107321,0.0038837785832583904,0.003773333737626672,0.0036422228440642357,0.003484222572296858,0.003326889593154192,0.003169779200106859,0.0029904453549534082,0.0028248901944607496,0.002693111775442958,0.002580445259809494,0.00250288937240839,0.0024368895683437586,0.0023413347080349922,0.0022364454343914986,0.002121778903529048,0.0020028899889439344,0.0018722228705883026,0.0017213341780006886,0.0015991119435057044,0.001474890043027699,0.0013373345136642456,0.001212223549373448,0.0010966671397909522,0.0005973341758362949,0.0005808894638903439,0.000559111824259162,0.0005317785544320941,0.0005093340878374875,0.0004940007929690182,0.000484445015899837,0.0004728900094050914,0.00045000057434663177,0.000430445303209126,0.000422001292463392,0.00041177828097715974,0.00040088966488838196,0.0003904460172634572,0.0003726676804944873,0.00035666755866259336,0.0003395568928681314,0.00033222264028154314,0.00032800063490867615,0.0003337781527079642,0.0003360000846441835,0.0003328894672449678,0.00032866746187210083,0.0003204449312761426,0.0003173347213305533,0.0003071121172979474,0.0003055565757676959,0.0003055561683140695,0.0003073339757975191,0.00031177906203083694,0.0003113349375780672,0.0003091117541771382,0.0003073343832511455,0.000302889704471454,0.00030444521689787507,0.0003068898222409189,0.0003024455509148538,0.0003002232115250081,0.0003031119704246521,0.0003037783899344504,0.00029866729164496064,0.00029555667424574494,0.0002902237174566835,0.0002851117751561105,0.0002840004162862897,0.0002728895051404834,0.00026800070190802217,0.00026933435583487153,0.0002744454541243613,0.0003006673650816083,0.00031244507408700883,0.00029844543314538896,0.0002595562837086618,0.0002168901264667511,0.00019955718016717583,0.0001871118147391826,0.0001802233309717849,0.00016444508219137788,0.00014555620145983994,0.00013266752648632973,0.00012444498133845627,0.0001200002952828072,0.00011155712854815647,0.00010288962221238762,9.222328662872314e-05,8.00006091594696e-05,7.40008254069835e-05,6.71119341859594e-05,6.488958752015606e-05,6.088945519877598e-05,5.35564286110457e-05,4.355650889920071e-05,7.733413076493889e-05,0.00012866739416494966
518,236251,1149,2024-06-07,28.742,28.724,-84.197,-84.176,28.733,-84.1865,37.9,14.5,219.0,30.0,10.1,,,,8.0,35.0,,,,,,,,,,,,,,,,,,,,,,,,,,,,,,,,,,,,,,,,,,,,,,,,,,,,,,,,,,,,,,,,,,,,,,,,,,,,,,,,,,,,,,,,,,,,,,,,,,,,,,,,,,,,,,,,,,,,,,,,,,,,,,,,,,,,,,,,,,,,,,,,,,,,,,,,,,,,,,,,,,,,,,,,,,,,,,,,,,,,,,,,,,,,,,,,
519,236252,1149,2024-06-07,28.627,28.609,-84.09,-84.07,28.618,-84.08,35.3,5.4,227.0,30.0,13.9,,,,,33.0,,,,,,,,,,,,,,,,,,,,,,,,,,,,,,,,,,,,,,,,,,,,,,,,,,,,,,,,,,,,,,,,,,,,,,,,,,,,,,,,,,,,,,,,,,,,,,,,,,,,,,,,,,,,,,,,,,,,,,,,,,,,,,,,,,,,,,,,,,,,,,,,,,,,,,,,,,,,,,,,,,,,,,,,,,,,,,,,,,,,,,,,,,,,,,,,
520,236253,1149,2024-06-07,28.716,28.71,-83.863,-83.835,28.713,-83.849,30.2,6.2,262.0,30.0,8.5,,,,,19.0,,,,,,,,,,,,,,,,,,,,,,,,,,,,,,,,,,,,,,,,,,,,,,,,,,,,,,,,,,,,,,,,,,,,,,,,,,,,,,,,,,,,,,,,,,,,,,,,,,,,,,,,,,,,,,,,,,,,,,,,,,,,,,,,,,,,,,,,,,,,,,,,,,,,,,,,,,,,,,,,,,,,,,,,,,,,,,,,,,,,,,,,,,,,,,,,
521,236254,1149,2024-06-08,28.829,28.815,-83.644,-83.62,28.822,-83.632,24.1,8.0,263.0,30.0,35.4,,,,,,,,,,,,,,,,,,,,,,,,,,,,,,,,,,,,,,,,,,,,,,,,,,,,,,,,,,,,,,,,,,,,,,,,,,,,,,,,,,,,,,,,,,,,,,,,,,,,,,,,,,,,,,,,,,,,,,,,,,,,,,,,,,,,,,,,,,,,,,,,,,,,,,,,,,,,,,,,,,,,,,,,,,,,,,,,,,,,,,,,,,,,,,,,,,,,,
522,236255,1149,2024-06-08,28.756,28.759,-83.43,-83.402,28.7575,-83.416,21.2,8.7,246.0,30.0,79.4,,,,,,,,,,,,,,,,,,,,,,,,,,,,,,,,,,,,,,,,,,,,,,,,,,,,,,,,,,,,,,,,,,,,,,,,,,,,,,,,,,,,,,,,,,,,,,,,,,,,,,,,,,,,,,,,,,,,,,,,,,,,,,,,,,,,,,,,,,,,,,,,,,,,,,,,,,,,,,,,,,,,,,,,,,,,,,,,,,,,,,,,,,,,,,,,,,,,,
523,236256,1149,2024-06-08,28.612,28.614,-83.625,-83.597,28.613,-83.611,25.4,10.9,263.0,30.0,31.0,,,,,,,,,,,,,,,,,,,,,,,,,,,,,,,,,,,,,,,,,,,,,,,,,,,,,,,,,,,,,,,,,,,,,,,,,,,,,,,,,,,,,,,,,,,,,,,,,,,,,,,,,,,,,,,,,,,,,,,,,,,,,,,,,,,,,,,,,,,,,,,,,,,,,,,,,,,,,,,,,,,,,,,,,,,,,,,,,,,,,,,,,,,,,,,,,,,,,
524,236257,1149,2024-06-08,28.553,28.552,-83.435,-83.406,28.5525,-83.4205,23.2,6.9,262.0,30.0,95.8,,,,,,,,,,,,,,,,,,,,,,,,,,,,,,,,,,,,,,,,,,,,,,,,,,,,,,,,,,,,,,,,,,,,,,,,,,,,,,,,,,,,,,,,,,,,,,,,,,,,,,,,,,,,,,,,,,,,,,,,,,,,,,,,,,,,,,,,,,,,,,,,,,,,,,,,,,,,,,,,,,,,,,,,,,,,,,,,,,,,,,,,,,,,,,,,,,,,,
525,236258,1149,2024-06-08,28.451,28.451,-83.411,-83.383,28.451,-83.397,23.2,11.1,279.0,30.0,66.9,,,,,,,,,,,,,,,,,,,,,,,,,,,,,,,,,,,,,,,,,,,,,,,,,,,,,,,,,,,,,,,,,,,,,,,,,,,,,,,,,,,,,,,,,,,,,,,,,,,,,,,,,,,,,,,,,,,,,,,,,,,,,,,,,,,,,,,,,,,,,,,,,,,,,,,,,,,,,,,,,,,,,,,,,,,,,,,,,,,,,,,,,,,,,,,,,,,,,
526,236259,1149,2024-06-08,28.247,28.246,-83.267,-83.239,28.2465,-83.253,21.0,6.2,290.0,30.0,,,,,,,2.0,,,,,,,,,,,,,,,,,,,,,,,,,,,,,,,,,,,,,,,,,,,,,,,,,,,,,,,,,,,,,,,,,,,,,,,,,,,,,,,,,,,,,,,,,,,,,,,,,,,,,,,,,,,,,,,,,,,,,,,,,,,,,,,,,,,,,,,,,,,,,,,,,,,,,,,,,,,,,,,,,,,,,,,,,,,,,,,,,,,,,,,,,,,,,,,
527,236260,1149,2024-06-08,28.145,28.141,-83.579,-83.551,28.143,-83.565,33.5,3.0,283.0,30.0,121.8,,,,,22.0,,,,,,,,,,,,,,,,,,,,,,,,,,,,,,,,,,,,,,,,,,,,,,,,,,,,,,,,,,,,,,,,,,,,,,,,,,,,,,,,,,,,,,,,,,,,,,,,,,,,,,,,,,,,,,,,,,,,,,,,,,,,,,,,,,,,,,,,,,,,,,,,,,,,,,,,,,,,,,,,,,,,,,,,,,,,,,,,,,,,,,,,,,,,,,,,
528,236261,1149,2024-06-08,28.294,28.319,-83.651,-83.646,28.3065,-83.6485,31.5,3.7,276.0,30.0,26.8,,,,2.0,22.0,,,,,,,,,,,,,,,,,,,,,,,,,,,,,,,,,,,,,,,,,,,,,,,,,,,,,,,,,,,,,,,,,,,,,,,,,,,,,,,,,,,,,,,,,,,,,,,,,,,,,,,,,,,,,,,,,,,,,,,,,,,,,,,,,,,,,,,,,,,,,,,,,,,,,,,,,,,,,,,,,,,,,,,,,,,,,,,,,,,,,,,,,,,,,,,,
529,236262,1149,2024-06-08,28.257,28.282,-83.943,-83.945,28.2695,-83.944,40.2,3.7,269.0,30.0,32.5,,,,,32.0,,,,,,,,,,,,,,,,,,,,,,,,,,,,,,,,,,,,,,,,,,,,,,,,,,,,,,,,,,,,,,,,,,,,,,,,,,,,,,,,,,,,,,,,,,,,,,,,,,,,,,,,,,,,,,,,,,,,,,,,,,,,,,,,,,,,,,,,,,,,,,,,,,,,,,,,,,,,,,,,,,,,,,,,,,,,,,,,,,,,,,,,,,,,,,,,
530,236263,1149,2024-06-08,28.406,28.427,-84.093,-84.078,28.4165,-84.0855,39.0,7.1,274.0,30.0,6.5,,,,,25.0,,,,,,,,,,,,,,,,,,,,,,,,,,,,,,,,,,,,,,,,,,,,,,,,,,,,,,,,,,,,,,,,,,,,,,,,,,,,,,,,,,,,,,,,,,,,,,,,,,,,,,,,,,,,,,,,,,,,,,,,,,,,,,,,,,,,,,,,,,,,,,,,,,,,,,,,,,,,,,,,,,,,,,,,,,,,,,,,,,,,,,,,,,,,,,,,
531,236264,1149,2024-06-09,28.488,28.504,-84.093,-84.07,28.496,-84.0815,38.0,4.8,288.0,30.0,229.1,,,,,,,,,,,,,,,,,,,,,,,,,,,,,,,,,,,,,,,,,,,,,,,,,,,,,,,,,,,,,,,,,,,,,,,,,,,,,,,,,,,,,,,,,,,,,,,,,,,,,,,,,,,,,,,,,,,,,,,,,,,,,,,,,,,,,,,,,,,,,,,,,,,,,,,,,,,,,,,,,,,,,,,,,,,,,,,,,,,,,,,,,,,,,,,,,,,,,
532,236265,1149,2024-06-09,28.257,28.282,-84.456,-84.453,28.2695,-84.4545,63.3,6.7,226.0,30.0,32.3,,,,,,,,,,,,,,,,,,,,,,,,,,,,,,,,,,,,,,,,,,,,,,,,,,,,,,,,,,,,,,,,,,,,,,,,,,,,,,,,,,,,,,,,,,,,,,,,,,,,,,,,,,,,,,,,,,,,,,,,,,,,,,,,,,,,,,,,,,,,,,,,,,,,,,,,,,,,,,,,,,,,,,,,,,,,,,,,,,,,,,,,,,,,,,,,,,,,,
533,236266,1149,2024-06-09,28.176,28.201,-84.594,-84.589,28.1885,-84.5915,73.9,5.4,224.0,30.0,38.4,,,,,,,,,,,,,,,,,,,,,,,,,,,,,,,,,,,,,,,,,,,,,,,,,,,,,,,,,,,,,,,,,,,,,,,,,,,,,,,,,,,,,,,,,,,,,,,,,,,,,,,,,,,,,,,,,,,,,,,,,,,,,,,,,,,,,,,,,,,,,,,,,,,,,,,,,,,,,,,,,,,,,,,,,,,,,,,,,,,,,,,,,,,,,,,,,,,,,
534,236267,1149,2024-06-09,28.169,28.184,-84.355,-84.332,28.1765,-84.3435,60.9,6.6,233.0,30.0,36.4,,,,,,,,,,,,,,,,,,,,,,,,,,,,,,,,,,,,,,,,,,,,,,,,,,,,,,,,,,,,,,,,,,,,,,,,,,,,,,,,,,,,,,,,,,,,,,,,,,,,,,,,,,,,,,,,,,,,,,,,,,,,,,,,,,,,,,,,,,,,,,,,,,,,,,,,,,,,,,,,,,,,,,,,,,,,,,,,,,,,,,,,,,,,,,,,,,,,,
535,236268,1149,2024-06-09,28.045,28.058,-84.154,-84.13,28.0515,-84.142,49.7,5.7,253.0,30.0,8.0,,,,3.0,,2.0,,,,,,,,,,,,,,,,,,,,,,,,,,,,,,,,,,,,,,,,,,,,,,,,,,,,,,,,,,,,,,,,,,,,,,,,,,,,,,,,,,,,,,,,,,,,,,,,,,,,,,,,,,,,,,,,,,,,,,,,,,,,,,,,,,,,,,,,,,,,,,,,,,,,,,,,,,,,,,,,,,,,,,,,,,,,,,,,,,,,,,,,,,,,,,,
536,236269,1149,2024-06-09,27.957,27.957,-84.064,-84.036,27.957,-84.05,51.4,5.0,296.0,30.0,5.4,,,,4.0,36.0,2.0,,,,,,,,,,,,,,,,,,,,,,,,,,,,,,,,,,,,,,,,,,,,,,,,,,,,,,,,,,,,,,,,,,,,,,,,,,,,,,,,,,,,,,,,,,,,,,,,,,,,,,,,,,,,,,,,,,,,,,,,,,,,,,,,,,,,,,,,,,,,,,,,,,,,,,,,,,,,,,,,,,,,,,,,,,,,,,,,,,,,,,,,,,,,,,,
537,236270,1149,2024-06-09,27.72,27.695,-84.445,-84.439,27.7075,-84.442,105.7,3.5,340.0,30.0,5.7,,,,,32.0,,,,,,,,,,,,,,,,,,,,,,,,,,,,,,,,,,,,,,,,,,,,,,,,,,,,,,,,,,,,,,,,,,,,,,,,,,,,,,,,,,,,,,,,,,,,,,,,,,,,,,,,,,,,,,,,,,,,,,,,,,,,,,,,,,,,,,,,,,,,,,,,,,,,,,,,,,,,,,,,,,,,,,,,,,,,,,,,,,,,,,,,,,,,,,,,
538,236271,1149,2024-06-09,27.758,27.783,-84.354,-84.358,27.7705,-84.356,81.0,3.0,13.0,30.0,13.9,,,,,36.0,,,,,,,,,,,,,,,,,,,,,,,,,,,,,,,,,,,,,,,,,,,,,,,,,,,,,,,,,,,,,,,,,,,,,,,,,,,,,,,,,,,,,,,,,,,,,,,,,,,,,,,,,,,,,,,,,,,,,,,,,,,,,,,,,,,,,,,,,,,,,,,,,,,,,,,,,,,,,,,,,,,,,,,,,,,,,,,,,,,,,,,,,,,,,,,,
539,236272,1149,2024-06-09,27.786,27.796,-84.2,-84.226,27.791,-84.213,64.2,3.3,16.0,30.0,20.3,,,,,33.0,,,,,,,,,,,,,,,,,,,,,,,,,,,,,,,,,,,,,,,,,,,,,,,,,,,,,,,,,,,,,,,,,,,,,,,,,,,,,,,,,,,,,,,,,,,,,,,,,,,,,,,,,,,,,,,,,,,,,,,,,,,,,,,,,,,,,,,,,,,,,,,,,,,,,,,,,,,,,,,,,,,,,,,,,,,,,,,,,,,,,,,,,,,,,,,,
540,236273,1149,2024-06-09,27.836,27.815,-84.07,-84.055,27.8255,-84.0625,57.4,1.2,355.0,30.0,7.7,,,,,,,,,,,,,,,,,,,,,,,,,,,,,,,,,,,,,,,,,,,,,,,,,,,,,,,,,,,,,,,,,,,,,,,,,,,,,,,,,,,,,,,,,,,,,,,,,,,,,,,,,,,,,,,,,,,,,,,,,,,,,,,,,,,,,,,,,,,,,,,,,,,,,,,,,,,,,,,,,,,,,,,,,,,,,,,,,,,,,,,,,,,,,,,,,,,,,
541,236274,1149,2024-06-10,27.78,27.768,-83.945,-83.92,27.774,-83.9325,52.7,2.3,333.0,30.0,25.8,,,,,,,,,,,,,,,,,,,,,,,,,,,,,,,,,,,,,,,,,,,,,,,,,,,,,,,,,,,,,,,,,,,,,,,,,,,,,,,,,,,,,,,,,,,,,,,,,,,,,,,,,,,,,,,,,,,,,,,,,,,,,,,,,,,,,,,,,,,,,,,,,,,,,,,,,,,,,,,,,,,,,,,,,,,,,,,,,,,,,,,,,,,,,,,,,,,,,
542,236275,1149,2024-06-10,27.767,27.769,-83.552,-83.524,27.768,-83.538,38.8,4.1,243.0,30.0,39.8,,,,,,,,,,,,,,,,,,,,,,,,,,,,,,,,,,,,,,,,,,,,,,,,,,,,,,,,,,,,,,,,,,,,,,,,,,,,,,,,,,,,,,,,,,,,,,,,,,,,,,,,,,,,,,,,,,,,,,,,,,,,,,,,,,,,,,,,,,,,,,,,,,,,,,,,,,,,,,,,,,,,,,,,,,,,,,,,,,,,,,,,,,,,,,,,,,,,,
543,236276,1149,2024-06-10,27.793,27.768,-83.04,-83.042,27.7805,-83.041,16.6,4.1,271.0,30.0,30.5,,,,,,,,,,,,,,,,,,,,,,,,,,,,,,,,,,,,,,,,,,,,,,,,,,,,,,,,,,,,,,,,,,,,,,,,,,,,,,,,,,,,,,,,,,,,,,,,,,,,,,,,,,,,,,,,,,,,,,,,,,,,,,,,,,,,,,,,,,,,,,,,,,,,,,,,,,,,,,,,,,,,,,,,,,,,,,,,,,,,,,,,,,,,,,,,,,,,,
544,236277,1149,2024-06-10,27.939,27.964,-83.25,-83.249,27.9515,-83.2495,24.3,3.5,298.0,29.0,95.7,,,,,16.0,,,,,,,,,,,,,,,,,,,,,,,,,,,,,,,,,,,,,,,,,,,,,,,,,,,,,,,,,,,,,,,,,,,,,,,,,,,,,,,,,,,,,,,,,,,,,,,,,,,,,,,,,,,,,,,,,,,,,,,,,,,,,,,,,,,,,,,,,,,,,,,,,,,,,,,,,,,,,,,,,,,,,,,,,,,,,,,,,,,,,,,,,,,,,,,,
545,236278,1149,2024-06-10,27.799,27.773,-83.47,-83.468,27.786,-83.469,36.0,3.0,317.0,30.0,22.7,,,,4.0,29.0,,,,,,,,,,,,,,,,,,,,,,,,,,,,,,,,,,,,,,,,,,,,,,,,,,,,,,,,,,,,,,,,,,,,,,,,,,,,,,,,,,,,,,,,,,,,,,,,,,,,,,,,,,,,,,,,,,,,,,,,,,,,,,,,,,,,,,,,,,,,,,,,,,,,,,,,,,,,,,,,,,,,,,,,,,,,,,,,,,,,,,,,,,,,,,,,
546,236279,1149,2024-06-10,27.671,27.647,-83.409,-83.406,27.659,-83.4075,36.4,2.8,282.0,30.0,29.8,,,,3.0,30.0,,,,,,,,,,,,,,,,,,,,,,,,,,,,,,,,,,,,,,,,,,,,,,,,,,,,,,,,,,,,,,,,,,,,,,,,,,,,,,,,,,,,,,,,,,,,,,,,,,,,,,,,,,,,,,,,,,,,,,,,,,,,,,,,,,,,,,,,,,,,,,,,,,,,,,,,,,,,,,,,,,,,,,,,,,,,,,,,,,,,,,,,,,,,,,,,
547,236280,1149,2024-06-10,27.572,27.55,-83.369,-83.356,27.561,-83.3625,36.4,2.6,221.0,30.0,53.2,,,,2.0,26.0,,,,,,,,,,,,,,,,,,,,,,,,,,,,,,,,,,,,,,,,,,,,,,,,,,,,,,,,,,,,,,,,,,,,,,,,,,,,,,,,,,,,,,,,,,,,,,,,,,,,,,,,,,,,,,,,,,,,,,,,,,,,,,,,,,,,,,,,,,,,,,,,,,,,,,,,,,,,,,,,,,,,,,,,,,,,,,,,,,,,,,,,,,,,,,,,
548,236281,1149,2024-06-11,27.654,27.653,-83.275,-83.247,27.6535,-83.261,29.3,2.0,293.0,30.0,220.8,,,,,,,,,,,,,,,,,,,,,,,,,,,,,,,,,,,,,,,,,,,,,,,,,,,,,,,,,,,,,,,,,,,,,,,,,,,,,,,,,,,,,,,,,,,,,,,,,,,,,,,,,,,,,,,,,,,,,,,,,,,,,,,,,,,,,,,,,,,,,,,,,,,,,,,,,,,,,,,,,,,,,,,,,,,,,,,,,,,,,,,,,,,,,,,,,,,,,
549,236282,1149,2024-06-11,27.451,27.426,-83.046,-83.042,27.4385,-83.044,23.4,12.3,175.0,30.0,89.0,,,,,,,,,,,,,,,,,,,,,,,,,,,,,,,,,,,,,,,,,,,,,,,,,,,,,,,,,,,,,,,,,,,,,,,,,,,,,,,,,,,,,,,,,,,,,,,,,,,,,,,,,,,,,,,,,,,,,,,,,,,,,,,,,,,,,,,,,,,,,,,,,,,,,,,,,,,,,,,,,,,,,,,,,,,,,,,,,,,,,,,,,,,,,,,,,,,,,
550,236283,1149,2024-06-11,27.358,27.372,-82.968,-82.992,27.365,-82.98,22.7,1.5,345.0,30.0,36.0,,,,,,,,,,,,,,,,,,,,,,,,,,,,,,,,,,,,,,,,,,,,,,,,,,,,,,,,,,,,,,,,,,,,,,,,,,,,,,,,,,,,,,,,,,,,,,,,,,,,,,,,,,,,,,,,,,,,,,,,,,,,,,,,,,,,,,,,,,,,,,,,,,,,,,,,,,,,,,,,,,,,,,,,,,,,,,,,,,,,,,,,,,,,,,,,,,,,,
551,236284,1149,2024-06-11,27.07,27.09,-83.33,-83.346,27.08,-83.338,46.3,8.7,112.0,30.0,76.3,,,,,,,,,,,,,,,,,,,,,,,,,,,,,,,,,,,,,,,,,,,,,,,,,,,,,,,,,,,,,,,,,,,,,,,,,,,,,,,,,,,,,,,,,,,,,,,,,,,,,,,,,,,,,,,,,,,,,,,,,,,,,,,,,,,,,,,,,,,,,,,,,,,,,,,,,,,,,,,,,,,,,,,,,,,,,,,,,,,,,,,,,,,,,,,,,,,,,
552,236285,1149,2024-06-11,26.869,26.895,-83.119,-83.123,26.882,-83.121,42.1,11.8,200.0,30.0,32.7,,,,9.0,26.0,2.0,,,,,,,,,,,,,,,,,,,,,,,,,,,,,,,,,,,,,,,,,,,,,,,,,,,,,,,,,,,,,,,,,,,,,,,,,,,,,,,,,,,,,,,,,,,,,,,,,,,,,,,,,,,,,,,,,,,,,,,,,,,,,,,,,,,,,,,,,,,,,,,,,,,,,,,,,,,,,,,,,,,,,,,,,,,,,,,,,,,,,,,,,,,,,,,
553,236286,1149,2024-06-11,26.986,26.999,-83.018,-83.041,26.9925,-83.0295,36.8,21.2,178.0,30.0,42.6,,,,9.0,12.0,,,,,,,,,,,,,,,,,,,,,,,,,,,,,,,,,,,,,,,,,,,,,,,,,,,,,,,,,,,,,,,,,,,,,,,,,,,,,,,,,,,,,,,,,,,,,,,,,,,,,,,,,,,,,,,,,,,,,,,,,,,,,,,,,,,,,,,,,,,,,,,,,,,,,,,,,,,,,,,,,,,,,,,,,,,,,,,,,,,,,,,,,,,,,,,,
554,236287,1150,2024-06-10,28.757,28.771,-90.524,-90.492,28.764,-90.508,17.7,,,30.0,0.7,,,,,,,11.0,18.0,18.0,29.67,29.48,25.13,26.29,26.55,36.24,14.792,6.084,7.045,4.5,5.0,1.2,64.2513,76.3831,47.7764,,,,,,,,,,,,,,,,,,,,,,,,,,,,,,,,,,,,,,,,,,,,,,,,,,,,,,,,,,,,,,,,,,,,,,,,,,,,,,,,,,,,,,,,,,,,,,,,,,,,,,,,,,,,,,,,,,,,,,,,,,,,,,,,,,,,,,,,,,,,,,,,,,,,,,,,,,,,,,,,,,,,,,,,,,,,,
555,236288,1150,2024-06-10,28.793,28.797,-90.253,-90.28,28.795,-90.2665,12.5,,,30.0,44.2,,,,,,,15.0,26.0,26.0,29.54,27.71,25.14,29.56,36.22,36.4,9.61,3.354,6.286,7.7,6.2,3.3,59.8443,83.6443,30.9766,,,,,,,,,,,,,,,,,,,,,,,,,,,,,,,,,,,,,,,,,,,,,,,,,,,,,,,,,,,,,,,,,,,,,,,,,,,,,,,,,,,,,,,,,,,,,,,,,,,,,,,,,,,,,,,,,,,,,,,,,,,,,,,,,,,,,,,,,,,,,,,,,,,,,,,,,,,,,,,,,,,,,,,,,,,,,
556,236289,1150,2024-06-10,29.082,29.079,-89.937,-89.908,29.0805,-89.9225,11.2,,,30.0,34.2,,,,,,,11.0,19.0,19.0,29.52,27.78,25.49,11.47,28.66,35.63,20.896,6.561,6.415,6.7,6.6,4.0,27.8199,79.1743,46.6409,,,,,,,,,,,,,,,,,,,,,,,,,,,,,,,,,,,,,,,,,,,,,,,,,,,,,,,,,,,,,,,,,,,,,,,,,,,,,,,,,,,,,,,,,,,,,,,,,,,,,,,,,,,,,,,,,,,,,,,,,,,,,,,,,,,,,,,,,,,,,,,,,,,,,,,,,,,,,,,,,,,,,,,,,,,,,
557,236290,1150,2024-06-10,29.067,29.043,-89.826,-89.834,29.055,-89.83,14.2,,,30.0,27.3,,,,,,,16.0,29.0,29.0,29.21,27.44,23.71,19.14,34.4,36.05,22.653,6.098,9.703,12.0,5.1,3.1,24.5186,59.7026,4.2621,,,,,,,,,,,,,,,,,,,,,,,,,,,,,,,,,,,,,,,,,,,,,,,,,,,,,,,,,,,,,,,,,,,,,,,,,,,,,,,,,,,,,,,,,,,,,,,,,,,,,,,,,,,,,,,,,,,,,,,,,,,,,,,,,,,,,,,,,,,,,,,,,,,,,,,,,,,,,,,,,,,,,,,,,,,,,
558,236291,1150,2024-06-10,29.022,29.019,-89.744,-89.715,29.0205,-89.7295,19.2,,,30.0,41.1,,,,,,,20.0,37.0,37.0,29.44,24.71,22.76,19.75,35.69,36.23,21.213,4.818,6.049,11.3,4.5,2.7,26.8075,69.3112,36.0488,,,,,,,,,,,,,,,,,,,,,,,,,,,,,,,,,,,,,,,,,,,,,,,,,,,,,,,,,,,,,,,,,,,,,,,,,,,,,,,,,,,,,,,,,,,,,,,,,,,,,,,,,,,,,,,,,,,,,,,,,,,,,,,,,,,,,,,,,,,,,,,,,,,,,,,,,,,,,,,,,,,,,,,,,,,,,
559,236292,1150,2024-06-11,28.577,28.565,-90.319,-90.342,28.571,-90.3305,38.4,,,30.0,159.8,,,,,,,21.0,40.0,40.0,28.92,27.72,24.61,33.53,36.33,36.48,5.826,2.492,5.871,6.8,6.4,5.7,77.7768,87.1858,28.6478,,,,,,,,,,,,,,,,,,,,,,,,,,,,,,,,,,,,,,,,,,,,,,,,,,,,,,,,,,,,,,,,,,,,,,,,,,,,,,,,,,,,,,,,,,,,,,,,,,,,,,,,,,,,,,,,,,,,,,,,,,,,,,,,,,,,,,,,,,,,,,,,,,,,,,,,,,,,,,,,,,,,,,,,,,,,,
560,236293,1150,2024-06-11,28.643,28.636,-90.421,-90.448,28.6395,-90.4345,18.9,,,30.0,26.3,,,,,,,13.0,23.0,23.0,30.49,27.58,25.63,24.78,36.09,36.44,13.919,4.63,7.05,8.6,4.1,5.1,54.5279,84.0299,15.2677,,,,,,,,,,,,,,,,,,,,,,,,,,,,,,,,,,,,,,,,,,,,,,,,,,,,,,,,,,,,,,,,,,,,,,,,,,,,,,,,,,,,,,,,,,,,,,,,,,,,,,,,,,,,,,,,,,,,,,,,,,,,,,,,,,,,,,,,,,,,,,,,,,,,,,,,,,,,,,,,,,,,,,,,,,,,,
561,236294,1150,2024-06-11,28.529,28.519,-90.484,-90.484,28.524,-90.484,18.9,,,30.0,3.8,,,,,,,20.0,36.0,36.0,29.61,27.47,25.01,33.82,36.34,36.49,5.593,2.876,4.141,6.6,6.5,6.5,75.4988,88.2164,55.7582,,,,,,,,,,,,,,,,,,,,,,,,,,,,,,,,,,,,,,,,,,,,,,,,,,,,,,,,,,,,,,,,,,,,,,,,,,,,,,,,,,,,,,,,,,,,,,,,,,,,,,,,,,,,,,,,,,,,,,,,,,,,,,,,,,,,,,,,,,,,,,,,,,,,,,,,,,,,,,,,,,,,,,,,,,,,,
562,236295,1150,2024-06-11,28.511,28.494,-90.59,-90.611,28.5025,-90.6005,18.2,,,30.0,4.1,,,,,,,19.0,35.0,35.0,29.89,28.05,24.74,34.92,36.33,36.49,4.801,3.863,6.888,6.4,6.3,5.7,82.3424,88.0747,41.0665,,,,,,,,,,,,,,,,,,,,,,,,,,,,,,,,,,,,,,,,,,,,,,,,,,,,,,,,,,,,,,,,,,,,,,,,,,,,,,,,,,,,,,,,,,,,,,,,,,,,,,,,,,,,,,,,,,,,,,,,,,,,,,,,,,,,,,,,,,,,,,,,,,,,,,,,,,,,,,,,,,,,,,,,,,,,,
563,236296,1150,2024-06-11,28.478,28.481,-91.148,-91.103,28.4795,-91.1255,19.5,,,30.0,8.5,,,,,,,19.0,34.0,34.0,30.04,27.95,24.34,35.96,35.99,36.46,3.817,3.88,5.766,6.2,6.4,5.2,89.1098,88.608,82.1307,463.3705587810991,0.006922334432601929,0.007016999647021294,0.007132001221179962,0.007153667509555817,0.00734400050714612,0.007763333152979612,0.00796000100672245,0.008078333921730518,0.00816566776484251,0.008157334290444851,0.008204668760299683,0.008465333841741085,0.008555999957025051,0.008291666395962238,0.008289667777717113,0.008616000413894653,0.008760999888181686,0.008640000596642494,0.008496000431478024,0.008617334999144077,0.008964333683252335,0.008948666974902153,0.008608667179942131,0.008388335816562176,0.00831866730004549,0.00821900088340044,0.008153333328664303,0.00810033455491066,0.00802233349531889,0.007980001159012318,0.007898667827248573,0.007794000208377838,0.007685001473873854,0.0076506673358380795,0.00768866715952754,0.007593667600303888,0.007390334736555815,0.007264000829309225,0.007146668154746294,0.006955667864531279,0.006823000963777304,0.006774667650461197,0.006690001115202904,0.0066216676495969296,0.006588333752006292,0.006577667314559221,0.006585000082850456,0.006552001461386681,0.0065220012329518795,0.006425002124160528,0.006329001393169165,0.006283667404204607,0.006226335186511278,0.006171333137899637,0.006099334452301264,0.006007001269608736,0.005952001083642244,0.005871000234037638,0.00569100072607398,0.005519000347703695,0.005307667423039675,0.005074333865195513,0.004802001640200615,0.004442000295966864,0.004062000662088394,0.0037556674797087908,0.0034553352743387222,0.0031860005110502243,0.003022667020559311,0.0029626674950122833,0.0028883337508887053,0.002792333485558629,0.002748000668361783,0.002688666805624962,0.002591000869870186,0.00251000071875751,0.0024386674631386995,0.002353000221773982,0.002236001892015338,0.0021006676834076643,0.001989667536690831,0.0018873339286074042,0.0018040003487840295,0.0017353346338495612,0.0016876676818355918,0.0016400007298216224,0.0015860013663768768,0.0015183346113190055,0.0014336686581373215,0.0013240004191175103,0.0012193334987387061,0.0011373335728421807,0.0010536672780290246,0.0009840006241574883,0.000920334190595895,0.0008420006488449872,0.0007110002334229648,0.0005030010943301022,0.00033900016569532454,0.00032633417868055403,0.00031766793108545244,0.00030566751956939697,0.0002940011618193239,0.0002666674554347992,0.00022633436310570687,0.00020766693342011422,0.00022066757082939148,0.00022633436310570687,0.00022299960255622864,0.00022200122475624084,0.0002190011291531846,0.0002083343715639785,0.00018033447850029916,0.00014533351350110024,9.833462536334991e-05,7.600026583531871e-05,6.766803562641144e-05,7.866633677622303e-05,9.233380114892498e-05,0.0001016675159917213,0.00010700026905396953,0.00010800175368785858,0.00011166805779794231,0.00011200023436686024,0.00012466746557038277,0.0001400001347064972,0.00015700112271588296,0.00017400085926055908,0.00018000106501858681,0.00018766708672046661,0.00019100122153759003,0.00019300046551506966,0.00020033431064803153,0.00020200076687615365,0.00020400062203407288,0.0002066666929749772,0.00020700071763712913,0.0002076675446005538,0.0002066673041554168,0.0002060004771919921,0.00020466744899749756,0.00020033369946759194,0.00019366666674613953,0.00018300116062164307,0.00017666630446910858,0.00016566738486289978,0.00015300139784812927,0.000139000519993715,0.00011999966955045238,8.800128853181377e-05,5.6667253375053406e-05,2.333459815417882e-05,9.334336027677637e-06,7.0010623858252075e-06,1.0000541806221008e-05,6.000200755806873e-06,-9.666507139627356e-06,-2.4999180823215283e-05,-4.0665890992386267e-05,-4.400002580950968e-05,-4.433281719684601e-05,-4.3998781620757654e-05,-4.6666089474456385e-05,-5.699942630599253e-05,-5.766625326941721e-05,-5.8333080232841894e-05,-5.26656695001293e-05,-5.1998842536704615e-05,-6.266621494432911e-05,-7.09990636096336e-05,-2.9665729016414843e-05,2.100008168781642e-05
564,236297,1150,2024-06-11,28.505,28.507,-91.19,-91.218,28.506,-91.204,18.8,,,30.0,4.4,,,,,,,18.0,33.0,33.0,29.51,28.11,24.52,35.95,36.01,36.51,4.172,4.225,5.76,6.2,6.4,6.3,88.2459,89.0452,77.0304,464.19917193034996,0.006834445986896753,0.006992000620812178,0.00716177886351943,0.007211112417280674,0.007364223245531321,0.007735778111964464,0.007954890839755535,0.008095778524875641,0.0081626670435071,0.008121113292872906,0.008184223435819149,0.008464000187814236,0.008532445877790451,0.00826866552233696,0.008255556225776672,0.008551334030926228,0.008690888993442059,0.00855155661702156,0.00839866790920496,0.008513335138559341,0.008847777731716633,0.008840667083859444,0.008499777875840664,0.008276445791125298,0.008214222267270088,0.00811244547367096,0.00803444441407919,0.007974667474627495,0.00788822304457426,0.00784333422780037,0.007774891331791878,0.007682445924729109,0.007580667734146118,0.0075471121817827225,0.007578445132821798,0.007470222655683756,0.007275556679815054,0.007168889977037907,0.007061112206429243,0.006876667030155659,0.006754444912075996,0.006727111525833607,0.006651334464550018,0.006578000262379646,0.0065522221848368645,0.0065580010414123535,0.006569111719727516,0.006541779264807701,0.00652066757902503,0.006421334575861692,0.006333111319690943,0.006308445241302252,0.00626289052888751,0.006221778225153685,0.00617000088095665,0.006082001142203808,0.006023778580129147,0.005953112151473761,0.005780445411801338,0.00561044504866004,0.005410889629274607,0.005186222959309816,0.004920446313917637,0.004561334382742643,0.004180444870144129,0.0038653346709907055,0.0035504463594406843,0.0032737785950303078,0.0031040003523230553,0.003043778706341982,0.0029802231583744287,0.002883111359551549,0.0028300012927502394,0.002776223002001643,0.0026822229847311974,0.0025960004422813654,0.0025260010734200478,0.002437111921608448,0.002312668599188328,0.002173778135329485,0.0020604452583938837,0.0019568896386772394,0.0018651117570698261,0.0017900007078424096,0.001739778439514339,0.0016928898403421044,0.0016440016916021705,0.0015700007788836956,0.0014788901899009943,0.001369111705571413,0.001264444668777287,0.0011788891861215234,0.0010902227368205786,0.0010193338384851813,0.0009480011067353189,0.0008573341765441,0.0007237783866003156,0.000519556284416467,0.0003486672940198332,0.00033111206721514463,0.00032489001750946045,0.00031422285246662796,0.0002991118235513568,0.000272000819677487,0.00023288984084501863,0.00021800109243486077,0.00022600094962399453,0.00022866783547215164,0.0002293338329764083,0.00022822328901384026,0.00022222350526135415,0.00020844530081376433,0.00018133429693989456,0.00014488978195004165,0.00010022396600106731,8.133426308631897e-05,7.133475446607918e-05,8.333349978784099e-05,9.644486999604851e-05,0.00010244548320770264,0.0001102230598917231,0.00010911250865319744,0.00011200168228242546,0.00011288953828625381,0.000126667320728302,0.00014377798652276397,0.00016088990378193557,0.00017911155009642243,0.0001868899562396109,0.00019533393788151443,0.00019777897978201509,0.0001993340702028945,0.0002073343493975699,0.00021022309374529868,0.00021377867960836738,0.00021777840447612107,0.00021622289204970002,0.0002160010189982131,0.00021400053810793906,0.00021111179376021028,0.00020911212777718902,0.0002033333876170218,0.00019755627727136016,0.00018933456158265471,0.00018199988699052483,0.00017200120782945305,0.0001571120519656688,0.00014422295498661697,0.00012422187137417495,9.40014942898415e-05,6.266724813031033e-05,2.822321403073147e-05,1.5556397556792945e-05,1.0223438039247412e-05,1.3111780390318017e-05,7.333854682656238e-06,-1.0666333764675073e-05,-2.4887836843845434e-05,-3.999968248535879e-05,-4.2222025513183326e-05,-4.3332576751708984e-05,-4.288761192583479e-05,-4.5999469875823706e-05,-5.866628634976223e-05,-5.7554905652068555e-05,-5.8222147345077246e-05,-5.310980850481428e-05,-4.9998776376014575e-05,-5.977724867989309e-05,-6.88876534695737e-05,-2.8221144020790234e-05,2.2889425963512622e-05
565,236298,1150,2024-06-11,28.437,28.429,-91.312,-91.338,28.433,-91.325,25.6,,,30.0,7.3,,,,,,,24.0,46.0,46.0,29.23,27.95,24.0,35.93,36.2,36.52,3.916,4.06,4.87,6.2,6.4,6.6,88.821,89.4954,79.5015,462.5919984828923,0.007001779042184353,0.007107112091034651,0.007254001218825579,0.007320445496588945,0.00745800044387579,0.007769111078232527,0.00802222266793251,0.008192668668925762,0.008255557157099247,0.008237112313508987,0.0082711111754179,0.008513778448104858,0.00862977933138609,0.008410000242292881,0.008381334133446217,0.008680890314280987,0.008863779716193676,0.00877577904611826,0.008663777261972427,0.008804445154964924,0.009154667146503925,0.009180000983178616,0.008905332535505295,0.008687112480401993,0.008613555692136288,0.008543779142200947,0.008466668426990509,0.00840955600142479,0.008351778611540794,0.008312000893056393,0.008224445395171642,0.008126224391162395,0.008031333796679974,0.00798600073903799,0.008026446215808392,0.007942668162286282,0.007730000652372837,0.007592223584651947,0.007430444937199354,0.007216223515570164,0.007082667667418718,0.007019779644906521,0.006905556656420231,0.006818667519837618,0.006785111967474222,0.006772222928702831,0.0067875562235713005,0.006758000236004591,0.006715334020555019,0.006592889782041311,0.006472000852227211,0.006414889357984066,0.006344667170196772,0.006287111900746822,0.006208667531609535,0.006099555641412735,0.006031333934515715,0.005930222570896149,0.0057164449244737625,0.005519334226846695,0.005295334383845329,0.005034223198890686,0.004745333921164274,0.004376445431262255,0.003981333691626787,0.0036662232596427202,0.0033684459049254656,0.003116222796961665,0.002952667884528637,0.002883334644138813,0.002810667036101222,0.002716889837756753,0.0026622223667800426,0.0025997785851359367,0.0025051115080714226,0.002423334401100874,0.00235511246137321,0.002269778400659561,0.0021531113889068365,0.0020251120440661907,0.001927112927660346,0.0018382234266027808,0.0017640007426962256,0.0017077778466045856,0.0016480005579069257,0.0015962227480486035,0.0015484450850635767,0.0014780010096728802,0.0013962230877950788,0.0012966671492904425,0.0012073343386873603,0.0011335561284795403,0.001055111875757575,0.0009971120161935687,0.0009371120831929147,0.0008475565118715167,0.0007175571518018842,0.0005144451861269772,0.00034044517087750137,0.0003395560779608786,0.0003335562942083925,0.0003197785117663443,0.00031155638862401247,0.00028711266350001097,0.00024377844238188118,0.00022800060105510056,0.00023933376360218972,0.00024133382248692214,0.00024155568098649383,0.0002397783100605011,0.00023200031137093902,0.00021822337293997407,0.00019177918147761375,0.00015911170339677483,0.00011800146603491157,8.933412027545273e-05,7.933419692562893e-05,8.688991511007771e-05,0.0001035564491758123,0.00011466733121778816,0.00011666698264889419,0.00011577871191548184,0.00011844519031001255,0.00011888974404428154,0.00013511214638128877,0.0001537787466077134,0.0001671123900450766,0.00018133388948626816,0.00018911146617028862,0.00019244477152824402,0.00019555621838662773,0.00019800124573521316,0.00020444516849238425,0.00020755661535076797,0.00020777889585588127,0.00020911212777718902,0.00020911172032356262,0.0002097785472869873,0.00020933400082867593,0.00020644481992349029,0.00020466744899749756,0.00019822310423478484,0.00019533435988705605,0.00018755553173832595,0.00018155657744500786,0.00017200078582391143,0.0001566679129609838,0.00014800082135479897,0.00012866739416494966,0.00010444554936839268,7.444537186529487e-05,4.0001337765716016e-05,2.444576966809109e-05,2.0222945749992505e-05,2.3112115741241723e-05,2.200073686253745e-05,1.0223024219158106e-05,-5.777097612735815e-06,-1.5776604413986206e-05,-1.7999360352405347e-05,-1.7554395526531152e-05,-2.1554944396484643e-05,-2.5776111215236597e-05,-3.577768802642822e-05,-3.533272320055403e-05,-2.755431705736555e-05,-2.3555010557174683e-05,-2.1332667529350147e-05,-3.0888037144904956e-05,-4.57763671875e-05,-1.8443497538100928e-05,2.0667082935688086e-05
566,236299,1150,2024-06-12,28.557,28.548,-91.933,-91.933,28.5525,-91.933,23.0,,,30.0,65.7,,,,,,,23.0,43.0,43.0,29.43,27.77,23.5,35.88,35.86,36.58,4.106,4.178,6.111,6.2,6.4,6.3,88.1539,88.8195,52.5171,,,,,,,,,,,,,,,,,,,,,,,,,,,,,,,,,,,,,,,,,,,,,,,,,,,,,,,,,,,,,,,,,,,,,,,,,,,,,,,,,,,,,,,,,,,,,,,,,,,,,,,,,,,,,,,,,,,,,,,,,,,,,,,,,,,,,,,,,,,,,,,,,,,,,,,,,,,,,,,,,,,,,,,,,,,,,
567,236300,1150,2024-06-12,28.406,28.403,-91.912,-91.94,28.4045,-91.926,30.9,,,30.0,20.8,,,,,,,30.0,58.0,58.0,29.37,24.98,22.31,35.53,36.41,36.57,4.17,4.233,6.014,6.1,6.9,6.0,89.4414,89.4764,63.1847,,,,,,,,,,,,,,,,,,,,,,,,,,,,,,,,,,,,,,,,,,,,,,,,,,,,,,,,,,,,,,,,,,,,,,,,,,,,,,,,,,,,,,,,,,,,,,,,,,,,,,,,,,,,,,,,,,,,,,,,,,,,,,,,,,,,,,,,,,,,,,,,,,,,,,,,,,,,,,,,,,,,,,,,,,,,,
568,236301,1150,2024-06-12,28.486,28.478,-92.09,-97.117,28.482,-94.6035,27.2,,,30.0,5.3,,,,,,,28.0,52.0,52.0,29.49,26.11,22.92,35.97,36.41,36.56,4.123,4.17,5.813,6.2,6.7,6.2,88.7971,89.2352,64.984,,,,,,,,,,,,,,,,,,,,,,,,,,,,,,,,,,,,,,,,,,,,,,,,,,,,,,,,,,,,,,,,,,,,,,,,,,,,,,,,,,,,,,,,,,,,,,,,,,,,,,,,,,,,,,,,,,,,,,,,,,,,,,,,,,,,,,,,,,,,,,,,,,,,,,,,,,,,,,,,,,,,,,,,,,,,,
569,236302,1150,2024-06-12,28.384,28.362,-92.173,-92.185,28.373,-92.179,30.8,,,30.0,17.2,,,,,,,31.0,59.0,59.0,29.59,25.48,22.7,35.72,36.18,36.53,4.146,4.264,4.867,6.0,6.7,6.3,89.5157,89.6011,65.4597,,,,,,,,,,,,,,,,,,,,,,,,,,,,,,,,,,,,,,,,,,,,,,,,,,,,,,,,,,,,,,,,,,,,,,,,,,,,,,,,,,,,,,,,,,,,,,,,,,,,,,,,,,,,,,,,,,,,,,,,,,,,,,,,,,,,,,,,,,,,,,,,,,,,,,,,,,,,,,,,,,,,,,,,,,,,,
570,236303,1150,2024-06-12,28.413,28.413,-92.46,-92.431,28.413,-92.4455,29.5,,,30.0,16.3,,,,,,,28.0,53.0,53.0,30.03,27.24,22.55,35.03,35.92,36.54,3.718,3.535,4.429,5.9,6.5,6.5,89.6909,90.109,74.0947,,,,,,,,,,,,,,,,,,,,,,,,,,,,,,,,,,,,,,,,,,,,,,,,,,,,,,,,,,,,,,,,,,,,,,,,,,,,,,,,,,,,,,,,,,,,,,,,,,,,,,,,,,,,,,,,,,,,,,,,,,,,,,,,,,,,,,,,,,,,,,,,,,,,,,,,,,,,,,,,,,,,,,,,,,,,,
571,236304,1150,2024-06-12,28.522,28.53,-92.454,-92.484,28.526,-92.469,25.2,,,30.0,25.4,,,,,,,24.0,45.0,45.0,30.68,27.6,23.4,34.36,36.01,36.5,4.576,3.996,5.175,5.8,6.4,6.1,89.4856,89.606,75.342,,,,,,,,,,,,,,,,,,,,,,,,,,,,,,,,,,,,,,,,,,,,,,,,,,,,,,,,,,,,,,,,,,,,,,,,,,,,,,,,,,,,,,,,,,,,,,,,,,,,,,,,,,,,,,,,,,,,,,,,,,,,,,,,,,,,,,,,,,,,,,,,,,,,,,,,,,,,,,,,,,,,,,,,,,,,,
572,236305,1150,2024-06-12,28.605,28.627,-92.534,-92.547,28.616,-92.5405,18.6,,,30.0,1.6,,,,,,,19.0,34.0,34.0,29.68,27.8,25.28,36.02,35.98,36.45,3.735,3.903,4.418,6.1,6.4,6.9,89.2219,89.6693,85.4141,,,,,,,,,,,,,,,,,,,,,,,,,,,,,,,,,,,,,,,,,,,,,,,,,,,,,,,,,,,,,,,,,,,,,,,,,,,,,,,,,,,,,,,,,,,,,,,,,,,,,,,,,,,,,,,,,,,,,,,,,,,,,,,,,,,,,,,,,,,,,,,,,,,,,,,,,,,,,,,,,,,,,,,,,,,,,
573,236306,1150,2024-06-13,28.712,28.707,-92.826,-92.854,28.7095,-92.84,16.8,,,30.0,13.3,,,,,,,16.0,30.0,30.0,29.91,27.93,26.44,35.96,36.01,36.41,3.687,3.729,4.889,6.0,6.4,6.5,89.5889,89.912,67.2131,468.4026325256107,0.008784890174865723,0.008871778845787048,0.008927111513912678,0.00889955647289753,0.00899022351950407,0.009229335933923721,0.00932355597615242,0.009441778995096684,0.009486445225775242,0.009448445402085781,0.009445334784686565,0.00963066890835762,0.009792666882276535,0.009605111554265022,0.009516667574644089,0.009819111786782742,0.009978223592042923,0.009860889986157417,0.009680445306003094,0.009722890332341194,0.00999644584953785,0.009951112791895866,0.00962755735963583,0.009379555471241474,0.009287778288125992,0.009192666970193386,0.009096222929656506,0.009034446440637112,0.008977779187262058,0.008913557045161724,0.008809112943708897,0.008695779368281364,0.008604222908616066,0.008559999987483025,0.008579113520681858,0.008502890355885029,0.008318000473082066,0.008194223046302795,0.008093778975307941,0.007984445430338383,0.007869555614888668,0.007758000865578651,0.007625778671354055,0.007556444965302944,0.007562445476651192,0.007586667779833078,0.007626445963978767,0.007668443955481052,0.007703334093093872,0.0076848897151649,0.007656445261090994,0.007641111966222525,0.007577556651085615,0.007516888901591301,0.007475112099200487,0.0074188900180161,0.0073740012012422085,0.007300446275621653,0.007112889550626278,0.006898667197674513,0.006651556119322777,0.006370001472532749,0.006089556496590376,0.0058157783932983875,0.005491112824529409,0.005050668027251959,0.0045013343915343285,0.003999111708253622,0.003707556752488017,0.003590667387470603,0.0035162228159606457,0.003454667516052723,0.003401334397494793,0.0033337788190692663,0.00324288965202868,0.003132445039227605,0.0030246670357882977,0.0029222224839031696,0.0028275565709918737,0.002721112687140703,0.002586222253739834,0.0024104444310069084,0.0022313345689326525,0.0021044451277703047,0.0020171117503196,0.0019566677510738373,0.0018953337566927075,0.0018286672420799732,0.0017553339712321758,0.0017053344054147601,0.0016366674099117517,0.0015180011978372931,0.0013862231280654669,0.0012571120169013739,0.0011293342104181647,0.0010153345065191388,0.0009704455733299255,0.0010528899729251862,0.0004304457106627524,0.00041822303319349885,0.00041466785478405654,0.00040688944864086807,0.00039800049853511155,0.00040088966488838196,0.00045466754818335176,0.00046533471322618425,0.00041400143527425826,0.00037822293234057724,0.0003588894905988127,0.000352890114299953,0.00035111192846670747,0.0003426675102673471,0.00033866739249788225,0.0003528897068463266,0.00037577873445115983,0.00040866725612431765,0.00043133439612574875,0.0004360013408586383,0.00042466819286346436,0.000409555941587314,0.00039377849316224456,0.00037822293234057724,0.00036088997148908675,0.0003431120712775737,0.00033133436227217317,0.00031222321558743715,0.000297112186672166,0.0002871118485927582,0.000279556552413851,0.0002784455718938261,0.0002768900594674051,0.00027488957857713103,0.00027577870059758425,0.00027133399271406233,0.0002704448997974396,0.00027177814627066255,0.0002693335118237883,0.0002700007753446698,0.0002673338749445975,0.00026511235046200454,0.0002642232575453818,0.0002642236649990082,0.0002631122770253569,0.0002628900110721588,0.00026088953018188477,0.0002708898682612926,0.0003084449272137135,0.000363334605935961,0.0004128900764044374,0.0004204449651297182,0.00038355670403689146,0.00034111199784092605,0.0003337785601615906,0.0003331121406517923,0.00032733380794525146,0.0003066679637413472,0.0002906674344558269,0.00028511136770248413,0.00028533447766676545,0.0002820011577568948,0.00026155635714530945,0.0002397783100605011,0.00022400087618734688,0.00020377834152895957,0.0001868895342340693,0.00017377857875544578,0.0001637786626815796,0.0001604453573236242,0.0001537787466077134,0.00014822267985437065,0.00018555588030721992,0.0002868899900931865
574,236307,1150,2024-06-13,28.943,28.94,-93.016,-92.988,28.9415,-93.002,11.2,,,30.0,145.0,,,,,,,11.0,20.0,20.0,29.58,28.08,27.88,36.04,36.15,36.19,3.876,3.901,4.825,6.1,6.4,6.1,88.3994,89.0321,68.5531,475.30083108067265,0.008299555629491806,0.00833400059491396,0.008389334194362164,0.008338889107108116,0.008399110287427902,0.008612443692982197,0.008658668026328087,0.008754890412092209,0.008798668161034584,0.008746223524212837,0.00872111227363348,0.008880889043211937,0.00901755504310131,0.0088233333081007,0.008716668002307415,0.00899733416736126,0.009142223745584488,0.009018223732709885,0.008830444887280464,0.008863111957907677,0.009132668375968933,0.009102667681872845,0.008810224011540413,0.008568000979721546,0.008470667526125908,0.008375778794288635,0.008284000679850578,0.008226223289966583,0.008173778653144836,0.008128222078084946,0.008035778999328613,0.007946223020553589,0.007878890261054039,0.007849778048694134,0.007887556217610836,0.007848445326089859,0.007716889027506113,0.007643111981451511,0.0075904447585344315,0.007545333821326494,0.007499778643250465,0.0074591124430298805,0.007408001460134983,0.007399778347462416,0.007462889887392521,0.0075471121817827225,0.007644889876246452,0.007733555976301432,0.0078095560893416405,0.0078495554625988,0.00789600145071745,0.007946444675326347,0.007944890297949314,0.007950667291879654,0.007970445789396763,0.007963333278894424,0.007952445186674595,0.007919556461274624,0.0077828895300626755,0.007625778671354055,0.007449778262525797,0.007232667878270149,0.007025334518402815,0.006830890197306871,0.006564889568835497,0.006148000713437796,0.005587556399405003,0.005047778598964214,0.00473133334890008,0.004620445892214775,0.004570000804960728,0.004534445237368345,0.0044975560158491135,0.004435112699866295,0.0043393345549702644,0.00421866774559021,0.004100445657968521,0.00398377887904644,0.0038657784461975098,0.0037275562062859535,0.0035480004735291004,0.0033226674422621727,0.003090890357270837,0.002920445054769516,0.002805112162604928,0.0027306675910949707,0.002654889365658164,0.0025622223038226366,0.00246177869848907,0.0023793342988938093,0.0022620009258389473,0.002083556493744254,0.0018848901381716132,0.0016866674413904548,0.001490444759838283,0.0013144450495019555,0.0012275568442419171,0.001292889704927802,0.0005200000014156103,0.0005046675796620548,0.0004980013472959399,0.00048133483505807817,0.0004693344235420227,0.0004788889782503247,0.0005397784407250583,0.0005537784891203046,0.0004960004589520395,0.0004520006477832794,0.00043066756916232407,0.00042600103188306093,0.0004228891630191356,0.00041577924275770783,0.00041422329377382994,0.0004360001184977591,0.00046377835678867996,0.0005015573697164655,0.0005295566515997052,0.0005284452345222235,0.0005193344550207257,0.0005004451377317309,0.00048066716408357024,0.0004595567879732698,0.00043733417987823486,0.0004137787618674338,0.00039400035166181624,0.00037400092696771026,0.00035800080513581634,0.0003480004670564085,0.00034000060986727476,0.0003388896584510803,0.0003360008995514363,0.0003331121406517923,0.00033466765307821333,0.0003288897278252989,0.00032844519591890275,0.00032977841328829527,0.00032800022745504975,0.00032688924693502486,0.00032511187600903213,0.0003240013320464641,0.0003235567710362375,0.00032711110543459654,0.00032688924693502486,0.00032511146855540574,0.0003228899440728128,0.0003377791144885123,0.00037711154436692595,0.0004393338458612561,0.0004948903224430978,0.0004957790370099247,0.0004544452531263232,0.000404223392251879,0.00039133429527282715,0.0003911120293196291,0.00038533410406671464,0.0003622236254159361,0.00034711218904703856,0.0003455562691669911,0.00034422302269376814,0.00033888925099745393,0.0003140009939670563,0.0002873345511034131,0.00026777840685099363,0.0002455566427670419,0.00022822369646746665,0.00021088992070872337,0.0001968902797671035,0.00019088966655544937,0.00018133429693989456,0.00017377857875544578,0.00019555621838662773,0.000296667218208313
575,236308,1150,2024-06-13,29.021,28.996,-93.072,-93.07,29.0085,-93.071,12.0,,,30.0,130.4,,,,,,,13.0,23.0,23.0,29.52,28.0,27.74,36.18,36.1,36.16,4.287,4.576,5.936,6.1,6.4,6.1,89.4972,89.7464,61.0651,475.4147941734929,0.00811933446675539,0.008126222528517246,0.00817088969051838,0.008112000301480293,0.008165556937456131,0.008365334011614323,0.008394666947424412,0.008487779647111893,0.00851222313940525,0.008438889868557453,0.008404889144003391,0.008561556227505207,0.008685555309057236,0.00847800076007843,0.0083600003272295,0.008623111993074417,0.00876244530081749,0.008640224114060402,0.008444223552942276,0.00846022367477417,0.008718444034457207,0.008695333264768124,0.008400000631809235,0.008151556365191936,0.008056001737713814,0.007957999594509602,0.00786044541746378,0.0078028906136751175,0.007753112353384495,0.007706445176154375,0.007617779076099396,0.007529335096478462,0.007460445165634155,0.007431556936353445,0.0074664452113211155,0.007425112184137106,0.007289778906852007,0.007221111096441746,0.007181777618825436,0.007142222486436367,0.007100444752722979,0.007068667095154524,0.007022445555776358,0.007016223389655352,0.007069334387779236,0.007131778635084629,0.00720688933506608,0.00727889034897089,0.007345556281507015,0.007370667532086372,0.007404667790979147,0.007454222999513149,0.007457111496478319,0.007458223029971123,0.0074720000848174095,0.007462445180863142,0.0074491119012236595,0.007414000574499369,0.007280889432877302,0.007130667567253113,0.006962889805436134,0.006760445889085531,0.006567778997123241,0.006384889595210552,0.006142001133412123,0.0057580010034143925,0.005243556573987007,0.004749778192490339,0.004456222523003817,0.00435577891767025,0.004306222777813673,0.004267778713256121,0.004230666905641556,0.004168445710092783,0.004078445490449667,0.003966445568948984,0.003854001173749566,0.003740222891792655,0.003626000601798296,0.0035017782356590033,0.0033424454741179943,0.0031295563094317913,0.0029166676104068756,0.0027642224449664354,0.002656222553923726,0.002586889546364546,0.002513556508347392,0.0024306674022227526,0.0023391118738800287,0.002264444949105382,0.002157556591555476,0.0019906675443053246,0.0018066673073917627,0.001622446347028017,0.001436445047147572,0.0012755559291690588,0.0011953347129747272,0.0012602234492078424,0.0005100005073472857,0.0004975564079359174,0.0004908901755698025,0.0004731126828119159,0.0004600005049724132,0.0004702227015513927,0.0005308894906193018,0.0005400010850280523,0.0004826668300665915,0.00044222301221452653,0.0004191121261101216,0.0004164460697211325,0.0004133342008572072,0.00040688985609449446,0.00040555663872510195,0.00042488964390940964,0.0004515560867730528,0.0004884455702267587,0.0005144455935806036,0.0005126674077473581,0.0005015569622628391,0.00048177855205722153,0.0004622228443622589,0.00044511217856779695,0.0004240009584464133,0.00040489021921530366,0.0003868896164931357,0.00036688975524157286,0.00035066777491010725,0.0003397783439140767,0.00033088980126194656,0.0003293342888355255,0.00032511146855540574,0.000323334097629413,0.0003257791104260832,0.0003217781486455351,0.00032111132168211043,0.00032133361673913896,0.00031889023375697434,0.00031711201881989837,0.0003168897528667003,0.00031533383298665285,0.0003126673400402069,0.00031533383298665285,0.0003133341670036316,0.00031155638862401247,0.00031066726660355926,0.0003253341419622302,0.00036400058888830245,0.0004226681194268167,0.0004764455952681601,0.0004793347616214305,0.0004406674997881055,0.0003926679491996765,0.00038044567918404937,0.0003800011472776532,0.00037444508052431047,0.00035133419441990554,0.0003360013070050627,0.00033377896761521697,0.0003337785601615906,0.00032755607389844954,0.0003031119704246521,0.00027822289848700166,0.0002597781422082335,0.00023889003205113113,0.00022177936625666916,0.00020466785645112395,0.00019133422756567597,0.0001862227072706446,0.0001766681671142578,0.00017044527339749038,0.00019533393788151443,0.00029622309375554323
576,236309,1150,2024-06-13,29.084,29.076,-92.854,-92.827,29.08,-92.8405,20.9,,,30.0,58.8,,,,,,,13.0,22.0,22.0,29.29,28.07,27.87,36.22,36.29,36.27,4.067,4.242,5.434,5.6,6.2,6.1,90.0515,90.1093,62.1322,473.1810650166854,0.008608223870396614,0.008650889620184898,0.00869777798652649,0.008647111244499683,0.008715556934475899,0.00892555620521307,0.008964668028056622,0.009073112159967422,0.009106223471462727,0.009014444425702095,0.00898200087249279,0.009162889793515205,0.009292668662965298,0.009086222387850285,0.008989556692540646,0.009263779036700726,0.009406444616615772,0.009301112033426762,0.009107556194067001,0.009135556407272816,0.009415335021913052,0.009394001215696335,0.009095556102693081,0.008857999928295612,0.008770222775638103,0.008685333654284477,0.008607778698205948,0.008561556227505207,0.00853200163692236,0.008497999981045723,0.008421776816248894,0.00835422333329916,0.00830089021474123,0.008292223326861858,0.008341778069734573,0.008308890275657177,0.008180000819265842,0.008108445443212986,0.008068667724728584,0.008027334697544575,0.007981112226843834,0.007954001426696777,0.007906444370746613,0.007901557721197605,0.007956667803227901,0.008023111149668694,0.008110000751912594,0.008181778714060783,0.008242889307439327,0.00826933328062296,0.008297111839056015,0.008330223150551319,0.008317556232213974,0.008312223479151726,0.0083162235096097,0.00829777866601944,0.008276000618934631,0.008232222869992256,0.008081557229161263,0.007899556308984756,0.007691111881285906,0.007443779148161411,0.0071946680545806885,0.006936667487025261,0.006618889514356852,0.006176667287945747,0.0055986675433814526,0.0050420006737113,0.004703556653112173,0.004578889347612858,0.0045182229951024055,0.004465111531317234,0.004420000594109297,0.004352667834609747,0.004252446349710226,0.004131333902478218,0.004010667093098164,0.00388288963586092,0.0037546679377555847,0.0036200007889419794,0.0034435568377375603,0.0032240008004009724,0.00300688948482275,0.002844445873051882,0.0027271120343357325,0.0026466671843081713,0.002566223032772541,0.0024757790379226208,0.00237088929861784,0.0022824453189969063,0.0021702225785702467,0.001996223349124193,0.0018011120846495032,0.0016137792263180017,0.0014242231845855713,0.0012526677455753088,0.0011526673333719373,0.0011833347380161285,0.0004788893857039511,0.00046666752314195037,0.0004597790539264679,0.00044422305654734373,0.0004364450869616121,0.00044111162424087524,0.00048711232375353575,0.0004957786295562983,0.000449111481430009,0.00041266821790486574,0.0003928898076992482,0.0003882224264089018,0.00038466727710328996,0.0003751110634766519,0.0003702234826050699,0.000380890240194276,0.00039844587445259094,0.0004293343226891011,0.00045044595026411116,0.0004528889257926494,0.00044466802501119673,0.000427556544309482,0.0004128904838580638,0.00039800131344236434,0.0003806679742410779,0.00036444514989852905,0.0003502236504573375,0.00033155622077174485,0.0003175561723764986,0.0003084449272137135,0.00030044507002457976,0.00029866729164496064,0.000295778940198943,0.00029377845930866897,0.0002971117792185396,0.00029444528627209365,0.0002935566008090973,0.00029422342777252197,0.00029155652737244964,0.00029200108838267624,0.00029200108838267624,0.00029066784190945327,0.00028822323656640947,0.00028822323656640947,0.0002875568170566112,0.00028600130463019013,0.0002835566701833159,0.00029866688419133425,0.00033266760874539614,0.0003851118090096861,0.0004333344695623964,0.00043400085996836424,0.00039533444214612246,0.0003500013845041394,0.00033511221408843994,0.0003311125037726015,0.0003266673884354532,0.00030533390236087143,0.0002897787489928305,0.0002857790095731616,0.0002851121826097369,0.0002795569598674774,0.0002600008447188884,0.00023755597067065537,0.0002202230243710801,0.00020111186313442886,0.00018577856826595962,0.0001737790007609874,0.00016177901125047356,0.00015933439135551453,0.00015177867317106575,0.00014466792345046997,0.00017244575428776443,0.0002613336546346545
577,236310,1150,2024-06-13,29.308,29.298,-92.679,-92.679,29.303,-92.679,79.0,,,30.0,100.5,,,,,,,9.0,16.0,16.0,30.15,28.37,28.16,34.11,35.97,36.12,5.306,4.75,7.868,6.1,6.2,4.5,87.2025,88.3773,11.8492,490.8971804005785,0.0057735564187169075,0.005678445100784302,0.005608445033431053,0.005452445242553949,0.005418223328888416,0.005490223411470652,0.005450223106890917,0.005473333410918713,0.005418223328888416,0.005283111706376076,0.005172668024897575,0.0052491119131445885,0.0053262230940163136,0.005113556515425444,0.004965556785464287,0.005150222685188055,0.005246445070952177,0.005127778742462397,0.004936446435749531,0.004934223368763924,0.005173334851861,0.005207112058997154,0.004992667119950056,0.004804667551070452,0.004759112372994423,0.004715778399258852,0.0046773343347013,0.004660667385905981,0.0046477788127958775,0.004650667309761047,0.00462466711178422,0.004600222688168287,0.004589334595948458,0.004605333786457777,0.004689112305641174,0.004714889917522669,0.004640445113182068,0.004628222901374102,0.004640445113182068,0.004652667790651321,0.004679556470364332,0.0047422233037650585,0.004774667788296938,0.004802223294973373,0.004853112157434225,0.004907334689050913,0.004976222757250071,0.005032445769757032,0.005080889910459518,0.00510133383795619,0.005144889000803232,0.005226445849984884,0.005283111706376076,0.005337112117558718,0.005404445342719555,0.005443334113806486,0.005494000390172005,0.005550445057451725,0.005525334272533655,0.005490222945809364,0.005461111664772034,0.00541111221536994,0.00536355609074235,0.005313557107001543,0.005225112196058035,0.0050600008107721806,0.004812445491552353,0.0045653339475393295,0.004430444911122322,0.004410444758832455,0.00442022318020463,0.004421333782374859,0.0044380007311701775,0.004437112715095282,0.004405333660542965,0.004347112029790878,0.004292222671210766,0.004231777973473072,0.004162667319178581,0.004081333987414837,0.0039688898250460625,0.0038191117346286774,0.0036671115085482597,0.0035655563697218895,0.003503556363284588,0.0034666673745959997,0.003430890152230859,0.003371333936229348,0.0032897782512009144,0.0031940010376274586,0.003064223565161228,0.0028895570430904627,0.002682445337995887,0.002457556314766407,0.0022064456716179848,0.001957556465640664,0.0017537780804559588,0.001611111918464303,0.0007042226498015225,0.0006884452304802835,0.0006791117484681308,0.0006613346631638706,0.0006500006420537829,0.0006442227168008685,0.000669111788738519,0.0006700009107589722,0.000632667273748666,0.0005993342492729425,0.0005782234366051853,0.0005622233147732913,0.0005553343798965216,0.0005435566999949515,0.0005335559253580868,0.0005306671955622733,0.0005295566515997052,0.0005375568871386349,0.0005462231929413974,0.0005460008978843689,0.0005417789216153324,0.0005304461810737848,0.0005173347890377045,0.0005006682476960123,0.00048466812586411834,0.00046466788626275957,0.00045289017725735903,0.0004413338901940733,0.0004322230815887451,0.00042444549035280943,0.0004195566871203482,0.00041400062036700547,0.00041288963984698057,0.0004131119349040091,0.0004155565402470529,0.00041644522571004927,0.00041777847218327224,0.00041955584310926497,0.00041955584310926497,0.0004222227435093373,0.0004202231066301465,0.0004193339846096933,0.00041777847218327224,0.00041422288632020354,0.0004124455153942108,0.00040800083661451936,0.0004017787578050047,0.00040866766357794404,0.0004268897173460573,0.00046244554687291384,0.0004891115822829306,0.0004824453790206462,0.00044422264909371734,0.00039755634497851133,0.00037400092696771026,0.00035777935408987105,0.0003497782745398581,0.00033155662822537124,0.00031289004255086184,0.00030177790904417634,0.0002928897738456726,0.0002857781946659088,0.0002704448997974396,0.00025377876590937376,0.00023866734409239143,0.00022044446086511016,0.00020711164688691497,0.0001964449038496241,0.0001862227072706446,0.00017911155009642243,0.00016844521451275796,0.00015466743207070976,0.0001626668672543019,0.00021155634021852165
578,236311,1150,2024-06-13,29.313,29.305,-92.562,-92.562,29.309,-92.562,65.0,,,30.0,9.7,,,,,,,8.0,14.0,14.0,29.99,30.14,28.19,28.46,32.8,35.67,11.703,8.442,11.787,3.3,7.0,3.0,73.6487,83.3951,7.5071,507.45369054887976,0.005260000936686993,0.005117111839354038,0.005018445197492838,0.004844223149120808,0.004756223410367966,0.0048097786493599415,0.00475444458425045,0.004713112488389015,0.00461977906525135,0.0044611115008592606,0.00433044508099556,0.004392667207866907,0.0044362228363752365,0.004196890164166689,0.0040335566736757755,0.0041842227801680565,0.004230445250868797,0.004103111103177071,0.003910667262971401,0.0038735568523406982,0.004062889143824577,0.004074667580425739,0.0038682231679558754,0.0036908898036926985,0.003632667940109968,0.0035833343863487244,0.0035460006911307573,0.0035213339142501354,0.0034951111301779747,0.003475112607702613,0.0034326675813645124,0.003407333977520466,0.0033951119985431433,0.003400223096832633,0.0034653337206691504,0.0034740008413791656,0.0033971117809414864,0.0033788892906159163,0.0033795563504099846,0.003384222975000739,0.0033940006978809834,0.003438222222030163,0.0034695565700531006,0.003481111954897642,0.003498222678899765,0.0035251122899353504,0.00356755661778152,0.0036006676964461803,0.003624000819399953,0.003617333946749568,0.0036364453844726086,0.00369466794654727,0.003737779101356864,0.0037835566326975822,0.0038386669475585222,0.003870890475809574,0.003911556676030159,0.0039615570567548275,0.003954667132347822,0.003955557011067867,0.003968667704612017,0.00397177878767252,0.00398888997733593,0.004007333889603615,0.004013778176158667,0.003969112411141396,0.003883778117597103,0.003805556334555149,0.003786445129662752,0.003820445854216814,0.0038535562343895435,0.0038773338310420513,0.003916890360414982,0.003946001175791025,0.00395866809412837,0.003949778154492378,0.003951334860175848,0.0039508892223238945,0.003942445386201143,0.003920222632586956,0.003879778552800417,0.003814444877207279,0.0037433344405144453,0.0037075562868267298,0.0036971112713217735,0.003700445406138897,0.0037068899255245924,0.0036877787206321955,0.0036399997770786285,0.003584890393540263,0.0034986671525985003,0.0033715565223246813,0.003214223077520728,0.0030337783973664045,0.0028197781648486853,0.002592890290543437,0.0023855562321841717,0.0022013336420059204,0.0011397786438465118,0.0011173342354595661,0.0011008898727595806,0.0010793337132781744,0.0010615562787279487,0.0010502234799787402,0.0010657786624506116,0.0010606679134070873,0.001022889744490385,0.000987778534181416,0.0009646676480770111,0.0009446669719181955,0.0009360007243230939,0.0009240015642717481,0.0009073350229300559,0.0008973346557468176,0.0008882230613380671,0.0008842229144647717,0.0008868898148648441,0.0008851124439388514,0.0008784458041191101,0.0008668895461596549,0.0008500011172145605,0.0008273344137705863,0.0008082232670858502,0.0007833341951481998,0.0007700005080550909,0.0007575564086437225,0.0007468900876119733,0.0007400007452815771,0.0007357787690125406,0.0007328891661018133,0.0007353342371061444,0.0007380007300525904,0.0007475560996681452,0.0007520003709942102,0.0007608897285535932,0.0007715564570389688,0.0007791113457642496,0.0007913340232335031,0.0007955564651638269,0.0008000015513971448,0.0008011120953597128,0.0007988897268660367,0.0007984456024132669,0.0007948896382004023,0.00078577920794487,0.000789112935308367,0.000800666690338403,0.0008237787988036871,0.0008377793128602207,0.0008168895146809518,0.000764001568313688,0.0007020007469691336,0.0006611119606532156,0.0006344455177895725,0.000617112556938082,0.000593111733905971,0.0005671117105521262,0.0005448899464681745,0.0005255560972727835,0.0005093340878374875,0.00048755688476376235,0.0004668902256526053,0.000446222722530365,0.0004224450094625354,0.0004028905532322824,0.0003860009310301393,0.0003700008091982454,0.00035711211967281997,0.00033866739249788225,0.0003140009939670563,0.00029377886676229537,0.00031889023375697434
579,236312,1150,2024-06-13,29.043,29.034,-92.709,-92.681,29.0385,-92.695,12.2,,,30.0,10.4,,,,,,,14.0,24.0,24.0,29.35,27.98,27.92,36.2,36.27,36.27,3.543,3.832,4.821,6.1,6.2,6.2,90.5879,90.0455,65.8792,470.80471036562534,0.008945778012275696,0.008999334648251534,0.009068666957318783,0.009054224006831646,0.00913955643773079,0.009344889782369137,0.009412667714059353,0.009543110616505146,0.009582890197634697,0.009525110013782978,0.00952733401209116,0.009702889248728752,0.00982311274856329,0.009615113027393818,0.009516222402453423,0.009833112359046936,0.01001422293484211,0.009890001267194748,0.009709333069622517,0.009770889766514301,0.010050889104604721,0.010023113340139389,0.00972533319145441,0.009485334157943726,0.009407778270542622,0.009337112307548523,0.009261111728847027,0.009224888868629932,0.009195334278047085,0.009162000380456448,0.009094445034861565,0.009024000726640224,0.008971777744591236,0.00896688923239708,0.009021111764013767,0.008990890346467495,0.008852889761328697,0.00877311173826456,0.008716889657080173,0.008655556477606297,0.008586890064179897,0.008530001156032085,0.008457556366920471,0.008436000905930996,0.008486667647957802,0.008562889881432056,0.008654223755002022,0.008724667131900787,0.008786222897469997,0.0088037783280015,0.008812667801976204,0.00883155595511198,0.008802000433206558,0.008776890113949776,0.00877244584262371,0.008746666833758354,0.008715778589248657,0.008653778582811356,0.008482445031404495,0.008276667445898056,0.00802866742014885,0.007734222337603569,0.007432000711560249,0.007118223235011101,0.006736667826771736,0.00623377924785018,0.0055986675433814526,0.0049973344430327415,0.004633111879229546,0.0044915564358234406,0.004420001059770584,0.004357778932899237,0.004304667469114065,0.004229333717375994,0.004124445375055075,0.004003556445240974,0.0038742227479815483,0.00374577846378088,0.003617112059146166,0.0034731116611510515,0.0032975557260215282,0.0030808900482952595,0.002859334461390972,0.0026908894069492817,0.0025717781390994787,0.002490000566467643,0.0024095559492707253,0.0023175564128905535,0.002217111410573125,0.002131333341822028,0.002017556456848979,0.0018524453043937683,0.0016724454471841455,0.001493555842898786,0.0013168893055990338,0.001159334322437644,0.001072001177817583,0.0011071120388805866,0.00044444535160437226,0.00043488957453519106,0.00043088902020826936,0.0004197789530735463,0.0004088895220775157,0.0004095571639481932,0.0004531120357569307,0.00046177912736311555,0.00041755661368370056,0.000382000784156844,0.0003648892743512988,0.0003593348665162921,0.0003537788288667798,0.0003448898496571928,0.0003402229049243033,0.00035133378696627915,0.00037000037264078856,0.0003964453935623169,0.0004166675207670778,0.0004180003306828439,0.00041111267637461424,0.000398223171941936,0.0003853336675092578,0.00037000037264078856,0.00035400025080889463,0.000336667726514861,0.0003240009245928377,0.0003079999587498605,0.00029488984728232026,0.0002866681315936148,0.0002802233793772757,0.0002797788183670491,0.00027844516444019973,0.0002773342130240053,0.0002786674303933978,0.00027333406615071,0.00027222311473451555,0.0002731122076511383,0.00027177855372428894,0.000273779034614563,0.00027177855372428894,0.0002700007753446698,0.0002668901579454541,0.0002666674554347992,0.0002671120164450258,0.00026577876997180283,0.0002637786965351552,0.0002777791814878583,0.0003104454081039876,0.000362444669008255,0.00040866766357794404,0.0004088895220775157,0.00037111216806806624,0.00032844519591890275,0.000316223333356902,0.0003131123085040599,0.00030800080276094377,0.00028800053405575454,0.0002722226781770587,0.00026777840685099363,0.0002671120164450258,0.0002617786230985075,0.00024400030088145286,0.00022244619322009385,0.00020622338342946023,0.00018777821969706565,0.00017044527339749038,0.00015777845692355186,0.00014800122880842537,0.00014622385788243264,0.0001402236521244049,0.00013422261690720916,0.00016422320913989097,0.0002522232534829527
580,236313,1150,2024-06-13,28.69,28.671,-92.352,-92.369,28.6805,-92.3605,19.4,,,30.0,70.4,,,,,,,19.0,35.0,35.0,30.24,27.74,25.66,35.62,36.01,36.44,3.515,3.586,4.41,4.8,6.4,6.5,90.3967,90.6733,71.2709,467.31235575935204,0.008715112693607807,0.008812667801976204,0.008896890096366405,0.00887600053101778,0.008977778255939484,0.009193334728479385,0.009286444634199142,0.009432443417608738,0.009509778581559658,0.00948422309011221,0.009483334608376026,0.009688000194728374,0.00985044427216053,0.009670444764196873,0.009612000547349453,0.009943334385752678,0.010113334283232689,0.010005111806094646,0.009828667156398296,0.009895999915897846,0.010203778743743896,0.010177556425333023,0.009865112602710724,0.009627332910895348,0.009556667879223824,0.009477334097027779,0.009392890147864819,0.00933888927102089,0.009289777837693691,0.0092428894713521,0.009152223356068134,0.009044445119798183,0.008954889141023159,0.008925333619117737,0.008942223154008389,0.008858667686581612,0.008678000420331955,0.008550445549190044,0.008432666771113873,0.008311999961733818,0.008186668157577515,0.008050000295042992,0.007905777543783188,0.007824446074664593,0.007813111878931522,0.007833778858184814,0.007872889749705791,0.007914002053439617,0.007933778688311577,0.007906889542937279,0.007870889268815517,0.007842667400836945,0.00776577927172184,0.007687111850827932,0.007641111966222525,0.007577556651085615,0.007516889832913876,0.0074255564250051975,0.007214667741209269,0.006978445686399937,0.0067026675678789616,0.006388445384800434,0.006067778915166855,0.005750223062932491,0.005391778890043497,0.004934222437441349,0.004386001266539097,0.0038960017263889313,0.00360866729170084,0.0034882230684161186,0.003407556563615799,0.0033371117897331715,0.0032813341822475195,0.00321066752076149,0.003118223277851939,0.0030102229211479425,0.002900889841839671,0.002798444591462612,0.0027051125653088093,0.0025988896377384663,0.002468667458742857,0.0023024450056254864,0.002144222380593419,0.0020315556321293116,0.0019471119157969952,0.0018866679165512323,0.0018382229609414935,0.0017782230861485004,0.0017082227859646082,0.0016531124711036682,0.001587556442245841,0.0014817789196968079,0.0013664447469636798,0.0012577788438647985,0.0011431114980950952,0.0010324451141059399,0.0009886675979942083,0.0010424450738355517,0.0004375568823888898,0.0004251115024089813,0.0004240009584464133,0.00041822384810075164,0.00040822228766046464,0.00040844580507837236,0.0004555566410999745,0.00046377835678867996,0.00041777806472964585,0.0003851118090096861,0.00037000037264078856,0.0003562230267561972,0.0003468895156402141,0.0003406678733881563,0.00033422268461436033,0.00034711218904703856,0.0003653338353615254,0.0003915565612260252,0.0004106681444682181,0.00041222365689463913,0.00040800083661451936,0.0003951121470890939,0.0003826672036666423,0.0003706676361616701,0.00035355653380975127,0.0003342231211718172,0.0003200007777195424,0.0003066679637413472,0.00029511211323551834,0.0002893345954362303,0.0002840008237399161,0.00028133392333984375,0.00028177848435007036,0.00028066709637641907,0.00028222345281392336,0.00027777874493040144,0.0002764450910035521,0.0002766673860605806,0.0002773346204776317,0.00027644552756100893,0.0002722226781770587,0.000269112060777843,0.00026822296786122024,0.00026866834377869964,0.00026800151681527495,0.0002671124238986522,0.0002660010359250009,0.0002757782640401274,0.00031066767405718565,0.00036200095200911164,0.0004066675901412964,0.00040844580507837236,0.0003708890872076154,0.00032911243033595383,0.0003168901603203267,0.0003133341670036316,0.0003073343832511455,0.00028844550251960754,0.00027177855372428894,0.0002664455969352275,0.00026177821564488113,0.000256668368820101,0.00024155610299203545,0.00022133480524644256,0.00020800158381462097,0.00019044552755076438,0.00017422354721929878,0.0001608907332411036,0.0001535560586489737,0.00014844536781311035,0.00014222330355551094,0.0001368899247609079,0.00016955618048086762,0.0002557788393460214
581,236314,1150,2024-06-13,28.811,28.811,-92.214,-92.185,28.811,-92.1995,16.1,,,30.0,4.0,,,,,,,16.0,29.0,29.0,29.42,27.86,27.09,36.12,36.16,36.35,3.481,3.583,4.963,6.2,6.4,6.2,89.6731,90.1519,65.4312,469.0421261717816,0.01002244558185339,0.010053112171590328,0.010106667876243591,0.010103334672749043,0.010223779827356339,0.010441556572914124,0.010493556968867779,0.010621334426105022,0.010689335875213146,0.01064888946712017,0.01061977818608284,0.01077977940440178,0.010874445550143719,0.010652667842805386,0.01055866852402687,0.010841112583875656,0.010976667515933514,0.010839334689080715,0.010624890215694904,0.01064311247318983,0.010884889401495457,0.0108100026845932,0.010473779402673244,0.010196445509791374,0.01007266715168953,0.009951556101441383,0.009824000298976898,0.00973933469504118,0.009658889845013618,0.009566000662744045,0.00943844486027956,0.009306224063038826,0.00919400155544281,0.00913311168551445,0.009127777069807053,0.00903022289276123,0.00882711261510849,0.008693557232618332,0.00857444480061531,0.008439334109425545,0.00831177830696106,0.00819377787411213,0.008078000508248806,0.008010666817426682,0.007990667596459389,0.008004222996532917,0.008044223301112652,0.008067112416028976,0.0080717783421278,0.00804644450545311,0.008011333644390106,0.007981778122484684,0.007919112220406532,0.007855778560042381,0.00781978014856577,0.007761556189507246,0.007700890302658081,0.007613779045641422,0.007420445326715708,0.007213778793811798,0.006970667280256748,0.00669711222872138,0.006421111524105072,0.006134889554232359,0.005800445098429918,0.005371111445128918,0.004847556818276644,0.004362000152468681,0.004069112706929445,0.0039473338983953,0.0038666671607643366,0.0037931117694824934,0.0037371127400547266,0.0036657778546214104,0.0035622231662273407,0.0034473342821002007,0.0033364456612616777,0.0032253344543278217,0.0031193336471915245,0.0030004456639289856,0.0028577782213687897,0.0026784453075379133,0.002503111492842436,0.00237511214800179,0.002281556837260723,0.0022055571898818016,0.0021420009434223175,0.0020671123638749123,0.0019804458133876324,0.0019151116721332073,0.001836667419411242,0.0017115561058744788,0.0015746674034744501,0.001442223321646452,0.0013148904545232654,0.0011991121573373675,0.0011411122977733612,0.0011760009219869971,0.0005402229726314545,0.0005255565047264099,0.0005166675546206534,0.0005044456920586526,0.0004888896946795285,0.0004857786698266864,0.0005308898980729282,0.0005355568137019873,0.0004873342113569379,0.0004560012021102011,0.00043688961886800826,0.00042066723108291626,0.00041355646681040525,0.00040444565820507705,0.00039555670809932053,0.00040111193084158003,0.00041444558883085847,0.0004388900997582823,0.00045711215352639556,0.0004611114563886076,0.0004560016095638275,0.00044133473420515656,0.00042866708827205,0.0004131123423576355,0.0003957785665988922,0.0003757778904400766,0.0003631119034253061,0.0003531120019033551,0.0003406678733881563,0.00033711144351400435,0.00033133476972579956,0.0003266673884354532,0.00032555602956563234,0.00032555602956563234,0.0003262220125179738,0.00032177940011024475,0.00032088987063616514,0.000320445338729769,0.00032088987063616514,0.00032200085115619004,0.0003197781043127179,0.0003164447844028473,0.00031444511841982603,0.00031289045000448823,0.00031000084709376097,0.00030822266126051545,0.0003068890073336661,0.0003137787280138582,0.0003448902862146497,0.0003911115927621722,0.0004322230815887451,0.00043244578409940004,0.0003900002338923514,0.0003464449546299875,0.0003333344357088208,0.0003266673884354532,0.00032066801213659346,0.00029933371115475893,0.00028111206484027207,0.00027488998603075743,0.0002695562143344432,0.00026688972138799727,0.0002502232091501355,0.00022955694294068962,0.00021422322606667876,0.00019355573749635369,0.0001768896181602031,0.00016533417510800064,0.00015866839385125786,0.00015400060510728508,0.00014644571638200432,0.0001400009641656652,0.00016755610704421997,0.00025177872157655656
582,236315,1150,2024-06-13,28.954,28.956,-92.332,-92.304,28.955,-92.318,12.6,,,30.0,18.6,,,,,,,13.0,24.0,24.0,29.99,28.35,28.05,36.15,36.19,36.23,4.137,4.147,5.077,5.8,6.3,6.6,88.3256,89.0188,66.2556,470.4110635133767,0.009554443880915642,0.009625555947422981,0.009691555052995682,0.009645556099712849,0.009753335267305374,0.009997334331274033,0.010067111812531948,0.010178223252296448,0.010233110748231411,0.010207111947238445,0.010197777301073074,0.010369334369897842,0.010499111376702785,0.010300889611244202,0.01021800097078085,0.010527112521231174,0.010706666857004166,0.010592889040708542,0.010408889502286911,0.010458222590386868,0.010730000212788582,0.010694445110857487,0.010390888899564743,0.010143334977328777,0.010051779448986053,0.009960444644093513,0.009869112633168697,0.009819111786782742,0.009770444594323635,0.009722222574055195,0.009642000310122967,0.00955266784876585,0.009473779238760471,0.009455776773393154,0.009494666941463947,0.009434890002012253,0.00928555615246296,0.009200667031109333,0.009122001007199287,0.009034001268446445,0.008956445381045341,0.008892222307622433,0.008808889426290989,0.008770446293056011,0.008806001394987106,0.008878667838871479,0.008966665714979172,0.009039333090186119,0.009096221998333931,0.009112889878451824,0.00912866834551096,0.009150445461273193,0.00911911204457283,0.0090886689722538,0.009084444493055344,0.009054889902472496,0.009017112664878368,0.008946889080107212,0.00876488909125328,0.008553778752684593,0.008293556980788708,0.007985112257301807,0.007667334750294685,0.007322667166590691,0.0069093345664441586,0.006396222859621048,0.005758889950811863,0.005152223166078329,0.004785111639648676,0.004639111924916506,0.004564667586237192,0.004503112286329269,0.004446000792086124,0.0043642232194542885,0.004259111825376749,0.004134001210331917,0.004004890099167824,0.0038693344686180353,0.0037308898754417896,0.0035764453932642937,0.003393778810277581,0.003171333810314536,0.002948666922748089,0.002783556468784809,0.0026671120431274176,0.002579556545242667,0.002498223213478923,0.0024035561364144087,0.002295778365805745,0.0021980006713420153,0.0020820004865527153,0.001919556874781847,0.001741556217893958,0.0015720009105280042,0.001401334535330534,0.0012462229933589697,0.001153111457824707,0.0011468902230262756,0.0005057781236246228,0.0004960008664056659,0.0004926671390421689,0.0004815558495465666,0.0004657784302253276,0.00046111230039969087,0.0005000006058253348,0.0005042229895479977,0.0004611114563886076,0.0004255564708728343,0.0004077789781149477,0.0003971122205257416,0.0003897783753927797,0.00038222348666749895,0.0003731118340510875,0.0003791116178035736,0.0003880009753629565,0.0004066675901412964,0.00042066723108291626,0.00042000121902674437,0.00041711205267347395,0.00040333386277779937,0.0003917780122719705,0.00038000071072019637,0.00036377873038873076,0.00034822316956706345,0.0003366673190612346,0.00032533457851968706,0.00031600065995007753,0.00031111182761378586,0.0003057780268136412,0.0003024455509148538,0.0003028901119250804,0.00030155645799823105,0.0003035565314348787,0.0002982235746458173,0.00029622309375554323,0.000297112186672166,0.00029555667424574494,0.0002968899207189679,0.0002935570082627237,0.00029066784190945327,0.00028800094150938094,0.00028422308969311416,0.0002835566701833159,0.0002802233793772757,0.0002780006034299731,0.0002864454290829599,0.00031444511841982603,0.00036088997148908675,0.0003971122205257416,0.00039488947368226945,0.0003562234342098236,0.000312889605993405,0.00029866769909858704,0.00029466755222529173,0.000289556453935802,0.00027066716575063765,0.0002533338265493512,0.00024377844238188118,0.00023666686320211738,0.00023222342133522034,0.0002171124069718644,0.00019911180424969643,0.00018733408069238067,0.00017022258543875068,0.0001568897714605555,0.00014800082135479897,0.0001402232446707785,0.0001366668293485418,0.00012977876758668572,0.00012111166870454326,0.0001464448869228363,0.0002200011513195932
583,236316,1150,2024-06-14,29.03,29.022,-92.067,-92.04,29.026,-92.0535,95.0,,,30.0,13.7,,,,,,,10.0,18.0,18.0,30.7,28.74,28.41,34.47,36.29,36.28,7.032,5.477,7.544,6.2,6.1,5.8,84.5155,87.6309,49.0603,,,,,,,,,,,,,,,,,,,,,,,,,,,,,,,,,,,,,,,,,,,,,,,,,,,,,,,,,,,,,,,,,,,,,,,,,,,,,,,,,,,,,,,,,,,,,,,,,,,,,,,,,,,,,,,,,,,,,,,,,,,,,,,,,,,,,,,,,,,,,,,,,,,,,,,,,,,,,,,,,,,,,,,,,,,,,
584,236317,1150,2024-06-14,29.154,29.13,-92.017,-92.012,29.142,-92.0145,4.6,,,30.0,38.5,,,,,,,5.0,8.0,8.0,31.52,30.67,29.11,28.4,31.04,33.71,10.578,9.169,12.439,6.6,6.7,5.3,71.6139,75.3869,45.8102,,,,,,,,,,,,,,,,,,,,,,,,,,,,,,,,,,,,,,,,,,,,,,,,,,,,,,,,,,,,,,,,,,,,,,,,,,,,,,,,,,,,,,,,,,,,,,,,,,,,,,,,,,,,,,,,,,,,,,,,,,,,,,,,,,,,,,,,,,,,,,,,,,,,,,,,,,,,,,,,,,,,,,,,,,,,,
585,236318,1150,2024-06-14,29.119,29.103,-91.978,-91.956,29.111,-91.967,55.0,,,30.0,25.7,,,,,,,7.0,11.0,11.0,30.75,30.31,28.58,26.37,32.54,35.18,11.369,7.337,10.668,5.1,6.4,3.2,63.618,80.4697,20.9538,,,,,,,,,,,,,,,,,,,,,,,,,,,,,,,,,,,,,,,,,,,,,,,,,,,,,,,,,,,,,,,,,,,,,,,,,,,,,,,,,,,,,,,,,,,,,,,,,,,,,,,,,,,,,,,,,,,,,,,,,,,,,,,,,,,,,,,,,,,,,,,,,,,,,,,,,,,,,,,,,,,,,,,,,,,,,
586,236319,1150,2024-06-14,28.849,28.832,-91.884,-91.865,28.8405,-91.8745,12.6,,,30.0,33.7,,,,,,,14.0,25.0,25.0,29.47,28.32,28.07,36.23,36.24,36.22,3.556,3.772,6.499,6.0,6.5,6.4,88.032,85.9829,32.8305,,,,,,,,,,,,,,,,,,,,,,,,,,,,,,,,,,,,,,,,,,,,,,,,,,,,,,,,,,,,,,,,,,,,,,,,,,,,,,,,,,,,,,,,,,,,,,,,,,,,,,,,,,,,,,,,,,,,,,,,,,,,,,,,,,,,,,,,,,,,,,,,,,,,,,,,,,,,,,,,,,,,,,,,,,,,,
587,236320,1150,2024-06-14,28.635,28.625,-91.743,-91.717,28.63,-91.73,18.6,,,30.0,24.8,,,,,,,19.0,36.0,36.0,29.53,27.93,24.41,35.87,35.89,36.54,3.861,3.985,6.242,6.2,6.4,6.9,89.642,89.9036,45.9796,,,,,,,,,,,,,,,,,,,,,,,,,,,,,,,,,,,,,,,,,,,,,,,,,,,,,,,,,,,,,,,,,,,,,,,,,,,,,,,,,,,,,,,,,,,,,,,,,,,,,,,,,,,,,,,,,,,,,,,,,,,,,,,,,,,,,,,,,,,,,,,,,,,,,,,,,,,,,,,,,,,,,,,,,,,,,
588,236321,1150,2024-06-14,28.727,28.71,-91.687,-91.687,28.7185,-91.687,15.5,,,30.0,28.5,,,,,,,16.0,28.0,28.0,29.52,28.05,27.18,35.77,36.12,36.39,3.371,3.396,6.487,6.2,6.4,6.6,87.9759,88.6524,30.7642,,,,,,,,,,,,,,,,,,,,,,,,,,,,,,,,,,,,,,,,,,,,,,,,,,,,,,,,,,,,,,,,,,,,,,,,,,,,,,,,,,,,,,,,,,,,,,,,,,,,,,,,,,,,,,,,,,,,,,,,,,,,,,,,,,,,,,,,,,,,,,,,,,,,,,,,,,,,,,,,,,,,,,,,,,,,,
589,236322,1150,2024-06-14,28.774,28.77,-91.246,-91.218,28.772,-91.232,72.0,,,30.0,20.0,,,,,,,8.0,13.0,13.0,30.35,29.13,28.45,28.55,34.48,35.81,12.037,7.099,11.632,7.2,5.9,4.1,71.7192,81.544,5.6619,,,,,,,,,,,,,,,,,,,,,,,,,,,,,,,,,,,,,,,,,,,,,,,,,,,,,,,,,,,,,,,,,,,,,,,,,,,,,,,,,,,,,,,,,,,,,,,,,,,,,,,,,,,,,,,,,,,,,,,,,,,,,,,,,,,,,,,,,,,,,,,,,,,,,,,,,,,,,,,,,,,,,,,,,,,,,
590,236323,1150,2024-06-14,28.669,28.653,-91.198,-91.176,28.661,-91.187,10.2,,,30.0,32.3,,,,,,,11.0,18.0,18.0,30.7,28.65,28.16,32.94,36.11,36.18,5.547,4.828,7.123,5.8,6.0,4.3,78.5948,86.1352,29.5028,,,,,,,,,,,,,,,,,,,,,,,,,,,,,,,,,,,,,,,,,,,,,,,,,,,,,,,,,,,,,,,,,,,,,,,,,,,,,,,,,,,,,,,,,,,,,,,,,,,,,,,,,,,,,,,,,,,,,,,,,,,,,,,,,,,,,,,,,,,,,,,,,,,,,,,,,,,,,,,,,,,,,,,,,,,,,
591,236324,1150,2024-06-14,28.897,28.901,-90.681,-90.653,28.899,-90.667,56.0,,,30.0,0.7,,,,,,,6.0,9.0,9.0,31.21,29.67,27.76,22.02,27.93,32.09,18.683,15.016,12.228,8.8,6.9,0.9,24.728,63.2462,62.568,,,,,,,,,,,,,,,,,,,,,,,,,,,,,,,,,,,,,,,,,,,,,,,,,,,,,,,,,,,,,,,,,,,,,,,,,,,,,,,,,,,,,,,,,,,,,,,,,,,,,,,,,,,,,,,,,,,,,,,,,,,,,,,,,,,,,,,,,,,,,,,,,,,,,,,,,,,,,,,,,,,,,,,,,,,,,
592,236325,1150,2024-06-14,28.882,28.872,-90.535,-90.509,28.877,-90.522,91.0,,,30.0,0.2,,,,,,,9.0,15.0,15.0,31.18,27.55,25.41,26.72,34.58,35.81,12.675,8.132,9.457,7.8,3.8,0.2,43.5251,83.6422,65.8241,,,,,,,,,,,,,,,,,,,,,,,,,,,,,,,,,,,,,,,,,,,,,,,,,,,,,,,,,,,,,,,,,,,,,,,,,,,,,,,,,,,,,,,,,,,,,,,,,,,,,,,,,,,,,,,,,,,,,,,,,,,,,,,,,,,,,,,,,,,,,,,,,,,,,,,,,,,,,,,,,,,,,,,,,,,,,
593,236326,1150,2024-06-11,28.513,28.494,-90.154,-90.136,28.5035,-90.145,31.0,,,30.0,,,,,,,,29.0,55.0,55.0,28.86,25.62,22.29,34.78,36.47,36.5,3.277,2.247,7.253,6.5,6.9,4.2,79.9584,86.4101,9.1834,,,,,,,,,,,,,,,,,,,,,,,,,,,,,,,,,,,,,,,,,,,,,,,,,,,,,,,,,,,,,,,,,,,,,,,,,,,,,,,,,,,,,,,,,,,,,,,,,,,,,,,,,,,,,,,,,,,,,,,,,,,,,,,,,,,,,,,,,,,,,,,,,,,,,,,,,,,,,,,,,,,,,,,,,,,,,
594,236327,1150,2024-06-12,28.534,28.541,-91.694,-91.722,28.5375,-91.708,23.6,,,30.0,,,,,,,,23.0,43.0,43.0,29.8,27.84,23.06,35.76,36.16,36.72,4.243,4.423,5.362,4.5,4.6,5.9,88.5203,88.8865,72.4507,,,,,,,,,,,,,,,,,,,,,,,,,,,,,,,,,,,,,,,,,,,,,,,,,,,,,,,,,,,,,,,,,,,,,,,,,,,,,,,,,,,,,,,,,,,,,,,,,,,,,,,,,,,,,,,,,,,,,,,,,,,,,,,,,,,,,,,,,,,,,,,,,,,,,,,,,,,,,,,,,,,,,,,,,,,,,
